date,store_id,city,sku_id,product_name,actual_demand,predicted_demand,opening_inventory,received_qty,units_sold,lost_sales,ending_inventory,safety_stock,reorder_point,inventory_position,order_qty,revenue,stockout_flag
2026-05-02,ST001,Chennai,SKU001,Shampoo 340ml,23,28.42,53,0,23,0,30,16.62,101.89,30,129,7567.0,False
2026-05-02,ST001,Chennai,SKU002,Bath Soap 100g,47,49.1,74,0,47,0,27,23.91,171.21,27,243,2585.0,False
2026-05-02,ST001,Chennai,SKU003,Laundry Detergent 1kg,34,38.02,89,0,34,0,55,20.67,134.72,55,156,7480.0,False
2026-05-02,ST001,Chennai,SKU004,Dishwash Liquid 500ml,34,36.07,49,0,34,0,15,18.38,126.58,15,184,4250.0,False
2026-05-02,ST001,Chennai,SKU005,Instant Coffee 100g,32,23.84,42,0,32,0,10,15.03,86.54,10,125,5920.0,False
2026-05-02,ST002,Bengaluru,SKU001,Shampoo 340ml,28,30.0,37,0,28,0,9,16.1,106.09,9,158,9212.0,False
2026-05-02,ST002,Bengaluru,SKU002,Bath Soap 100g,47,49.53,81,0,47,0,34,17.99,166.57,34,232,2585.0,False
2026-05-02,ST002,Bengaluru,SKU003,Laundry Detergent 1kg,43,34.85,69,0,43,0,26,15.44,120.0,26,164,9460.0,False
2026-05-02,ST002,Bengaluru,SKU004,Dishwash Liquid 500ml,33,35.97,76,0,33,0,43,19.69,127.61,43,157,4125.0,False
2026-05-02,ST002,Bengaluru,SKU005,Instant Coffee 100g,28,24.46,33,0,28,0,5,16.96,90.34,5,135,5180.0,False
2026-05-02,ST003,Mumbai,SKU001,Shampoo 340ml,38,29.35,63,0,38,0,25,18.74,106.79,25,141,12502.0,False
2026-05-02,ST003,Mumbai,SKU002,Bath Soap 100g,37,49.87,79,0,37,0,42,17.84,167.44,42,226,2035.0,False
2026-05-02,ST003,Mumbai,SKU003,Laundry Detergent 1kg,52,50.79,80,0,52,0,28,21.53,173.9,28,248,9152.0,False
2026-05-02,ST003,Mumbai,SKU004,Dishwash Liquid 500ml,35,36.05,64,0,35,0,29,13.4,121.54,29,165,4375.0,False
2026-05-02,ST003,Mumbai,SKU005,Instant Coffee 100g,33,29.25,43,0,33,0,10,20.29,108.04,10,157,6105.0,False
2026-05-02,ST004,Delhi,SKU001,Shampoo 340ml,21,23.77,51,0,21,0,30,15.8,87.1,30,105,6909.0,False
2026-05-02,ST004,Delhi,SKU002,Bath Soap 100g,46,42.56,59,0,46,0,13,19.19,146.88,13,220,2530.0,False
2026-05-02,ST004,Delhi,SKU003,Laundry Detergent 1kg,35,36.3,46,0,35,0,11,15.5,124.42,11,187,7700.0,False
2026-05-02,ST004,Delhi,SKU004,Dishwash Liquid 500ml,26,30.09,53,0,26,0,27,13.23,103.51,27,137,3250.0,False
2026-05-02,ST004,Delhi,SKU005,Instant Coffee 100g,21,21.98,17,0,17,4,0,12.36,78.31,0,123,3145.0,True
2026-05-02,ST005,Hyderabad,SKU001,Shampoo 340ml,21,23.39,44,0,21,0,23,13.25,83.42,23,108,6909.0,False
2026-05-02,ST005,Hyderabad,SKU002,Bath Soap 100g,40,40.3,61,0,40,0,21,16.45,137.35,21,197,2200.0,False
2026-05-02,ST005,Hyderabad,SKU003,Laundry Detergent 1kg,38,33.47,60,0,38,0,22,23.12,123.52,22,169,8360.0,False
2026-05-02,ST005,Hyderabad,SKU004,Dishwash Liquid 500ml,38,28.45,52,0,38,0,14,16.15,101.49,14,145,4750.0,False
2026-05-02,ST005,Hyderabad,SKU005,Instant Coffee 100g,25,21.52,43,0,25,0,18,14.83,79.39,18,105,4625.0,False
2026-05-03,ST001,Chennai,SKU001,Shampoo 340ml,37,34.0,30,0,30,7,0,16.17,118.16,129,0,8389.5,True
2026-05-03,ST001,Chennai,SKU002,Bath Soap 100g,44,45.09,27,0,27,17,0,23.95,159.23,243,0,1485.0,True
2026-05-03,ST001,Chennai,SKU003,Laundry Detergent 1kg,27,38.55,55,0,27,0,28,19.96,135.6,184,0,5940.0,False
2026-05-03,ST001,Chennai,SKU004,Dishwash Liquid 500ml,39,33.1,15,0,15,24,0,16.85,116.14,184,0,1875.0,True
2026-05-03,ST001,Chennai,SKU005,Instant Coffee 100g,21,23.17,10,0,10,11,0,15.74,85.26,125,0,1850.0,True
2026-05-03,ST002,Bengaluru,SKU001,Shampoo 340ml,28,30.1,9,0,9,19,0,16.08,106.37,158,0,2961.0,True
2026-05-03,ST002,Bengaluru,SKU002,Bath Soap 100g,58,48.39,34,0,34,24,0,17.98,163.14,232,0,1870.0,True
2026-05-03,ST002,Bengaluru,SKU003,Laundry Detergent 1kg,29,37.28,26,0,26,3,0,16.06,127.9,164,0,5720.0,True
2026-05-03,ST002,Bengaluru,SKU004,Dishwash Liquid 500ml,38,35.42,43,0,38,0,5,19.36,125.62,162,0,4750.0,False
2026-05-03,ST002,Bengaluru,SKU005,Instant Coffee 100g,25,25.64,5,0,5,20,0,16.58,93.5,135,0,925.0,True
2026-05-03,ST003,Mumbai,SKU001,Shampoo 340ml,41,30.52,25,0,25,16,0,18.35,109.92,141,0,8225.0,True
2026-05-03,ST003,Mumbai,SKU002,Bath Soap 100g,46,50.95,42,0,42,4,0,18.51,171.36,226,0,2310.0,True
2026-05-03,ST003,Mumbai,SKU003,Laundry Detergent 1kg,44,41.9,28,0,28,16,0,22.73,148.42,248,0,6160.0,True
2026-05-03,ST003,Mumbai,SKU004,Dishwash Liquid 500ml,35,34.91,29,0,29,6,0,13.45,118.18,165,0,3625.0,True
2026-05-03,ST003,Mumbai,SKU005,Instant Coffee 100g,27,28.4,10,0,10,17,0,20.62,105.83,157,0,1850.0,True
2026-05-03,ST004,Delhi,SKU001,Shampoo 340ml,25,24.84,30,0,25,0,5,15.7,90.22,110,0,8225.0,False
2026-05-03,ST004,Delhi,SKU002,Bath Soap 100g,40,46.08,13,0,13,27,0,19.51,157.75,220,0,715.0,True
2026-05-03,ST004,Delhi,SKU003,Laundry Detergent 1kg,29,35.45,11,0,11,18,0,15.29,121.65,187,0,2420.0,True
2026-05-03,ST004,Delhi,SKU004,Dishwash Liquid 500ml,26,29.83,27,0,26,0,1,13.18,102.67,138,0,3250.0,False
2026-05-03,ST004,Delhi,SKU005,Instant Coffee 100g,23,21.87,0,0,0,23,0,12.25,77.86,123,0,0.0,True
2026-05-03,ST005,Hyderabad,SKU001,Shampoo 340ml,26,23.3,23,0,23,3,0,13.15,83.05,108,0,7567.0,True
2026-05-03,ST005,Hyderabad,SKU002,Bath Soap 100g,42,41.72,21,0,21,21,0,15.73,140.9,197,0,1155.0,True
2026-05-03,ST005,Hyderabad,SKU003,Laundry Detergent 1kg,23,36.31,22,0,22,1,0,23.2,132.12,169,0,4840.0,True
2026-05-03,ST005,Hyderabad,SKU004,Dishwash Liquid 500ml,23,29.44,14,0,14,9,0,17.12,105.45,145,0,1750.0,True
2026-05-03,ST005,Hyderabad,SKU005,Instant Coffee 100g,19,20.41,18,0,18,1,0,14.83,76.06,105,0,3330.0,True
2026-05-04,ST001,Chennai,SKU001,Shampoo 340ml,28,23.59,0,0,0,28,0,16.92,87.7,129,0,0.0,True
2026-05-04,ST001,Chennai,SKU002,Bath Soap 100g,32,42.92,0,0,0,32,0,23.37,152.13,243,0,0.0,True
2026-05-04,ST001,Chennai,SKU003,Laundry Detergent 1kg,40,30.87,28,0,28,12,0,20.41,113.02,156,0,6160.0,True
2026-05-04,ST001,Chennai,SKU004,Dishwash Liquid 500ml,27,29.9,0,0,0,27,0,16.13,105.84,184,0,0.0,True
2026-05-04,ST001,Chennai,SKU005,Instant Coffee 100g,19,21.39,0,0,0,19,0,15.77,79.93,125,0,0.0,True
2026-05-04,ST002,Bengaluru,SKU001,Shampoo 340ml,34,28.66,0,0,0,34,0,15.89,101.87,158,0,0.0,True
2026-05-04,ST002,Bengaluru,SKU002,Bath Soap 100g,47,46.26,0,0,0,47,0,18.59,157.37,232,0,0.0,True
2026-05-04,ST002,Bengaluru,SKU003,Laundry Detergent 1kg,28,33.37,0,0,0,28,0,16.29,116.39,164,0,0.0,True
2026-05-04,ST002,Bengaluru,SKU004,Dishwash Liquid 500ml,29,30.49,5,0,5,24,0,19.69,111.18,157,0,625.0,True
2026-05-04,ST002,Bengaluru,SKU005,Instant Coffee 100g,34,26.51,0,0,0,34,0,16.47,96.0,135,0,0.0,True
2026-05-04,ST003,Mumbai,SKU001,Shampoo 340ml,26,26.0,0,0,0,26,0,19.61,97.61,141,0,0.0,True
2026-05-04,ST003,Mumbai,SKU002,Bath Soap 100g,45,44.5,0,0,0,45,0,17.69,151.19,226,0,0.0,True
2026-05-04,ST003,Mumbai,SKU003,Laundry Detergent 1kg,29,37.79,0,0,0,29,0,22.93,136.3,248,0,0.0,True
2026-05-04,ST003,Mumbai,SKU004,Dishwash Liquid 500ml,33,32.54,0,0,0,33,0,13.53,111.14,165,0,0.0,True
2026-05-04,ST003,Mumbai,SKU005,Instant Coffee 100g,27,23.62,0,0,0,27,0,20.44,91.3,157,0,0.0,True
2026-05-04,ST004,Delhi,SKU001,Shampoo 340ml,40,30.33,5,0,5,35,0,15.74,106.73,105,63,1316.0,True
2026-05-04,ST004,Delhi,SKU002,Bath Soap 100g,44,39.1,0,0,0,44,0,19.49,136.8,220,0,0.0,True
2026-05-04,ST004,Delhi,SKU003,Laundry Detergent 1kg,34,30.29,0,0,0,34,0,13.77,104.64,187,0,0.0,True
2026-05-04,ST004,Delhi,SKU004,Dishwash Liquid 500ml,30,25.96,1,0,1,29,0,13.16,91.04,137,0,125.0,True
2026-05-04,ST004,Delhi,SKU005,Instant Coffee 100g,19,19.72,0,0,0,19,0,12.18,71.35,123,0,0.0,True
2026-05-04,ST005,Hyderabad,SKU001,Shampoo 340ml,15,22.35,0,0,0,15,0,13.23,80.27,108,0,0.0,True
2026-05-04,ST005,Hyderabad,SKU002,Bath Soap 100g,33,36.67,0,0,0,33,0,15.58,125.6,197,0,0.0,True
2026-05-04,ST005,Hyderabad,SKU003,Laundry Detergent 1kg,45,32.85,0,0,0,45,0,22.99,121.54,169,0,0.0,True
2026-05-04,ST005,Hyderabad,SKU004,Dishwash Liquid 500ml,21,25.98,0,0,0,21,0,15.56,93.5,145,0,0.0,True
2026-05-04,ST005,Hyderabad,SKU005,Instant Coffee 100g,17,19.0,0,0,0,17,0,14.81,71.82,105,0,0.0,True
2026-05-05,ST001,Chennai,SKU001,Shampoo 340ml,28,23.7,129,129,28,0,101,16.57,87.67,101,0,9212.0,False
2026-05-05,ST001,Chennai,SKU002,Bath Soap 100g,50,40.94,243,243,50,0,193,23.01,145.84,193,0,2750.0,False
2026-05-05,ST001,Chennai,SKU003,Laundry Detergent 1kg,33,33.63,156,156,33,0,123,20.6,121.49,123,0,7260.0,False
2026-05-05,ST001,Chennai,SKU004,Dishwash Liquid 500ml,20,35.95,184,184,20,0,164,15.94,123.79,164,0,2250.0,False
2026-05-05,ST001,Chennai,SKU005,Instant Coffee 100g,22,21.17,125,125,22,0,103,15.84,79.34,103,0,4070.0,False
2026-05-05,ST002,Bengaluru,SKU001,Shampoo 340ml,24,25.41,158,158,24,0,134,16.01,92.24,134,0,7896.0,False
2026-05-05,ST002,Bengaluru,SKU002,Bath Soap 100g,48,42.84,232,232,48,0,184,18.28,146.81,184,0,2640.0,False
2026-05-05,ST002,Bengaluru,SKU003,Laundry Detergent 1kg,57,37.15,164,164,57,0,107,16.43,127.88,107,96,10032.0,False
2026-05-05,ST002,Bengaluru,SKU004,Dishwash Liquid 500ml,30,31.23,157,157,30,0,127,19.61,113.31,127,0,3750.0,False
2026-05-05,ST002,Bengaluru,SKU005,Instant Coffee 100g,19,22.43,135,135,19,0,116,17.17,84.46,116,0,3515.0,False
2026-05-05,ST003,Mumbai,SKU001,Shampoo 340ml,30,27.01,141,141,30,0,111,19.61,100.63,111,0,9870.0,False
2026-05-05,ST003,Mumbai,SKU002,Bath Soap 100g,47,45.62,226,226,47,0,179,17.73,154.6,179,0,2585.0,False
2026-05-05,ST003,Mumbai,SKU003,Laundry Detergent 1kg,36,37.99,248,248,36,0,212,23.49,137.45,212,0,7920.0,False
2026-05-05,ST003,Mumbai,SKU004,Dishwash Liquid 500ml,28,31.31,165,165,28,0,137,13.38,107.29,137,0,3500.0,False
2026-05-05,ST003,Mumbai,SKU005,Instant Coffee 100g,23,23.23,157,157,23,0,134,19.07,88.77,134,0,4042.25,False
2026-05-05,ST004,Delhi,SKU001,Shampoo 340ml,17,22.97,105,105,17,0,88,18.15,87.06,151,0,5593.0,False
2026-05-05,ST004,Delhi,SKU002,Bath Soap 100g,42,40.83,220,220,42,0,178,19.35,141.84,178,0,2310.0,False
2026-05-05,ST004,Delhi,SKU003,Laundry Detergent 1kg,29,31.52,187,187,29,0,158,12.9,107.46,158,0,6380.0,False
2026-05-05,ST004,Delhi,SKU004,Dishwash Liquid 500ml,37,26.38,137,137,37,0,100,12.91,92.04,100,0,4625.0,False
2026-05-05,ST004,Delhi,SKU005,Instant Coffee 100g,15,19.87,123,123,15,0,108,12.0,71.61,108,0,2775.0,False
2026-05-05,ST005,Hyderabad,SKU001,Shampoo 340ml,19,22.28,108,108,19,0,89,12.67,79.51,89,0,6251.0,False
2026-05-05,ST005,Hyderabad,SKU002,Bath Soap 100g,16,36.98,197,197,16,0,181,14.94,125.87,181,0,880.0,False
2026-05-05,ST005,Hyderabad,SKU003,Laundry Detergent 1kg,29,28.63,169,169,29,0,140,23.65,109.55,140,0,6380.0,False
2026-05-05,ST005,Hyderabad,SKU004,Dishwash Liquid 500ml,32,26.49,145,145,32,0,113,15.56,95.03,113,0,4000.0,False
2026-05-05,ST005,Hyderabad,SKU005,Instant Coffee 100g,17,18.21,105,105,17,0,88,14.83,69.46,88,0,3145.0,False
2026-05-06,ST001,Chennai,SKU001,Shampoo 340ml,27,24.66,101,0,27,0,74,16.47,90.46,74,66,8883.0,False
2026-05-06,ST001,Chennai,SKU002,Bath Soap 100g,34,43.78,193,0,34,0,159,23.12,154.44,159,0,1870.0,False
2026-05-06,ST001,Chennai,SKU003,Laundry Detergent 1kg,21,34.52,123,0,21,0,102,20.63,124.2,102,92,4620.0,False
2026-05-06,ST001,Chennai,SKU004,Dishwash Liquid 500ml,38,28.4,164,0,38,0,126,17.01,102.21,126,0,4750.0,False
2026-05-06,ST001,Chennai,SKU005,Instant Coffee 100g,23,21.07,103,0,23,0,80,15.81,79.0,80,0,4255.0,False
2026-05-06,ST002,Bengaluru,SKU001,Shampoo 340ml,27,25.83,134,0,27,0,107,15.72,93.21,107,0,8883.0,False
2026-05-06,ST002,Bengaluru,SKU002,Bath Soap 100g,42,43.94,184,0,42,0,142,18.26,150.08,142,96,2310.0,False
2026-05-06,ST002,Bengaluru,SKU003,Laundry Detergent 1kg,46,34.46,107,0,46,0,61,20.19,123.57,157,0,10120.0,False
2026-05-06,ST002,Bengaluru,SKU004,Dishwash Liquid 500ml,25,30.86,127,0,25,0,102,19.22,111.8,102,72,3125.0,False
2026-05-06,ST002,Bengaluru,SKU005,Instant Coffee 100g,31,22.81,116,0,31,0,85,17.06,85.49,85,47,5735.0,False
2026-05-06,ST003,Mumbai,SKU001,Shampoo 340ml,25,26.71,111,0,25,0,86,19.52,99.65,86,68,8225.0,False
2026-05-06,ST003,Mumbai,SKU002,Bath Soap 100g,45,45.64,179,0,45,0,134,17.4,154.32,134,112,2475.0,False
2026-05-06,ST003,Mumbai,SKU003,Laundry Detergent 1kg,34,36.8,212,0,34,0,178,23.35,133.74,178,0,7480.0,False
2026-05-06,ST003,Mumbai,SKU004,Dishwash Liquid 500ml,28,32.05,137,0,28,0,109,13.55,109.7,109,65,3500.0,False
2026-05-06,ST003,Mumbai,SKU005,Instant Coffee 100g,37,29.1,134,0,37,0,97,19.15,106.44,97,68,5476.0,False
2026-05-06,ST004,Delhi,SKU001,Shampoo 340ml,16,23.48,88,0,16,0,72,18.25,88.68,135,0,5264.0,False
2026-05-06,ST004,Delhi,SKU002,Bath Soap 100g,42,38.69,178,0,42,0,136,17.69,133.77,136,0,2310.0,False
2026-05-06,ST004,Delhi,SKU003,Laundry Detergent 1kg,21,31.6,158,0,21,0,137,13.15,107.96,137,0,4620.0,False
2026-05-06,ST004,Delhi,SKU004,Dishwash Liquid 500ml,21,25.16,100,0,21,0,79,13.36,88.85,79,61,2625.0,False
2026-05-06,ST004,Delhi,SKU005,Instant Coffee 100g,19,20.91,108,0,19,0,89,12.23,74.96,89,0,3515.0,False
2026-05-06,ST005,Hyderabad,SKU001,Shampoo 340ml,21,20.16,89,0,21,0,68,12.43,72.92,68,46,6909.0,False
2026-05-06,ST005,Hyderabad,SKU002,Bath Soap 100g,35,38.42,181,0,35,0,146,19.44,134.69,146,0,1732.5,False
2026-05-06,ST005,Hyderabad,SKU003,Laundry Detergent 1kg,27,29.08,140,0,27,0,113,23.64,110.89,113,0,5940.0,False
2026-05-06,ST005,Hyderabad,SKU004,Dishwash Liquid 500ml,24,25.27,113,0,24,0,89,15.11,90.92,89,53,3000.0,False
2026-05-06,ST005,Hyderabad,SKU005,Instant Coffee 100g,15,19.88,88,0,15,0,73,14.54,74.18,73,41,2775.0,False
2026-05-07,ST001,Chennai,SKU001,Shampoo 340ml,22,24.56,74,0,22,0,52,16.08,89.76,118,0,7238.0,False
2026-05-07,ST001,Chennai,SKU002,Bath Soap 100g,47,41.51,159,0,47,0,112,23.87,148.41,112,120,2585.0,False
2026-05-07,ST001,Chennai,SKU003,Laundry Detergent 1kg,36,35.61,102,0,36,0,66,21.89,128.72,158,0,7920.0,False
2026-05-07,ST001,Chennai,SKU004,Dishwash Liquid 500ml,34,29.75,126,0,34,0,92,17.4,106.65,92,75,4250.0,False
2026-05-07,ST001,Chennai,SKU005,Instant Coffee 100g,22,21.05,80,0,22,0,58,15.76,78.9,58,63,4070.0,False
2026-05-07,ST002,Bengaluru,SKU001,Shampoo 340ml,27,26.08,107,0,27,0,80,15.52,93.76,80,66,8883.0,False
2026-05-07,ST002,Bengaluru,SKU002,Bath Soap 100g,41,43.02,142,0,41,0,101,18.43,147.5,197,0,2255.0,False
2026-05-07,ST002,Bengaluru,SKU003,Laundry Detergent 1kg,39,36.78,61,0,39,0,22,21.02,131.37,118,87,8580.0,False
2026-05-07,ST002,Bengaluru,SKU004,Dishwash Liquid 500ml,30,29.73,102,0,30,0,72,19.33,108.53,144,0,3750.0,False
2026-05-07,ST002,Bengaluru,SKU005,Instant Coffee 100g,28,21.58,85,0,28,0,57,17.12,81.85,104,0,5180.0,False
2026-05-07,ST003,Mumbai,SKU001,Shampoo 340ml,29,27.41,86,0,29,0,57,19.54,101.78,125,0,9541.0,False
2026-05-07,ST003,Mumbai,SKU002,Bath Soap 100g,38,45.43,134,0,38,0,96,17.14,153.44,208,0,2090.0,False
2026-05-07,ST003,Mumbai,SKU003,Laundry Detergent 1kg,28,37.28,178,0,28,0,150,22.66,134.51,150,0,6160.0,False
2026-05-07,ST003,Mumbai,SKU004,Dishwash Liquid 500ml,30,32.5,109,0,30,0,79,13.66,111.18,144,0,3750.0,False
2026-05-07,ST003,Mumbai,SKU005,Instant Coffee 100g,29,24.3,97,0,29,0,68,19.9,92.81,136,0,5365.0,False
2026-05-07,ST004,Delhi,SKU001,Shampoo 340ml,23,24.91,135,63,23,0,112,18.7,93.42,112,0,7188.65,False
2026-05-07,ST004,Delhi,SKU002,Bath Soap 100g,49,37.74,136,0,49,0,87,17.51,130.72,87,120,2695.0,False
2026-05-07,ST004,Delhi,SKU003,Laundry Detergent 1kg,41,30.12,137,0,41,0,96,14.82,105.18,96,70,9020.0,False
2026-05-07,ST004,Delhi,SKU004,Dishwash Liquid 500ml,31,25.29,79,0,31,0,48,13.86,89.72,109,0,3875.0,False
2026-05-07,ST004,Delhi,SKU005,Instant Coffee 100g,23,19.83,89,0,23,0,66,12.1,71.59,66,46,4255.0,False
2026-05-07,ST005,Hyderabad,SKU001,Shampoo 340ml,28,20.97,68,0,28,0,40,12.43,75.34,86,0,9212.0,False
2026-05-07,ST005,Hyderabad,SKU002,Bath Soap 100g,47,35.09,146,0,47,0,99,19.48,124.76,99,96,2585.0,False
2026-05-07,ST005,Hyderabad,SKU003,Laundry Detergent 1kg,31,30.21,113,0,31,0,82,23.72,114.37,82,93,6820.0,False
2026-05-07,ST005,Hyderabad,SKU004,Dishwash Liquid 500ml,27,26.38,89,0,27,0,62,15.17,94.3,115,0,3375.0,False
2026-05-07,ST005,Hyderabad,SKU005,Instant Coffee 100g,11,19.72,73,0,11,0,62,14.66,73.84,103,0,2035.0,False
2026-05-08,ST001,Chennai,SKU001,Shampoo 340ml,28,24.29,52,0,28,0,24,16.14,89.0,90,0,9212.0,False
2026-05-08,ST001,Chennai,SKU002,Bath Soap 100g,39,42.14,112,0,39,0,73,22.81,149.23,193,0,2145.0,False
2026-05-08,ST001,Chennai,SKU003,Laundry Detergent 1kg,32,34.3,66,0,32,0,34,21.82,124.72,126,0,7040.0,False
2026-05-08,ST001,Chennai,SKU004,Dishwash Liquid 500ml,42,29.75,92,0,42,0,50,17.38,106.63,125,0,5250.0,False
2026-05-08,ST001,Chennai,SKU005,Instant Coffee 100g,27,29.05,58,0,27,0,31,15.76,102.93,94,68,3996.0,False
2026-05-08,ST002,Bengaluru,SKU001,Shampoo 340ml,18,25.32,80,0,18,0,62,14.09,90.05,128,0,5922.0,False
2026-05-08,ST002,Bengaluru,SKU002,Bath Soap 100g,46,42.9,101,0,46,0,55,18.49,147.21,151,0,2530.0,False
2026-05-08,ST002,Bengaluru,SKU003,Laundry Detergent 1kg,30,36.11,118,96,30,0,88,21.11,129.44,175,0,6600.0,False
2026-05-08,ST002,Bengaluru,SKU004,Dishwash Liquid 500ml,38,36.66,72,0,38,0,34,19.12,129.1,106,97,4037.5,False
2026-05-08,ST002,Bengaluru,SKU005,Instant Coffee 100g,30,24.27,57,0,30,0,27,17.17,89.97,74,65,5550.0,False
2026-05-08,ST003,Mumbai,SKU001,Shampoo 340ml,25,27.3,57,0,25,0,32,18.99,100.88,100,56,8225.0,False
2026-05-08,ST003,Mumbai,SKU002,Bath Soap 100g,54,45.81,96,0,54,0,42,17.98,155.42,154,94,2970.0,False
2026-05-08,ST003,Mumbai,SKU003,Laundry Detergent 1kg,35,38.21,150,0,35,0,115,23.13,137.75,115,100,7700.0,False
2026-05-08,ST003,Mumbai,SKU004,Dishwash Liquid 500ml,34,31.09,79,0,34,0,45,13.68,106.95,110,0,4250.0,False
2026-05-08,ST003,Mumbai,SKU005,Instant Coffee 100g,25,25.9,68,0,25,0,43,18.93,96.64,111,0,4625.0,False
2026-05-08,ST004,Delhi,SKU001,Shampoo 340ml,22,22.43,112,0,22,0,90,18.46,85.74,90,0,7238.0,False
2026-05-08,ST004,Delhi,SKU002,Bath Soap 100g,56,37.52,87,0,56,0,31,17.97,130.52,151,0,2926.0,False
2026-05-08,ST004,Delhi,SKU003,Laundry Detergent 1kg,34,31.15,96,0,34,0,62,15.26,108.71,132,0,7480.0,False
2026-05-08,ST004,Delhi,SKU004,Dishwash Liquid 500ml,25,26.01,48,0,25,0,23,13.96,91.98,84,60,3125.0,False
2026-05-08,ST004,Delhi,SKU005,Instant Coffee 100g,26,19.65,66,0,26,0,40,12.16,71.12,86,0,4810.0,False
2026-05-08,ST005,Hyderabad,SKU001,Shampoo 340ml,17,20.88,40,0,17,0,23,12.88,75.51,69,49,5593.0,False
2026-05-08,ST005,Hyderabad,SKU002,Bath Soap 100g,42,40.83,99,0,42,0,57,19.48,141.99,153,0,1963.5,False
2026-05-08,ST005,Hyderabad,SKU003,Laundry Detergent 1kg,36,30.98,82,0,36,0,46,23.1,116.03,139,0,7920.0,False
2026-05-08,ST005,Hyderabad,SKU004,Dishwash Liquid 500ml,27,26.54,62,0,27,0,35,14.97,94.58,88,60,3375.0,False
2026-05-08,ST005,Hyderabad,SKU005,Instant Coffee 100g,13,20.23,62,0,13,0,49,15.17,75.87,90,0,2405.0,False
2026-05-09,ST001,Chennai,SKU001,Shampoo 340ml,31,28.22,90,66,31,0,59,15.85,100.52,59,98,10199.0,False
2026-05-09,ST001,Chennai,SKU002,Bath Soap 100g,46,49.16,73,0,46,0,27,22.89,170.37,147,122,2530.0,False
2026-05-09,ST001,Chennai,SKU003,Laundry Detergent 1kg,34,38.03,126,92,34,0,92,21.8,135.9,92,120,7480.0,False
2026-05-09,ST001,Chennai,SKU004,Dishwash Liquid 500ml,29,34.39,50,0,29,0,21,18.11,121.29,96,95,3625.0,False
2026-05-09,ST001,Chennai,SKU005,Instant Coffee 100g,20,24.24,31,0,20,0,11,15.88,88.6,142,0,3700.0,False
2026-05-09,ST002,Bengaluru,SKU001,Shampoo 340ml,31,29.28,62,0,31,0,31,14.81,102.64,97,65,10199.0,False
2026-05-09,ST002,Bengaluru,SKU002,Bath Soap 100g,67,50.49,151,96,67,0,84,18.48,169.97,84,187,3685.0,False
2026-05-09,ST002,Bengaluru,SKU003,Laundry Detergent 1kg,38,41.0,88,0,38,0,50,21.3,144.29,137,90,8360.0,False
2026-05-09,ST002,Bengaluru,SKU004,Dishwash Liquid 500ml,27,34.77,106,72,27,0,79,19.22,123.53,176,0,3375.0,False
2026-05-09,ST002,Bengaluru,SKU005,Instant Coffee 100g,22,25.45,74,47,22,0,52,16.95,93.29,117,0,4070.0,False
2026-05-09,ST003,Mumbai,SKU001,Shampoo 340ml,30,29.47,100,68,30,0,70,18.42,106.84,126,0,9870.0,False
2026-05-09,ST003,Mumbai,SKU002,Bath Soap 100g,62,51.67,154,112,62,0,92,18.23,173.26,186,0,3410.0,False
2026-05-09,ST003,Mumbai,SKU003,Laundry Detergent 1kg,45,37.83,115,0,45,0,70,22.97,136.47,170,0,9900.0,False
2026-05-09,ST003,Mumbai,SKU004,Dishwash Liquid 500ml,39,35.63,110,65,39,0,71,13.7,120.59,71,121,4875.0,False
2026-05-09,ST003,Mumbai,SKU005,Instant Coffee 100g,25,26.91,111,68,25,0,86,18.64,99.37,86,68,4625.0,False
2026-05-09,ST004,Delhi,SKU001,Shampoo 340ml,24,30.32,90,0,24,0,66,18.38,109.33,66,104,6711.6,False
2026-05-09,ST004,Delhi,SKU002,Bath Soap 100g,36,44.12,31,0,31,5,0,19.63,152.01,120,121,1705.0,True
2026-05-09,ST004,Delhi,SKU003,Laundry Detergent 1kg,19,35.46,62,0,19,0,43,15.21,121.57,113,80,4180.0,False
2026-05-09,ST004,Delhi,SKU004,Dishwash Liquid 500ml,36,29.72,84,61,36,0,48,14.05,103.2,108,0,4500.0,False
2026-05-09,ST004,Delhi,SKU005,Instant Coffee 100g,25,27.04,40,0,25,0,15,12.43,93.55,61,87,4162.5,False
2026-05-09,ST005,Hyderabad,SKU001,Shampoo 340ml,18,24.23,69,46,18,0,51,12.88,85.56,100,0,5922.0,False
2026-05-09,ST005,Hyderabad,SKU002,Bath Soap 100g,43,41.69,57,0,43,0,14,19.48,144.55,110,118,2365.0,False
2026-05-09,ST005,Hyderabad,SKU003,Laundry Detergent 1kg,31,39.34,46,0,31,0,15,23.1,141.12,108,112,6820.0,False
2026-05-09,ST005,Hyderabad,SKU004,Dishwash Liquid 500ml,26,30.38,88,53,26,0,62,14.52,105.64,122,0,3250.0,False
2026-05-09,ST005,Hyderabad,SKU005,Instant Coffee 100g,26,26.0,90,41,26,0,64,15.06,93.06,64,82,4088.5,False
2026-05-10,ST001,Chennai,SKU001,Shampoo 340ml,21,27.35,59,0,21,0,38,15.84,97.88,136,0,6909.0,False
2026-05-10,ST001,Chennai,SKU002,Bath Soap 100g,46,48.92,147,120,46,0,101,22.66,169.42,223,0,2530.0,False
2026-05-10,ST001,Chennai,SKU003,Laundry Detergent 1kg,41,37.64,92,0,41,0,51,21.7,134.61,171,0,9020.0,False
2026-05-10,ST001,Chennai,SKU004,Dishwash Liquid 500ml,48,34.56,96,75,48,0,48,18.18,121.85,143,0,6000.0,False
2026-05-10,ST001,Chennai,SKU005,Instant Coffee 100g,26,24.51,74,63,26,0,48,15.95,89.48,116,0,4810.0,False
2026-05-10,ST002,Bengaluru,SKU001,Shampoo 340ml,30,28.75,97,66,30,0,67,14.62,100.86,132,0,9870.0,False
2026-05-10,ST002,Bengaluru,SKU002,Bath Soap 100g,55,53.8,84,0,55,0,29,21.15,182.55,216,0,3025.0,False
2026-05-10,ST002,Bengaluru,SKU003,Laundry Detergent 1kg,58,39.86,137,87,58,0,79,20.79,140.37,169,0,12760.0,False
2026-05-10,ST002,Bengaluru,SKU004,Dishwash Liquid 500ml,31,35.16,79,0,31,0,48,19.09,124.57,145,0,3875.0,False
2026-05-10,ST002,Bengaluru,SKU005,Instant Coffee 100g,31,26.2,52,0,31,0,21,16.82,95.4,86,62,5735.0,False
2026-05-10,ST003,Mumbai,SKU001,Shampoo 340ml,27,29.55,70,0,27,0,43,17.75,106.39,99,67,8883.0,False
2026-05-10,ST003,Mumbai,SKU002,Bath Soap 100g,61,61.19,92,0,61,0,31,19.25,202.82,125,201,3019.5,False
2026-05-10,ST003,Mumbai,SKU003,Laundry Detergent 1kg,43,40.51,70,0,43,0,27,21.94,143.48,127,98,9460.0,False
2026-05-10,ST003,Mumbai,SKU004,Dishwash Liquid 500ml,47,42.09,71,0,47,0,24,14.2,140.48,145,0,4993.75,False
2026-05-10,ST003,Mumbai,SKU005,Instant Coffee 100g,30,26.94,86,0,30,0,56,18.64,99.45,124,0,5550.0,False
2026-05-10,ST004,Delhi,SKU001,Shampoo 340ml,28,25.76,66,0,28,0,38,17.43,94.72,142,0,9212.0,False
2026-05-10,ST004,Delhi,SKU002,Bath Soap 100g,42,42.76,120,120,42,0,78,19.87,148.14,199,0,2310.0,False
2026-05-10,ST004,Delhi,SKU003,Laundry Detergent 1kg,35,37.39,113,70,35,0,78,17.01,129.16,158,0,7700.0,False
2026-05-10,ST004,Delhi,SKU004,Dishwash Liquid 500ml,37,30.44,48,0,37,0,11,14.67,105.98,71,96,4625.0,False
2026-05-10,ST004,Delhi,SKU005,Instant Coffee 100g,23,22.44,61,46,23,0,38,12.4,79.72,125,0,4255.0,False
2026-05-10,ST005,Hyderabad,SKU001,Shampoo 340ml,27,22.83,51,0,27,0,24,11.79,80.29,73,53,8883.0,False
2026-05-10,ST005,Hyderabad,SKU002,Bath Soap 100g,34,42.25,110,96,34,0,76,19.4,146.14,194,0,1870.0,False
2026-05-10,ST005,Hyderabad,SKU003,Laundry Detergent 1kg,21,32.63,108,93,21,0,87,21.98,119.86,199,0,4620.0,False
2026-05-10,ST005,Hyderabad,SKU004,Dishwash Liquid 500ml,28,28.95,62,0,28,0,34,14.53,101.37,94,66,3500.0,False
2026-05-10,ST005,Hyderabad,SKU005,Instant Coffee 100g,17,22.97,64,0,17,0,47,15.59,84.49,129,0,3145.0,False
2026-05-11,ST001,Chennai,SKU001,Shampoo 340ml,30,23.84,38,0,30,0,8,15.31,86.83,106,0,9870.0,False
2026-05-11,ST001,Chennai,SKU002,Bath Soap 100g,40,45.04,101,0,40,0,61,22.61,157.73,183,0,2200.0,False
2026-05-11,ST001,Chennai,SKU003,Laundry Detergent 1kg,33,32.28,51,0,33,0,18,21.7,118.54,138,0,7260.0,False
2026-05-11,ST001,Chennai,SKU004,Dishwash Liquid 500ml,31,29.27,48,0,31,0,17,20.17,107.97,112,0,3875.0,False
2026-05-11,ST001,Chennai,SKU005,Instant Coffee 100g,20,30.33,116,68,20,0,96,15.85,106.85,96,72,2960.0,False
2026-05-11,ST002,Bengaluru,SKU001,Shampoo 340ml,27,25.24,67,0,27,0,40,14.36,90.07,105,0,8883.0,False
2026-05-11,ST002,Bengaluru,SKU002,Bath Soap 100g,51,46.71,29,0,29,22,0,21.43,161.57,187,0,1595.0,True
2026-05-11,ST002,Bengaluru,SKU003,Laundry Detergent 1kg,38,35.34,79,0,38,0,41,24.12,130.15,131,0,8360.0,False
2026-05-11,ST002,Bengaluru,SKU004,Dishwash Liquid 500ml,27,30.06,145,97,27,0,118,17.03,107.2,118,0,3375.0,False
2026-05-11,ST002,Bengaluru,SKU005,Instant Coffee 100g,19,23.15,86,65,19,0,67,16.58,86.03,129,0,3515.0,False
2026-05-11,ST003,Mumbai,SKU001,Shampoo 340ml,36,28.96,99,56,36,0,63,16.58,103.45,130,0,10659.6,False
2026-05-11,ST003,Mumbai,SKU002,Bath Soap 100g,54,48.98,125,94,54,0,71,20.22,167.16,272,0,2970.0,False
2026-05-11,ST003,Mumbai,SKU003,Laundry Detergent 1kg,37,35.44,127,100,37,0,90,21.94,128.27,188,0,8140.0,False
2026-05-11,ST003,Mumbai,SKU004,Dishwash Liquid 500ml,39,32.33,24,0,24,15,0,15.48,112.46,121,0,3000.0,True
2026-05-11,ST003,Mumbai,SKU005,Instant Coffee 100g,23,23.99,56,0,23,0,33,17.75,89.73,101,0,4255.0,False
2026-05-11,ST004,Delhi,SKU001,Shampoo 340ml,24,22.08,38,0,24,0,14,17.14,83.39,118,0,7896.0,False
2026-05-11,ST004,Delhi,SKU002,Bath Soap 100g,35,39.48,78,0,35,0,43,19.77,138.21,164,0,1925.0,False
2026-05-11,ST004,Delhi,SKU003,Laundry Detergent 1kg,28,29.95,78,0,28,0,50,17.01,106.86,130,0,6160.0,False
2026-05-11,ST004,Delhi,SKU004,Dishwash Liquid 500ml,29,30.09,71,60,29,0,42,14.98,105.24,138,0,3262.5,False
2026-05-11,ST004,Delhi,SKU005,Instant Coffee 100g,22,21.44,38,0,22,0,16,12.36,76.67,103,0,4070.0,False
2026-05-11,ST005,Hyderabad,SKU001,Shampoo 340ml,20,20.45,73,49,20,0,53,12.23,73.59,106,0,6580.0,False
2026-05-11,ST005,Hyderabad,SKU002,Bath Soap 100g,43,35.59,76,0,43,0,33,19.4,126.17,151,0,2365.0,False
2026-05-11,ST005,Hyderabad,SKU003,Laundry Detergent 1kg,34,30.51,87,0,34,0,53,22.67,114.2,165,0,7480.0,False
2026-05-11,ST005,Hyderabad,SKU004,Dishwash Liquid 500ml,21,26.02,94,60,21,0,73,14.39,92.44,139,0,2625.0,False
2026-05-11,ST005,Hyderabad,SKU005,Instant Coffee 100g,11,19.54,47,0,11,0,36,14.2,72.84,118,0,2035.0,False
2026-05-12,ST001,Chennai,SKU001,Shampoo 340ml,20,24.05,106,98,20,0,86,15.09,87.25,86,50,6580.0,False
2026-05-12,ST001,Chennai,SKU002,Bath Soap 100g,44,41.55,183,122,44,0,139,22.58,147.23,139,92,2420.0,False
2026-05-12,ST001,Chennai,SKU003,Laundry Detergent 1kg,28,32.13,138,120,28,0,110,21.24,117.62,110,72,6160.0,False
2026-05-12,ST001,Chennai,SKU004,Dishwash Liquid 500ml,33,28.88,112,95,33,0,79,19.96,106.61,79,86,4125.0,False
2026-05-12,ST001,Chennai,SKU005,Instant Coffee 100g,21,28.23,96,0,21,0,75,15.85,100.53,147,0,3302.25,False
2026-05-12,ST002,Bengaluru,SKU001,Shampoo 340ml,13,25.0,105,65,13,0,92,14.0,88.99,92,0,4277.0,False
2026-05-12,ST002,Bengaluru,SKU002,Bath Soap 100g,43,46.76,187,187,43,0,144,21.38,161.67,144,112,2365.0,False
2026-05-12,ST002,Bengaluru,SKU003,Laundry Detergent 1kg,37,31.77,131,90,37,0,94,24.04,119.36,94,89,8140.0,False
2026-05-12,ST002,Bengaluru,SKU004,Dishwash Liquid 500ml,28,29.73,118,0,28,0,90,16.6,105.79,90,76,3500.0,False
2026-05-12,ST002,Bengaluru,SKU005,Instant Coffee 100g,22,22.89,67,0,22,0,45,16.85,85.51,107,0,4070.0,False
2026-05-12,ST003,Mumbai,SKU001,Shampoo 340ml,18,25.8,63,0,18,0,45,17.13,94.54,112,0,5922.0,False
2026-05-12,ST003,Mumbai,SKU002,Bath Soap 100g,54,62.23,71,0,54,0,17,20.24,206.92,218,0,2376.0,False
2026-05-12,ST003,Mumbai,SKU003,Laundry Detergent 1kg,38,36.5,90,0,38,0,52,21.52,131.03,150,0,8360.0,False
2026-05-12,ST003,Mumbai,SKU004,Dishwash Liquid 500ml,33,32.73,121,121,33,0,88,15.19,113.39,88,91,3918.75,False
2026-05-12,ST003,Mumbai,SKU005,Instant Coffee 100g,29,24.11,101,68,29,0,72,16.58,88.91,72,66,5365.0,False
2026-05-12,ST004,Delhi,SKU001,Shampoo 340ml,26,22.16,118,104,26,0,92,16.96,83.43,92,0,8554.0,False
2026-05-12,ST004,Delhi,SKU002,Bath Soap 100g,42,38.82,164,121,42,0,122,20.1,136.55,122,93,2310.0,False
2026-05-12,ST004,Delhi,SKU003,Laundry Detergent 1kg,31,30.4,130,80,31,0,99,17.01,108.2,99,70,6820.0,False
2026-05-12,ST004,Delhi,SKU004,Dishwash Liquid 500ml,18,26.24,42,0,18,0,24,14.96,93.68,120,0,2250.0,False
2026-05-12,ST004,Delhi,SKU005,Instant Coffee 100g,16,20.11,103,87,16,0,87,12.21,72.53,87,0,2960.0,False
2026-05-12,ST005,Hyderabad,SKU001,Shampoo 340ml,16,21.56,53,0,16,0,37,12.03,76.72,90,0,5264.0,False
2026-05-12,ST005,Hyderabad,SKU002,Bath Soap 100g,47,39.59,151,118,47,0,104,19.56,138.33,104,114,2585.0,False
2026-05-12,ST005,Hyderabad,SKU003,Laundry Detergent 1kg,29,30.06,165,112,29,0,136,22.64,112.84,136,0,6380.0,False
2026-05-12,ST005,Hyderabad,SKU004,Dishwash Liquid 500ml,30,25.59,73,0,30,0,43,14.85,91.61,109,0,3750.0,False
2026-05-12,ST005,Hyderabad,SKU005,Instant Coffee 100g,21,17.07,118,82,21,0,97,14.7,65.9,97,0,3885.0,False
2026-05-13,ST001,Chennai,SKU001,Shampoo 340ml,31,23.47,86,0,31,0,55,15.47,85.88,105,0,10199.0,False
2026-05-13,ST001,Chennai,SKU002,Bath Soap 100g,53,41.2,139,0,53,0,86,22.53,146.12,178,0,2915.0,False
2026-05-13,ST001,Chennai,SKU003,Laundry Detergent 1kg,32,32.51,110,0,32,0,78,21.44,118.96,150,0,7040.0,False
2026-05-13,ST001,Chennai,SKU004,Dishwash Liquid 500ml,37,29.82,79,0,37,0,42,19.94,109.41,128,0,4625.0,False
2026-05-13,ST001,Chennai,SKU005,Instant Coffee 100g,26,22.32,75,0,26,0,49,15.8,82.75,121,0,4810.0,False
2026-05-13,ST002,Bengaluru,SKU001,Shampoo 340ml,23,25.6,92,0,23,0,69,16.15,92.96,69,76,7567.0,False
2026-05-13,ST002,Bengaluru,SKU002,Bath Soap 100g,46,43.77,144,0,46,0,98,21.22,152.53,210,0,2530.0,False
2026-05-13,ST002,Bengaluru,SKU003,Laundry Detergent 1kg,31,33.83,94,0,31,0,63,24.04,125.53,152,0,6820.0,False
2026-05-13,ST002,Bengaluru,SKU004,Dishwash Liquid 500ml,32,30.8,90,0,32,0,58,16.67,109.07,134,0,4000.0,False
2026-05-13,ST002,Bengaluru,SKU005,Instant Coffee 100g,20,22.12,107,62,20,0,87,16.85,83.2,87,0,3700.0,False
2026-05-13,ST003,Mumbai,SKU001,Shampoo 340ml,29,25.65,112,67,29,0,83,17.91,94.86,83,64,9541.0,False
2026-05-13,ST003,Mumbai,SKU002,Bath Soap 100g,37,46.15,218,201,37,0,181,20.35,158.8,181,0,2035.0,False
2026-05-13,ST003,Mumbai,SKU003,Laundry Detergent 1kg,44,36.38,150,98,44,0,106,21.25,130.38,106,98,9680.0,False
2026-05-13,ST003,Mumbai,SKU004,Dishwash Liquid 500ml,46,30.8,88,0,46,0,42,15.19,107.57,133,0,5750.0,False
2026-05-13,ST003,Mumbai,SKU005,Instant Coffee 100g,31,28.89,72,0,31,0,41,16.06,102.73,107,0,5161.5,False
2026-05-13,ST004,Delhi,SKU001,Shampoo 340ml,21,22.06,92,0,21,0,71,16.99,83.16,71,57,6909.0,False
2026-05-13,ST004,Delhi,SKU002,Bath Soap 100g,29,38.24,122,0,29,0,93,20.05,134.77,186,0,1595.0,False
2026-05-13,ST004,Delhi,SKU003,Laundry Detergent 1kg,35,31.71,99,0,35,0,64,16.89,112.02,134,0,7700.0,False
2026-05-13,ST004,Delhi,SKU004,Dishwash Liquid 500ml,16,24.97,120,96,16,0,104,15.81,90.73,104,0,2000.0,False
2026-05-13,ST004,Delhi,SKU005,Instant Coffee 100g,21,19.73,87,0,21,0,66,12.57,71.76,66,46,3885.0,False
2026-05-13,ST005,Hyderabad,SKU001,Shampoo 340ml,21,20.94,90,53,21,0,69,12.24,75.07,69,48,6909.0,False
2026-05-13,ST005,Hyderabad,SKU002,Bath Soap 100g,31,36.06,104,0,31,0,73,19.79,127.99,187,0,1705.0,False
2026-05-13,ST005,Hyderabad,SKU003,Laundry Detergent 1kg,24,29.48,136,0,24,0,112,22.71,111.15,112,0,5280.0,False
2026-05-13,ST005,Hyderabad,SKU004,Dishwash Liquid 500ml,19,25.97,109,66,19,0,90,14.9,92.81,90,55,2375.0,False
2026-05-13,ST005,Hyderabad,SKU005,Instant Coffee 100g,14,18.08,97,0,14,0,83,14.71,68.93,83,0,2590.0,False
2026-05-14,ST001,Chennai,SKU001,Shampoo 340ml,18,23.7,55,0,18,0,37,15.65,86.74,87,0,5922.0,False
2026-05-14,ST001,Chennai,SKU002,Bath Soap 100g,41,43.46,86,0,41,0,45,22.65,153.03,137,103,2255.0,False
2026-05-14,ST001,Chennai,SKU003,Laundry Detergent 1kg,26,31.87,78,0,26,0,52,21.41,117.03,124,0,5720.0,False
2026-05-14,ST001,Chennai,SKU004,Dishwash Liquid 500ml,33,29.7,42,0,33,0,9,20.08,109.17,95,74,4125.0,False
2026-05-14,ST001,Chennai,SKU005,Instant Coffee 100g,23,20.92,121,72,23,0,98,15.29,78.06,98,0,4255.0,False
2026-05-14,ST002,Bengaluru,SKU001,Shampoo 340ml,30,25.58,69,0,30,0,39,16.06,92.79,115,0,9870.0,False
2026-05-14,ST002,Bengaluru,SKU002,Bath Soap 100g,58,44.98,98,0,58,0,40,20.83,155.76,152,94,3190.0,False
2026-05-14,ST002,Bengaluru,SKU003,Laundry Detergent 1kg,35,37.32,63,0,35,0,28,24.2,136.17,117,94,7700.0,False
2026-05-14,ST002,Bengaluru,SKU004,Dishwash Liquid 500ml,32,37.96,58,0,32,0,26,16.65,130.52,102,105,3600.0,False
2026-05-14,ST002,Bengaluru,SKU005,Instant Coffee 100g,17,22.49,87,0,17,0,70,16.47,83.93,70,59,3145.0,False
2026-05-14,ST003,Mumbai,SKU001,Shampoo 340ml,31,26.44,83,0,31,0,52,17.93,97.26,116,0,10199.0,False
2026-05-14,ST003,Mumbai,SKU002,Bath Soap 100g,57,56.78,181,0,57,0,124,21.53,191.86,124,182,2664.75,False
2026-05-14,ST003,Mumbai,SKU003,Laundry Detergent 1kg,36,40.22,106,0,36,0,70,21.5,142.15,168,0,7128.0,False
2026-05-14,ST003,Mumbai,SKU004,Dishwash Liquid 500ml,25,31.99,42,0,25,0,17,15.78,111.73,108,68,3125.0,False
2026-05-14,ST003,Mumbai,SKU005,Instant Coffee 100g,16,24.01,41,0,16,0,25,15.17,87.2,91,0,2960.0,False
2026-05-14,ST004,Delhi,SKU001,Shampoo 340ml,20,23.63,71,0,20,0,51,16.86,87.76,108,0,6580.0,False
2026-05-14,ST004,Delhi,SKU002,Bath Soap 100g,38,38.73,93,0,38,0,55,21.07,137.26,148,0,2090.0,False
2026-05-14,ST004,Delhi,SKU003,Laundry Detergent 1kg,31,34.09,64,0,31,0,33,16.49,118.76,103,84,6479.0,False
2026-05-14,ST004,Delhi,SKU004,Dishwash Liquid 500ml,28,35.36,104,0,28,0,76,16.84,122.91,76,118,2800.0,False
2026-05-14,ST004,Delhi,SKU005,Instant Coffee 100g,18,19.89,66,0,18,0,48,12.31,71.97,94,0,3330.0,False
2026-05-14,ST005,Hyderabad,SKU001,Shampoo 340ml,17,20.15,69,0,17,0,52,12.2,72.64,100,0,5593.0,False
2026-05-14,ST005,Hyderabad,SKU002,Bath Soap 100g,30,35.72,73,0,30,0,43,20.12,127.28,157,0,1650.0,False
2026-05-14,ST005,Hyderabad,SKU003,Laundry Detergent 1kg,33,33.02,112,0,33,0,79,23.15,122.21,79,110,7260.0,False
2026-05-14,ST005,Hyderabad,SKU004,Dishwash Liquid 500ml,30,25.32,90,0,30,0,60,15.43,91.39,115,0,3750.0,False
2026-05-14,ST005,Hyderabad,SKU005,Instant Coffee 100g,25,17.47,83,0,25,0,58,13.97,66.39,58,44,4625.0,False
2026-05-15,ST001,Chennai,SKU001,Shampoo 340ml,18,24.47,87,50,18,0,69,16.19,89.59,69,70,5922.0,False
2026-05-15,ST001,Chennai,SKU002,Bath Soap 100g,49,42.49,137,92,49,0,88,21.58,149.03,191,0,2695.0,False
2026-05-15,ST001,Chennai,SKU003,Laundry Detergent 1kg,38,32.78,124,72,38,0,86,21.78,120.12,86,100,8360.0,False
2026-05-15,ST001,Chennai,SKU004,Dishwash Liquid 500ml,28,29.18,95,86,28,0,67,19.55,107.08,141,0,3500.0,False
2026-05-15,ST001,Chennai,SKU005,Instant Coffee 100g,15,21.18,98,0,15,0,83,15.29,78.82,83,0,2775.0,False
2026-05-15,ST002,Bengaluru,SKU001,Shampoo 340ml,20,26.67,39,0,20,0,19,15.83,95.84,95,55,6580.0,False
2026-05-15,ST002,Bengaluru,SKU002,Bath Soap 100g,51,44.98,152,112,51,0,101,21.71,156.65,195,0,2805.0,False
2026-05-15,ST002,Bengaluru,SKU003,Laundry Detergent 1kg,33,36.71,117,89,33,0,84,23.68,133.81,178,0,7260.0,False
2026-05-15,ST002,Bengaluru,SKU004,Dishwash Liquid 500ml,48,38.22,102,76,48,0,54,16.32,130.98,159,0,4800.0,False
2026-05-15,ST002,Bengaluru,SKU005,Instant Coffee 100g,34,21.61,70,0,34,0,36,16.96,81.78,95,0,6290.0,False
2026-05-15,ST003,Mumbai,SKU001,Shampoo 340ml,37,35.08,52,0,37,0,15,18.01,123.25,79,115,10347.05,False
2026-05-15,ST003,Mumbai,SKU002,Bath Soap 100g,53,45.53,124,0,53,0,71,21.7,158.28,253,0,2915.0,False
2026-05-15,ST003,Mumbai,SKU003,Laundry Detergent 1kg,35,35.99,70,0,35,0,35,21.09,129.06,133,0,7700.0,False
2026-05-15,ST003,Mumbai,SKU004,Dishwash Liquid 500ml,28,30.09,108,91,28,0,80,16.38,106.65,148,0,3500.0,False
2026-05-15,ST003,Mumbai,SKU005,Instant Coffee 100g,25,24.12,91,66,25,0,66,16.42,88.77,66,72,4625.0,False
2026-05-15,ST004,Delhi,SKU001,Shampoo 340ml,17,22.12,51,0,17,0,34,16.7,83.05,91,0,5593.0,False
2026-05-15,ST004,Delhi,SKU002,Bath Soap 100g,43,35.73,148,93,43,0,105,21.05,128.24,105,95,2365.0,False
2026-05-15,ST004,Delhi,SKU003,Laundry Detergent 1kg,29,30.29,103,70,29,0,74,16.52,107.37,158,0,6380.0,False
2026-05-15,ST004,Delhi,SKU004,Dishwash Liquid 500ml,25,26.77,76,0,25,0,51,16.15,96.47,169,0,3125.0,False
2026-05-15,ST004,Delhi,SKU005,Instant Coffee 100g,22,27.86,48,0,22,0,26,12.42,96.0,72,80,3256.0,False
2026-05-15,ST005,Hyderabad,SKU001,Shampoo 340ml,21,19.79,52,0,21,0,31,12.38,71.75,79,0,6909.0,False
2026-05-15,ST005,Hyderabad,SKU002,Bath Soap 100g,48,45.41,157,114,48,0,109,20.62,156.85,109,139,2244.0,False
2026-05-15,ST005,Hyderabad,SKU003,Laundry Detergent 1kg,33,29.63,79,0,33,0,46,21.38,110.28,156,0,7260.0,False
2026-05-15,ST005,Hyderabad,SKU004,Dishwash Liquid 500ml,28,25.65,60,0,28,0,32,13.85,90.79,87,56,3500.0,False
2026-05-15,ST005,Hyderabad,SKU005,Instant Coffee 100g,19,17.72,58,0,19,0,39,14.24,67.41,83,0,3515.0,False
2026-05-16,ST001,Chennai,SKU001,Shampoo 340ml,34,28.45,69,0,34,0,35,15.85,101.21,105,0,11186.0,False
2026-05-16,ST001,Chennai,SKU002,Bath Soap 100g,52,48.77,88,0,52,0,36,21.42,167.74,139,127,2860.0,False
2026-05-16,ST001,Chennai,SKU003,Laundry Detergent 1kg,52,37.7,86,0,52,0,34,21.78,134.89,134,77,11440.0,False
2026-05-16,ST001,Chennai,SKU004,Dishwash Liquid 500ml,28,35.01,67,0,28,0,39,19.69,124.72,113,82,3500.0,False
2026-05-16,ST001,Chennai,SKU005,Instant Coffee 100g,34,25.01,83,0,34,0,49,15.71,90.75,49,92,6290.0,False
2026-05-16,ST002,Bengaluru,SKU001,Shampoo 340ml,32,28.94,95,76,32,0,63,16.15,102.98,118,0,10528.0,False
2026-05-16,ST002,Bengaluru,SKU002,Bath Soap 100g,52,53.59,101,0,52,0,49,21.72,182.48,143,147,2860.0,False
2026-05-16,ST002,Bengaluru,SKU003,Laundry Detergent 1kg,38,41.67,84,0,38,0,46,23.05,148.05,140,92,8360.0,False
2026-05-16,ST002,Bengaluru,SKU004,Dishwash Liquid 500ml,30,35.14,54,0,30,0,24,18.77,124.2,129,0,3750.0,False
2026-05-16,ST002,Bengaluru,SKU005,Instant Coffee 100g,24,26.72,36,0,24,0,12,17.61,97.77,71,81,4440.0,False
2026-05-16,ST003,Mumbai,SKU001,Shampoo 340ml,35,29.7,79,64,35,0,44,18.19,107.31,159,0,11515.0,False
2026-05-16,ST003,Mumbai,SKU002,Bath Soap 100g,47,52.56,71,0,47,0,24,21.77,179.44,206,0,2585.0,False
2026-05-16,ST003,Mumbai,SKU003,Laundry Detergent 1kg,60,54.67,133,98,60,0,73,20.56,184.56,73,221,11220.0,False
2026-05-16,ST003,Mumbai,SKU004,Dishwash Liquid 500ml,27,35.95,80,0,27,0,53,16.46,124.32,121,76,3375.0,False
2026-05-16,ST003,Mumbai,SKU005,Instant Coffee 100g,17,27.91,66,0,17,0,49,16.45,100.17,121,0,3145.0,False
2026-05-16,ST004,Delhi,SKU001,Shampoo 340ml,28,26.23,91,57,28,0,63,16.96,95.67,63,86,9212.0,False
2026-05-16,ST004,Delhi,SKU002,Bath Soap 100g,36,44.44,105,0,36,0,69,20.75,154.06,164,0,1980.0,False
2026-05-16,ST004,Delhi,SKU003,Laundry Detergent 1kg,36,32.37,74,0,36,0,38,16.58,113.69,122,0,7920.0,False
2026-05-16,ST004,Delhi,SKU004,Dishwash Liquid 500ml,24,31.15,51,0,24,0,27,15.94,109.4,145,0,3000.0,False
2026-05-16,ST004,Delhi,SKU005,Instant Coffee 100g,33,21.55,72,46,33,0,39,12.41,77.07,119,0,6105.0,False
2026-05-16,ST005,Hyderabad,SKU001,Shampoo 340ml,24,23.92,79,48,24,0,55,12.18,83.95,55,77,7896.0,False
2026-05-16,ST005,Hyderabad,SKU002,Bath Soap 100g,31,42.04,109,0,31,0,78,20.5,146.6,217,0,1705.0,False
2026-05-16,ST005,Hyderabad,SKU003,Laundry Detergent 1kg,39,34.71,46,0,39,0,7,20.73,124.88,117,78,8580.0,False
2026-05-16,ST005,Hyderabad,SKU004,Dishwash Liquid 500ml,28,29.18,87,55,28,0,59,12.95,100.5,115,0,3500.0,False
2026-05-16,ST005,Hyderabad,SKU005,Instant Coffee 100g,27,21.77,39,0,27,0,12,14.23,79.55,56,68,4995.0,False
2026-05-17,ST001,Chennai,SKU001,Shampoo 340ml,31,33.1,35,0,31,0,4,15.06,114.37,74,107,8669.15,False
2026-05-17,ST001,Chennai,SKU002,Bath Soap 100g,56,47.33,139,103,56,0,83,21.79,163.78,210,0,3080.0,False
2026-05-17,ST001,Chennai,SKU003,Laundry Detergent 1kg,35,35.49,34,0,34,1,0,23.52,129.99,177,0,7480.0,True
2026-05-17,ST001,Chennai,SKU004,Dishwash Liquid 500ml,35,34.19,113,74,35,0,78,19.21,121.79,160,0,4375.0,False
2026-05-17,ST001,Chennai,SKU005,Instant Coffee 100g,30,27.27,49,0,30,0,19,16.44,98.24,111,0,5550.0,False
2026-05-17,ST002,Bengaluru,SKU001,Shampoo 340ml,23,29.04,63,0,23,0,40,16.05,103.18,95,67,7567.0,False
2026-05-17,ST002,Bengaluru,SKU002,Bath Soap 100g,50,51.73,143,94,50,0,93,21.04,176.22,240,0,2750.0,False
2026-05-17,ST002,Bengaluru,SKU003,Laundry Detergent 1kg,33,40.02,140,94,33,0,107,23.05,143.12,199,0,7260.0,False
2026-05-17,ST002,Bengaluru,SKU004,Dishwash Liquid 500ml,25,34.59,129,105,25,0,104,18.3,122.07,104,88,3125.0,False
2026-05-17,ST002,Bengaluru,SKU005,Instant Coffee 100g,27,25.48,71,59,27,0,44,17.5,93.95,125,0,4995.0,False
2026-05-17,ST003,Mumbai,SKU001,Shampoo 340ml,33,29.39,44,0,33,0,11,18.3,106.46,126,0,10857.0,False
2026-05-17,ST003,Mumbai,SKU002,Bath Soap 100g,56,51.25,206,182,56,0,150,21.77,175.52,150,129,3080.0,False
2026-05-17,ST003,Mumbai,SKU003,Laundry Detergent 1kg,40,41.63,73,0,40,0,33,23.68,148.58,254,0,8800.0,False
2026-05-17,ST003,Mumbai,SKU004,Dishwash Liquid 500ml,33,33.8,121,68,33,0,88,16.76,118.17,164,0,4125.0,False
2026-05-17,ST003,Mumbai,SKU005,Instant Coffee 100g,30,27.32,49,0,30,0,19,16.93,98.89,91,63,5550.0,False
2026-05-17,ST004,Delhi,SKU001,Shampoo 340ml,28,24.81,63,0,28,0,35,16.3,90.73,121,0,9212.0,False
2026-05-17,ST004,Delhi,SKU002,Bath Soap 100g,48,45.01,69,0,48,0,21,20.92,155.95,116,130,2640.0,False
2026-05-17,ST004,Delhi,SKU003,Laundry Detergent 1kg,33,34.6,122,84,33,0,89,16.21,120.0,89,101,7260.0,False
2026-05-17,ST004,Delhi,SKU004,Dishwash Liquid 500ml,30,31.08,145,118,30,0,115,15.57,108.82,115,0,3750.0,False
2026-05-17,ST004,Delhi,SKU005,Instant Coffee 100g,28,22.74,39,0,28,0,11,13.63,81.84,91,0,5180.0,False
2026-05-17,ST005,Hyderabad,SKU001,Shampoo 340ml,22,23.6,55,0,22,0,33,12.28,83.07,110,0,7238.0,False
2026-05-17,ST005,Hyderabad,SKU002,Bath Soap 100g,42,40.95,78,0,42,0,36,20.88,143.73,175,0,2310.0,False
2026-05-17,ST005,Hyderabad,SKU003,Laundry Detergent 1kg,39,32.5,117,110,39,0,78,20.84,118.33,156,0,8580.0,False
2026-05-17,ST005,Hyderabad,SKU004,Dishwash Liquid 500ml,25,27.6,59,0,25,0,34,12.65,95.44,90,61,3125.0,False
2026-05-17,ST005,Hyderabad,SKU005,Instant Coffee 100g,18,22.03,56,44,18,0,38,14.91,81.0,106,0,3330.0,False
2026-05-18,ST001,Chennai,SKU001,Shampoo 340ml,32,25.23,74,70,32,0,42,15.16,90.86,149,0,10001.6,False
2026-05-18,ST001,Chennai,SKU002,Bath Soap 100g,50,43.96,83,0,50,0,33,22.07,153.95,160,0,2750.0,False
2026-05-18,ST001,Chennai,SKU003,Laundry Detergent 1kg,28,33.16,100,100,28,0,72,23.0,122.49,149,0,6160.0,False
2026-05-18,ST001,Chennai,SKU004,Dishwash Liquid 500ml,25,30.12,78,0,25,0,53,19.27,109.64,135,0,3125.0,False
2026-05-18,ST001,Chennai,SKU005,Instant Coffee 100g,22,22.78,19,0,19,3,0,13.44,81.78,92,0,3515.0,True
2026-05-18,ST002,Bengaluru,SKU001,Shampoo 340ml,20,25.52,95,55,20,0,75,15.74,92.3,142,0,6580.0,False
2026-05-18,ST002,Bengaluru,SKU002,Bath Soap 100g,40,44.51,93,0,40,0,53,21.04,154.58,200,0,2200.0,False
2026-05-18,ST002,Bengaluru,SKU003,Laundry Detergent 1kg,31,35.72,107,0,31,0,76,22.93,130.1,168,0,6820.0,False
2026-05-18,ST002,Bengaluru,SKU004,Dishwash Liquid 500ml,28,29.57,104,0,28,0,76,17.71,106.43,164,0,3500.0,False
2026-05-18,ST002,Bengaluru,SKU005,Instant Coffee 100g,24,23.29,44,0,24,0,20,17.46,87.32,101,0,4440.0,False
2026-05-18,ST003,Mumbai,SKU001,Shampoo 340ml,32,25.8,126,115,32,0,94,18.21,95.61,94,54,10528.0,False
2026-05-18,ST003,Mumbai,SKU002,Bath Soap 100g,52,60.92,150,0,52,0,98,21.99,204.74,227,0,2288.0,False
2026-05-18,ST003,Mumbai,SKU003,Laundry Detergent 1kg,40,36.24,33,0,33,7,0,23.69,132.4,221,0,7260.0,True
2026-05-18,ST003,Mumbai,SKU004,Dishwash Liquid 500ml,35,30.59,88,0,35,0,53,16.75,108.53,129,0,4375.0,False
2026-05-18,ST003,Mumbai,SKU005,Instant Coffee 100g,24,24.28,91,72,24,0,67,16.87,89.72,130,0,4440.0,False
2026-05-18,ST004,Delhi,SKU001,Shampoo 340ml,21,21.26,35,0,21,0,14,16.34,80.13,100,0,6909.0,False
2026-05-18,ST004,Delhi,SKU002,Bath Soap 100g,40,37.51,116,95,40,0,76,20.2,132.73,206,0,2200.0,False
2026-05-18,ST004,Delhi,SKU003,Laundry Detergent 1kg,32,29.9,89,0,32,0,57,15.17,104.89,158,0,7040.0,False
2026-05-18,ST004,Delhi,SKU004,Dishwash Liquid 500ml,30,25.9,115,0,30,0,85,15.57,93.26,85,61,3750.0,False
2026-05-18,ST004,Delhi,SKU005,Instant Coffee 100g,20,20.09,91,80,20,0,71,13.61,73.88,71,44,3700.0,False
2026-05-18,ST005,Hyderabad,SKU001,Shampoo 340ml,15,20.12,33,0,15,0,18,12.24,72.59,95,0,4935.0,False
2026-05-18,ST005,Hyderabad,SKU002,Bath Soap 100g,25,35.85,175,139,25,0,150,20.44,127.98,150,0,1375.0,False
2026-05-18,ST005,Hyderabad,SKU003,Laundry Detergent 1kg,29,31.86,78,0,29,0,49,20.84,116.41,127,0,6380.0,False
2026-05-18,ST005,Hyderabad,SKU004,Dishwash Liquid 500ml,28,32.32,90,56,28,0,62,12.34,109.3,123,0,2800.0,False
2026-05-18,ST005,Hyderabad,SKU005,Instant Coffee 100g,13,17.51,38,0,13,0,25,14.86,67.38,93,0,2405.0,False
2026-05-19,ST001,Chennai,SKU001,Shampoo 340ml,28,26.57,42,0,28,0,14,15.47,95.18,121,0,8290.8,False
2026-05-19,ST001,Chennai,SKU002,Bath Soap 100g,40,40.66,160,127,40,0,120,22.0,143.97,120,106,2200.0,False
2026-05-19,ST001,Chennai,SKU003,Laundry Detergent 1kg,34,34.14,149,77,34,0,115,23.17,125.6,115,79,7480.0,False
2026-05-19,ST001,Chennai,SKU004,Dishwash Liquid 500ml,25,30.01,135,82,25,0,110,19.27,109.31,110,0,3125.0,False
2026-05-19,ST001,Chennai,SKU005,Instant Coffee 100g,27,25.09,92,92,27,0,65,13.38,88.64,65,74,4745.25,False
2026-05-19,ST002,Bengaluru,SKU001,Shampoo 340ml,27,26.89,75,0,27,0,48,15.75,96.41,115,0,8883.0,False
2026-05-19,ST002,Bengaluru,SKU002,Bath Soap 100g,38,42.99,200,147,38,0,162,20.34,149.29,162,0,2090.0,False
2026-05-19,ST002,Bengaluru,SKU003,Laundry Detergent 1kg,42,37.86,168,92,42,0,126,22.06,135.65,126,86,8778.0,False
2026-05-19,ST002,Bengaluru,SKU004,Dishwash Liquid 500ml,33,29.55,76,0,33,0,43,17.75,106.41,131,0,4125.0,False
2026-05-19,ST002,Bengaluru,SKU005,Instant Coffee 100g,21,27.74,101,81,21,0,80,17.43,100.64,80,77,3496.5,False
2026-05-19,ST003,Mumbai,SKU001,Shampoo 340ml,26,24.63,94,0,26,0,68,18.26,92.15,122,0,8554.0,False
2026-05-19,ST003,Mumbai,SKU002,Bath Soap 100g,57,47.47,98,0,57,0,41,21.73,164.13,170,0,3135.0,False
2026-05-19,ST003,Mumbai,SKU003,Laundry Detergent 1kg,37,35.61,221,221,37,0,184,23.53,130.37,184,0,8140.0,False
2026-05-19,ST003,Mumbai,SKU004,Dishwash Liquid 500ml,26,31.17,129,76,26,0,103,15.82,109.33,103,69,3250.0,False
2026-05-19,ST003,Mumbai,SKU005,Instant Coffee 100g,22,23.41,67,0,22,0,45,16.94,87.17,108,0,4070.0,False
2026-05-19,ST004,Delhi,SKU001,Shampoo 340ml,22,24.4,100,86,22,0,78,16.29,89.48,78,61,6876.1,False
2026-05-19,ST004,Delhi,SKU002,Bath Soap 100g,35,38.48,76,0,35,0,41,20.2,135.65,171,0,1925.0,False
2026-05-19,ST004,Delhi,SKU003,Laundry Detergent 1kg,30,30.75,57,0,30,0,27,14.74,106.99,128,0,6600.0,False
2026-05-19,ST004,Delhi,SKU004,Dishwash Liquid 500ml,35,25.64,85,0,35,0,50,15.54,92.47,111,0,4375.0,False
2026-05-19,ST004,Delhi,SKU005,Instant Coffee 100g,19,19.24,71,0,19,0,52,13.63,71.34,96,0,3515.0,False
2026-05-19,ST005,Hyderabad,SKU001,Shampoo 340ml,18,21.32,95,77,18,0,77,12.49,76.44,77,0,5922.0,False
2026-05-19,ST005,Hyderabad,SKU002,Bath Soap 100g,39,34.81,150,0,39,0,111,21.1,125.53,111,85,2145.0,False
2026-05-19,ST005,Hyderabad,SKU003,Laundry Detergent 1kg,21,30.01,127,78,21,0,106,20.88,110.91,106,65,4620.0,False
2026-05-19,ST005,Hyderabad,SKU004,Dishwash Liquid 500ml,23,25.66,62,0,23,0,39,12.29,89.28,100,0,2875.0,False
2026-05-19,ST005,Hyderabad,SKU005,Instant Coffee 100g,25,18.79,93,68,25,0,68,14.95,71.32,68,41,4625.0,False
2026-05-20,ST001,Chennai,SKU001,Shampoo 340ml,21,24.44,121,107,21,0,100,15.11,88.43,100,0,6909.0,False
2026-05-20,ST001,Chennai,SKU002,Bath Soap 100g,52,42.31,120,0,52,0,68,21.46,148.39,174,0,2860.0,False
2026-05-20,ST001,Chennai,SKU003,Laundry Detergent 1kg,33,32.38,115,0,33,0,82,22.65,119.79,161,0,7260.0,False
2026-05-20,ST001,Chennai,SKU004,Dishwash Liquid 500ml,31,29.39,110,0,31,0,79,19.63,107.79,79,88,3875.0,False
2026-05-20,ST001,Chennai,SKU005,Instant Coffee 100g,18,22.23,65,0,18,0,47,13.38,80.06,121,0,3330.0,False
2026-05-20,ST002,Bengaluru,SKU001,Shampoo 340ml,18,25.25,115,67,18,0,97,15.7,91.46,97,0,5922.0,False
2026-05-20,ST002,Bengaluru,SKU002,Bath Soap 100g,47,42.22,162,0,47,0,115,20.91,147.59,115,118,2585.0,False
2026-05-20,ST002,Bengaluru,SKU003,Laundry Detergent 1kg,45,36.09,126,0,45,0,81,22.21,130.47,167,0,9405.0,False
2026-05-20,ST002,Bengaluru,SKU004,Dishwash Liquid 500ml,27,28.98,131,88,27,0,104,17.74,104.68,104,59,3375.0,False
2026-05-20,ST002,Bengaluru,SKU005,Instant Coffee 100g,20,23.33,80,0,20,0,60,16.84,86.84,137,0,3700.0,False
2026-05-20,ST003,Mumbai,SKU001,Shampoo 340ml,36,28.67,68,0,36,0,32,18.3,104.3,86,76,10659.6,False
2026-05-20,ST003,Mumbai,SKU002,Bath Soap 100g,53,46.89,170,129,53,0,117,21.92,162.58,117,140,2915.0,False
2026-05-20,ST003,Mumbai,SKU003,Laundry Detergent 1kg,42,35.86,184,0,42,0,142,23.55,131.13,142,0,9240.0,False
2026-05-20,ST003,Mumbai,SKU004,Dishwash Liquid 500ml,24,29.88,103,0,24,0,79,16.22,105.87,148,0,3000.0,False
2026-05-20,ST003,Mumbai,SKU005,Instant Coffee 100g,17,23.35,108,63,17,0,91,15.76,85.8,91,0,3145.0,False
2026-05-20,ST004,Delhi,SKU001,Shampoo 340ml,24,21.9,78,0,24,0,54,15.39,81.09,115,0,7896.0,False
2026-05-20,ST004,Delhi,SKU002,Bath Soap 100g,38,38.68,171,130,38,0,133,18.51,134.55,133,79,2090.0,False
2026-05-20,ST004,Delhi,SKU003,Laundry Detergent 1kg,35,31.73,128,101,35,0,93,14.6,109.8,93,81,7700.0,False
2026-05-20,ST004,Delhi,SKU004,Dishwash Liquid 500ml,37,26.47,50,0,37,0,13,16.01,95.41,74,75,4393.75,False
2026-05-20,ST004,Delhi,SKU005,Instant Coffee 100g,16,20.46,52,0,16,0,36,13.55,74.95,80,0,2960.0,False
2026-05-20,ST005,Hyderabad,SKU001,Shampoo 340ml,23,20.32,77,0,23,0,54,12.55,73.51,54,61,7567.0,False
2026-05-20,ST005,Hyderabad,SKU002,Bath Soap 100g,38,36.41,111,0,38,0,73,20.94,130.18,158,0,2090.0,False
2026-05-20,ST005,Hyderabad,SKU003,Laundry Detergent 1kg,33,29.82,106,0,33,0,73,21.42,110.88,138,0,7260.0,False
2026-05-20,ST005,Hyderabad,SKU004,Dishwash Liquid 500ml,24,25.59,100,61,24,0,76,12.43,89.19,76,65,3000.0,False
2026-05-20,ST005,Hyderabad,SKU005,Instant Coffee 100g,26,17.54,68,0,26,0,42,14.81,67.42,83,0,4810.0,False
2026-05-21,ST001,Chennai,SKU001,Shampoo 340ml,28,24.39,100,0,28,0,72,15.39,88.55,72,66,9212.0,False
2026-05-21,ST001,Chennai,SKU002,Bath Soap 100g,48,46.4,68,0,48,0,20,20.42,159.63,126,127,2508.0,False
2026-05-21,ST001,Chennai,SKU003,Laundry Detergent 1kg,31,33.84,82,0,31,0,51,22.09,123.61,130,0,6820.0,False
2026-05-21,ST001,Chennai,SKU004,Dishwash Liquid 500ml,26,30.49,79,0,26,0,53,19.62,111.1,141,0,3250.0,False
2026-05-21,ST001,Chennai,SKU005,Instant Coffee 100g,15,21.71,47,0,15,0,32,12.7,77.82,106,0,2775.0,False
2026-05-21,ST002,Bengaluru,SKU001,Shampoo 340ml,34,25.45,97,0,34,0,63,15.98,92.32,63,81,11186.0,False
2026-05-21,ST002,Bengaluru,SKU002,Bath Soap 100g,45,42.29,115,0,45,0,70,19.99,146.85,188,0,2475.0,False
2026-05-21,ST002,Bengaluru,SKU003,Laundry Detergent 1kg,50,43.27,81,0,50,0,31,22.0,151.82,117,122,8800.0,False
2026-05-21,ST002,Bengaluru,SKU004,Dishwash Liquid 500ml,31,29.51,104,0,31,0,73,17.83,106.37,132,0,3875.0,False
2026-05-21,ST002,Bengaluru,SKU005,Instant Coffee 100g,22,23.85,60,0,22,0,38,17.01,88.56,115,0,4070.0,False
2026-05-21,ST003,Mumbai,SKU001,Shampoo 340ml,30,26.24,86,54,30,0,56,18.77,97.5,132,0,9870.0,False
2026-05-21,ST003,Mumbai,SKU002,Bath Soap 100g,35,46.76,117,0,35,0,82,21.92,162.19,222,0,1925.0,False
2026-05-21,ST003,Mumbai,SKU003,Laundry Detergent 1kg,32,35.92,142,0,32,0,110,23.57,131.32,110,94,7040.0,False
2026-05-21,ST003,Mumbai,SKU004,Dishwash Liquid 500ml,24,30.71,79,0,24,0,55,16.52,108.66,124,0,3000.0,False
2026-05-21,ST003,Mumbai,SKU005,Instant Coffee 100g,35,22.88,91,0,35,0,56,16.33,84.98,56,75,6475.0,False
2026-05-21,ST004,Delhi,SKU001,Shampoo 340ml,23,21.48,54,0,23,0,31,15.13,79.57,92,0,7567.0,False
2026-05-21,ST004,Delhi,SKU002,Bath Soap 100g,31,39.3,133,0,31,0,102,18.57,136.46,181,0,1705.0,False
2026-05-21,ST004,Delhi,SKU003,Laundry Detergent 1kg,33,31.52,93,0,33,0,60,14.64,109.2,141,0,7260.0,False
2026-05-21,ST004,Delhi,SKU004,Dishwash Liquid 500ml,32,32.66,74,61,32,0,42,16.7,114.67,117,0,3400.0,False
2026-05-21,ST004,Delhi,SKU005,Instant Coffee 100g,14,20.06,80,44,14,0,66,12.31,72.5,66,47,2590.0,False
2026-05-21,ST005,Hyderabad,SKU001,Shampoo 340ml,20,20.67,54,0,20,0,34,12.6,74.62,95,0,6580.0,False
2026-05-21,ST005,Hyderabad,SKU002,Bath Soap 100g,46,37.7,73,0,46,0,27,20.87,133.95,112,98,2530.0,False
2026-05-21,ST005,Hyderabad,SKU003,Laundry Detergent 1kg,26,29.62,73,0,26,0,47,21.08,109.92,112,0,5720.0,False
2026-05-21,ST005,Hyderabad,SKU004,Dishwash Liquid 500ml,36,33.44,76,0,36,0,40,11.99,112.3,105,75,3600.0,False
2026-05-21,ST005,Hyderabad,SKU005,Instant Coffee 100g,22,16.39,42,0,22,0,20,15.32,64.48,61,37,4070.0,False
2026-05-22,ST001,Chennai,SKU001,Shampoo 340ml,27,25.58,72,0,27,0,45,15.42,92.17,111,0,8883.0,False
2026-05-22,ST001,Chennai,SKU002,Bath Soap 100g,42,40.6,126,106,42,0,84,20.37,142.17,211,0,2310.0,False
2026-05-22,ST001,Chennai,SKU003,Laundry Detergent 1kg,32,32.14,130,79,32,0,98,21.37,117.79,98,85,7040.0,False
2026-05-22,ST001,Chennai,SKU004,Dishwash Liquid 500ml,23,32.31,53,0,23,0,30,19.28,116.21,118,0,2875.0,False
2026-05-22,ST001,Chennai,SKU005,Instant Coffee 100g,15,21.87,106,74,15,0,91,13.48,79.08,91,0,2775.0,False
2026-05-22,ST002,Bengaluru,SKU001,Shampoo 340ml,27,25.11,63,0,27,0,36,16.5,91.85,117,0,8883.0,False
2026-05-22,ST002,Bengaluru,SKU002,Bath Soap 100g,49,41.79,70,0,49,0,21,19.48,144.85,139,90,2695.0,False
2026-05-22,ST002,Bengaluru,SKU003,Laundry Detergent 1kg,37,36.31,117,86,37,0,80,22.72,131.64,202,0,8140.0,False
2026-05-22,ST002,Bengaluru,SKU004,Dishwash Liquid 500ml,32,28.8,73,0,32,0,41,16.86,103.27,100,61,4000.0,False
2026-05-22,ST002,Bengaluru,SKU005,Instant Coffee 100g,18,22.27,115,77,18,0,97,16.16,82.97,97,0,3330.0,False
2026-05-22,ST003,Mumbai,SKU001,Shampoo 340ml,48,31.62,56,0,48,0,8,18.04,112.9,84,93,14212.8,False
2026-05-22,ST003,Mumbai,SKU002,Bath Soap 100g,47,46.5,82,0,47,0,35,23.55,163.04,175,0,2585.0,False
2026-05-22,ST003,Mumbai,SKU003,Laundry Detergent 1kg,38,37.1,110,0,38,0,72,23.23,134.53,166,0,8360.0,False
2026-05-22,ST003,Mumbai,SKU004,Dishwash Liquid 500ml,20,30.51,124,69,20,0,104,17.06,108.58,104,66,2500.0,False
2026-05-22,ST003,Mumbai,SKU005,Instant Coffee 100g,28,24.41,56,0,28,0,28,16.89,90.1,103,0,5180.0,False
2026-05-22,ST004,Delhi,SKU001,Shampoo 340ml,17,21.89,92,61,17,0,75,15.12,80.79,75,50,5593.0,False
2026-05-22,ST004,Delhi,SKU002,Bath Soap 100g,38,38.73,102,0,38,0,64,18.21,134.41,143,0,2090.0,False
2026-05-22,ST004,Delhi,SKU003,Laundry Detergent 1kg,27,31.08,60,0,27,0,33,14.62,107.87,114,0,5940.0,False
2026-05-22,ST004,Delhi,SKU004,Dishwash Liquid 500ml,25,24.78,42,0,25,0,17,16.32,90.67,92,0,3125.0,False
2026-05-22,ST004,Delhi,SKU005,Instant Coffee 100g,31,22.09,66,0,31,0,35,12.95,79.23,82,0,5448.25,False
2026-05-22,ST005,Hyderabad,SKU001,Shampoo 340ml,38,28.97,34,0,34,4,0,11.55,98.46,61,96,8948.8,True
2026-05-22,ST005,Hyderabad,SKU002,Bath Soap 100g,37,36.76,112,85,37,0,75,21.26,131.55,173,0,2035.0,False
2026-05-22,ST005,Hyderabad,SKU003,Laundry Detergent 1kg,32,29.64,112,65,32,0,80,21.25,110.17,80,90,7040.0,False
2026-05-22,ST005,Hyderabad,SKU004,Dishwash Liquid 500ml,27,26.74,40,0,27,0,13,13.03,93.26,153,0,3375.0,False
2026-05-22,ST005,Hyderabad,SKU005,Instant Coffee 100g,32,17.27,61,41,32,0,29,15.23,67.03,66,36,5920.0,False
2026-05-23,ST001,Chennai,SKU001,Shampoo 340ml,33,28.2,45,0,33,0,12,15.29,99.88,78,79,10857.0,False
2026-05-23,ST001,Chennai,SKU002,Bath Soap 100g,45,47.04,84,0,45,0,39,19.5,160.61,166,0,2475.0,False
2026-05-23,ST001,Chennai,SKU003,Laundry Detergent 1kg,28,36.77,98,0,28,0,70,21.27,131.59,155,0,6160.0,False
2026-05-23,ST001,Chennai,SKU004,Dishwash Liquid 500ml,29,32.63,118,88,29,0,89,18.35,116.24,89,93,3625.0,False
2026-05-23,ST001,Chennai,SKU005,Instant Coffee 100g,16,24.95,91,0,16,0,75,14.17,89.03,75,64,2960.0,False
2026-05-23,ST002,Bengaluru,SKU001,Shampoo 340ml,33,28.24,36,0,33,0,3,16.5,101.24,84,74,10857.0,False
2026-05-23,ST002,Bengaluru,SKU002,Bath Soap 100g,45,51.21,139,118,45,0,94,18.37,172.01,184,0,2475.0,False
2026-05-23,ST002,Bengaluru,SKU003,Laundry Detergent 1kg,47,42.09,80,0,47,0,33,22.46,148.72,155,0,10340.0,False
2026-05-23,ST002,Bengaluru,SKU004,Dishwash Liquid 500ml,29,33.81,100,59,29,0,71,16.51,117.95,132,0,3625.0,False
2026-05-23,ST002,Bengaluru,SKU005,Instant Coffee 100g,15,24.9,97,0,15,0,82,16.29,90.99,82,59,2775.0,False
2026-05-23,ST003,Mumbai,SKU001,Shampoo 340ml,28,32.8,84,76,28,0,56,20.4,118.82,149,0,9212.0,False
2026-05-23,ST003,Mumbai,SKU002,Bath Soap 100g,62,54.3,175,140,62,0,113,23.6,186.49,113,183,3239.5,False
2026-05-23,ST003,Mumbai,SKU003,Laundry Detergent 1kg,29,41.66,72,0,29,0,43,22.88,147.86,137,95,6380.0,False
2026-05-23,ST003,Mumbai,SKU004,Dishwash Liquid 500ml,31,35.05,104,0,31,0,73,18.29,123.44,139,0,3875.0,False
2026-05-23,ST003,Mumbai,SKU005,Instant Coffee 100g,43,27.28,28,0,28,15,0,16.85,98.69,75,79,5180.0,True
2026-05-23,ST004,Delhi,SKU001,Shampoo 340ml,22,25.23,75,0,22,0,53,15.5,91.2,103,0,7238.0,False
2026-05-23,ST004,Delhi,SKU002,Bath Soap 100g,46,43.19,143,79,46,0,97,17.05,146.62,97,136,2530.0,False
2026-05-23,ST004,Delhi,SKU003,Laundry Detergent 1kg,24,36.96,114,81,24,0,90,14.91,125.79,90,110,5280.0,False
2026-05-23,ST004,Delhi,SKU004,Dishwash Liquid 500ml,41,34.63,92,75,41,0,51,16.31,120.2,51,139,4356.25,False
2026-05-23,ST004,Delhi,SKU005,Instant Coffee 100g,19,22.8,35,0,19,0,16,13.69,82.09,63,65,3515.0,False
2026-05-23,ST005,Hyderabad,SKU001,Shampoo 340ml,25,25.53,61,61,25,0,36,14.87,91.45,132,0,8225.0,False
2026-05-23,ST005,Hyderabad,SKU002,Bath Soap 100g,39,42.38,75,0,39,0,36,21.19,148.32,134,100,2145.0,False
2026-05-23,ST005,Hyderabad,SKU003,Laundry Detergent 1kg,35,34.22,80,0,35,0,45,20.63,123.28,135,0,7700.0,False
2026-05-23,ST005,Hyderabad,SKU004,Dishwash Liquid 500ml,32,29.07,78,65,32,0,46,13.02,100.24,121,0,4000.0,False
2026-05-23,ST005,Hyderabad,SKU005,Instant Coffee 100g,20,25.94,29,0,20,0,9,16.59,94.41,82,65,3330.0,False
2026-05-24,ST001,Chennai,SKU001,Shampoo 340ml,29,31.1,78,66,29,0,49,15.41,108.7,128,0,8586.9,False
2026-05-24,ST001,Chennai,SKU002,Bath Soap 100g,59,45.13,166,127,59,0,107,19.39,154.79,107,139,3245.0,False
2026-05-24,ST001,Chennai,SKU003,Laundry Detergent 1kg,43,38.34,70,0,43,0,27,21.08,136.1,112,101,9460.0,False
2026-05-24,ST001,Chennai,SKU004,Dishwash Liquid 500ml,37,35.34,89,0,37,0,52,18.25,124.28,145,0,4625.0,False
2026-05-24,ST001,Chennai,SKU005,Instant Coffee 100g,30,25.04,75,0,30,0,45,14.64,89.77,109,0,5550.0,False
2026-05-24,ST002,Bengaluru,SKU001,Shampoo 340ml,24,28.53,84,81,24,0,60,15.17,100.76,134,0,7896.0,False
2026-05-24,ST002,Bengaluru,SKU002,Bath Soap 100g,37,48.5,94,0,37,0,57,18.23,163.72,147,114,2035.0,False
2026-05-24,ST002,Bengaluru,SKU003,Laundry Detergent 1kg,48,38.84,155,122,48,0,107,22.46,138.96,107,110,10560.0,False
2026-05-24,ST002,Bengaluru,SKU004,Dishwash Liquid 500ml,27,33.43,71,0,27,0,44,16.51,116.8,105,79,3375.0,False
2026-05-24,ST002,Bengaluru,SKU005,Instant Coffee 100g,18,25.35,82,0,18,0,64,16.94,92.99,123,0,3330.0,False
2026-05-24,ST003,Mumbai,SKU001,Shampoo 340ml,31,32.24,56,0,31,0,25,20.26,116.99,118,0,9689.05,False
2026-05-24,ST003,Mumbai,SKU002,Bath Soap 100g,60,53.43,113,0,60,0,53,23.27,183.57,236,0,3300.0,False
2026-05-24,ST003,Mumbai,SKU003,Laundry Detergent 1kg,35,43.7,137,94,35,0,102,22.08,153.18,197,0,7700.0,False
2026-05-24,ST003,Mumbai,SKU004,Dishwash Liquid 500ml,46,41.67,73,0,46,0,27,18.23,143.23,93,134,5175.0,False
2026-05-24,ST003,Mumbai,SKU005,Instant Coffee 100g,32,30.03,75,75,32,0,43,19.09,109.17,122,0,5920.0,False
2026-05-24,ST004,Delhi,SKU001,Shampoo 340ml,22,24.88,53,0,22,0,31,15.47,90.11,81,59,7238.0,False
2026-05-24,ST004,Delhi,SKU002,Bath Soap 100g,49,43.9,97,0,49,0,48,16.71,148.4,184,0,2695.0,False
2026-05-24,ST004,Delhi,SKU003,Laundry Detergent 1kg,38,34.8,90,0,38,0,52,15.43,119.82,162,0,8360.0,False
2026-05-24,ST004,Delhi,SKU004,Dishwash Liquid 500ml,46,32.87,51,0,46,0,5,17.69,116.29,144,0,5175.0,False
2026-05-24,ST004,Delhi,SKU005,Instant Coffee 100g,25,23.25,63,47,25,0,38,13.69,83.44,103,0,4625.0,False
2026-05-24,ST005,Hyderabad,SKU001,Shampoo 340ml,23,24.36,36,0,23,0,13,15.01,88.07,109,0,7567.0,False
2026-05-24,ST005,Hyderabad,SKU002,Bath Soap 100g,48,40.79,134,98,48,0,86,21.04,143.42,186,0,2640.0,False
2026-05-24,ST005,Hyderabad,SKU003,Laundry Detergent 1kg,41,34.6,45,0,41,0,4,18.84,122.62,94,98,9020.0,False
2026-05-24,ST005,Hyderabad,SKU004,Dishwash Liquid 500ml,30,30.08,121,75,30,0,91,13.02,103.24,91,73,3375.0,False
2026-05-24,ST005,Hyderabad,SKU005,Instant Coffee 100g,24,22.92,46,37,24,0,22,16.58,85.35,123,0,4440.0,False
2026-05-25,ST001,Chennai,SKU001,Shampoo 340ml,26,23.83,49,0,26,0,23,15.43,86.91,102,0,8554.0,False
2026-05-25,ST001,Chennai,SKU002,Bath Soap 100g,32,44.19,107,0,32,0,75,20.69,153.26,214,0,1760.0,False
2026-05-25,ST001,Chennai,SKU003,Laundry Detergent 1kg,34,32.63,112,85,34,0,78,21.45,119.34,179,0,7480.0,False
2026-05-25,ST001,Chennai,SKU004,Dishwash Liquid 500ml,15,29.36,52,0,15,0,37,17.8,105.87,130,0,1875.0,False
2026-05-25,ST001,Chennai,SKU005,Instant Coffee 100g,24,21.86,45,0,24,0,21,14.64,80.22,85,0,4440.0,False
2026-05-25,ST002,Bengaluru,SKU001,Shampoo 340ml,29,25.8,60,0,29,0,31,15.22,92.61,105,0,9541.0,False
2026-05-25,ST002,Bengaluru,SKU002,Bath Soap 100g,36,42.38,147,90,36,0,111,19.14,146.28,225,0,1980.0,False
2026-05-25,ST002,Bengaluru,SKU003,Laundry Detergent 1kg,26,36.18,107,0,26,0,81,23.03,131.57,191,0,5720.0,False
2026-05-25,ST002,Bengaluru,SKU004,Dishwash Liquid 500ml,40,37.37,105,61,40,0,65,16.07,128.17,144,0,4000.0,False
2026-05-25,ST002,Bengaluru,SKU005,Instant Coffee 100g,24,22.85,64,0,24,0,40,16.45,85.0,99,0,4440.0,False
2026-05-25,ST003,Mumbai,SKU001,Shampoo 340ml,21,26.64,118,93,21,0,97,20.09,100.0,97,57,6909.0,False
2026-05-25,ST003,Mumbai,SKU002,Bath Soap 100g,56,59.3,53,0,53,3,0,21.78,199.68,183,136,2332.0,True
2026-05-25,ST003,Mumbai,SKU003,Laundry Detergent 1kg,29,35.8,102,0,29,0,73,20.17,127.57,168,0,6380.0,False
2026-05-25,ST003,Mumbai,SKU004,Dishwash Liquid 500ml,33,29.88,93,66,33,0,60,19.41,109.04,194,0,4125.0,False
2026-05-25,ST003,Mumbai,SKU005,Instant Coffee 100g,32,25.16,43,0,32,0,11,18.47,93.94,90,55,5920.0,False
2026-05-25,ST004,Delhi,SKU001,Shampoo 340ml,24,21.19,81,50,24,0,57,14.8,78.38,116,0,7896.0,False
2026-05-25,ST004,Delhi,SKU002,Bath Soap 100g,33,38.15,48,0,33,0,15,17.12,131.57,151,0,1815.0,False
2026-05-25,ST004,Delhi,SKU003,Laundry Detergent 1kg,34,29.6,52,0,34,0,18,14.04,102.83,128,0,7480.0,False
2026-05-25,ST004,Delhi,SKU004,Dishwash Liquid 500ml,33,27.66,5,0,5,28,0,19.9,102.88,139,0,625.0,True
2026-05-25,ST004,Delhi,SKU005,Instant Coffee 100g,15,21.09,38,0,15,0,23,13.25,76.54,88,0,2775.0,False
2026-05-25,ST005,Hyderabad,SKU001,Shampoo 340ml,20,20.86,109,96,20,0,89,14.97,77.55,89,0,6580.0,False
2026-05-25,ST005,Hyderabad,SKU002,Bath Soap 100g,46,40.99,86,0,46,0,40,21.17,144.14,140,87,2150.5,False
2026-05-25,ST005,Hyderabad,SKU003,Laundry Detergent 1kg,34,29.2,94,90,34,0,60,19.42,107.02,158,0,7480.0,False
2026-05-25,ST005,Hyderabad,SKU004,Dishwash Liquid 500ml,35,31.95,91,0,35,0,56,13.02,108.87,129,0,3718.75,False
2026-05-25,ST005,Hyderabad,SKU005,Instant Coffee 100g,20,17.39,58,36,20,0,38,15.31,67.47,103,0,3700.0,False
2026-05-26,ST001,Chennai,SKU001,Shampoo 340ml,20,24.8,102,79,20,0,82,14.86,89.27,82,57,6580.0,False
2026-05-26,ST001,Chennai,SKU002,Bath Soap 100g,44,43.57,75,0,44,0,31,21.92,152.63,170,0,2420.0,False
2026-05-26,ST001,Chennai,SKU003,Laundry Detergent 1kg,26,31.1,78,0,26,0,52,20.15,113.45,153,0,5720.0,False
2026-05-26,ST001,Chennai,SKU004,Dishwash Liquid 500ml,33,29.08,130,93,33,0,97,19.91,107.16,97,69,4125.0,False
2026-05-26,ST001,Chennai,SKU005,Instant Coffee 100g,24,21.72,85,64,24,0,61,14.64,79.81,61,63,4440.0,False
2026-05-26,ST002,Bengaluru,SKU001,Shampoo 340ml,21,24.11,105,74,21,0,84,15.07,87.39,84,52,6909.0,False
2026-05-26,ST002,Bengaluru,SKU002,Bath Soap 100g,40,42.71,111,0,40,0,71,19.82,147.95,185,0,2200.0,False
2026-05-26,ST002,Bengaluru,SKU003,Laundry Detergent 1kg,44,43.92,81,0,44,0,37,24.02,155.78,147,97,7744.0,False
2026-05-26,ST002,Bengaluru,SKU004,Dishwash Liquid 500ml,40,38.9,65,0,40,0,25,16.4,133.1,104,107,4000.0,False
2026-05-26,ST002,Bengaluru,SKU005,Instant Coffee 100g,28,23.65,99,59,28,0,71,16.37,87.33,71,64,5180.0,False
2026-05-26,ST003,Mumbai,SKU001,Shampoo 340ml,37,29.22,97,0,37,0,60,20.45,108.1,117,0,12173.0,False
2026-05-26,ST003,Mumbai,SKU002,Bath Soap 100g,50,46.23,183,183,50,0,133,22.02,160.71,269,0,2750.0,False
2026-05-26,ST003,Mumbai,SKU003,Laundry Detergent 1kg,44,37.31,168,95,44,0,124,20.5,132.44,124,84,9196.0,False
2026-05-26,ST003,Mumbai,SKU004,Dishwash Liquid 500ml,28,31.09,60,0,28,0,32,19.11,112.37,166,0,3500.0,False
2026-05-26,ST003,Mumbai,SKU005,Instant Coffee 100g,17,24.81,90,79,17,0,73,17.46,91.89,128,0,3145.0,False
2026-05-26,ST004,Delhi,SKU001,Shampoo 340ml,21,22.58,57,0,21,0,36,14.74,82.49,95,0,6909.0,False
2026-05-26,ST004,Delhi,SKU002,Bath Soap 100g,40,39.5,151,136,40,0,111,17.61,136.12,111,105,2200.0,False
2026-05-26,ST004,Delhi,SKU003,Laundry Detergent 1kg,23,30.38,128,110,23,0,105,13.98,105.12,105,61,5060.0,False
2026-05-26,ST004,Delhi,SKU004,Dishwash Liquid 500ml,26,27.06,139,139,26,0,113,19.7,100.89,113,0,3250.0,False
2026-05-26,ST004,Delhi,SKU005,Instant Coffee 100g,24,20.16,88,65,24,0,64,13.5,73.99,64,51,4440.0,False
2026-05-26,ST005,Hyderabad,SKU001,Shampoo 340ml,28,20.57,89,0,28,0,61,14.56,76.28,61,57,9212.0,False
2026-05-26,ST005,Hyderabad,SKU002,Bath Soap 100g,39,36.49,140,100,39,0,101,21.35,130.84,188,0,2145.0,False
2026-05-26,ST005,Hyderabad,SKU003,Laundry Detergent 1kg,34,36.18,60,0,34,0,26,19.25,127.78,124,77,6732.0,False
2026-05-26,ST005,Hyderabad,SKU004,Dishwash Liquid 500ml,32,23.96,56,0,32,0,24,13.7,85.59,97,0,4000.0,False
2026-05-26,ST005,Hyderabad,SKU005,Instant Coffee 100g,20,18.33,103,65,20,0,83,15.25,70.25,83,0,3700.0,False
2026-05-27,ST001,Chennai,SKU001,Shampoo 340ml,14,24.14,82,0,14,0,68,14.86,87.28,125,0,4606.0,False
2026-05-27,ST001,Chennai,SKU002,Bath Soap 100g,49,43.18,170,139,49,0,121,21.82,151.36,121,117,2560.25,False
2026-05-27,ST001,Chennai,SKU003,Laundry Detergent 1kg,35,32.68,153,101,35,0,118,20.32,118.37,118,66,7700.0,False
2026-05-27,ST001,Chennai,SKU004,Dishwash Liquid 500ml,19,29.38,97,0,19,0,78,19.29,107.43,147,0,2375.0,False
2026-05-27,ST001,Chennai,SKU005,Instant Coffee 100g,13,22.04,61,0,13,0,48,14.43,80.56,111,0,2405.0,False
2026-05-27,ST002,Bengaluru,SKU001,Shampoo 340ml,27,25.26,84,0,27,0,57,15.16,90.94,109,0,8883.0,False
2026-05-27,ST002,Bengaluru,SKU002,Bath Soap 100g,54,44.05,185,114,54,0,131,20.21,152.36,131,110,2970.0,False
2026-05-27,ST002,Bengaluru,SKU003,Laundry Detergent 1kg,38,33.96,147,110,38,0,109,23.99,125.88,206,0,8360.0,False
2026-05-27,ST002,Bengaluru,SKU004,Dishwash Liquid 500ml,44,38.15,104,79,44,0,60,15.51,129.97,167,0,4400.0,False
2026-05-27,ST002,Bengaluru,SKU005,Instant Coffee 100g,22,25.22,71,0,22,0,49,16.44,92.09,113,0,4070.0,False
2026-05-27,ST003,Mumbai,SKU001,Shampoo 340ml,34,32.44,60,0,34,0,26,19.79,117.12,83,100,9508.1,False
2026-05-27,ST003,Mumbai,SKU002,Bath Soap 100g,52,44.79,133,0,52,0,81,21.75,156.14,217,0,2860.0,False
2026-05-27,ST003,Mumbai,SKU003,Laundry Detergent 1kg,47,45.4,124,0,47,0,77,20.7,156.9,161,0,8272.0,False
2026-05-27,ST003,Mumbai,SKU004,Dishwash Liquid 500ml,28,32.16,166,134,28,0,138,19.25,115.73,138,0,3500.0,False
2026-05-27,ST003,Mumbai,SKU005,Instant Coffee 100g,21,28.25,73,0,21,0,52,18.32,103.08,107,0,3885.0,False
2026-05-27,ST004,Delhi,SKU001,Shampoo 340ml,18,22.02,95,59,18,0,77,14.63,80.68,77,48,5922.0,False
2026-05-27,ST004,Delhi,SKU002,Bath Soap 100g,39,37.79,111,0,39,0,72,17.15,130.54,177,0,2145.0,False
2026-05-27,ST004,Delhi,SKU003,Laundry Detergent 1kg,28,30.05,105,0,28,0,77,14.52,104.67,138,0,6160.0,False
2026-05-27,ST004,Delhi,SKU004,Dishwash Liquid 500ml,33,27.42,113,0,33,0,80,19.79,102.05,80,77,4125.0,False
2026-05-27,ST004,Delhi,SKU005,Instant Coffee 100g,22,20.78,64,0,22,0,42,13.55,75.9,93,0,4070.0,False
2026-05-27,ST005,Hyderabad,SKU001,Shampoo 340ml,20,21.22,61,0,20,0,41,14.94,78.59,98,0,6580.0,False
2026-05-27,ST005,Hyderabad,SKU002,Bath Soap 100g,52,35.51,101,0,52,0,49,21.22,127.76,136,0,2860.0,False
2026-05-27,ST005,Hyderabad,SKU003,Laundry Detergent 1kg,41,30.25,124,98,41,0,83,19.24,109.99,160,0,9020.0,False
2026-05-27,ST005,Hyderabad,SKU004,Dishwash Liquid 500ml,30,23.85,97,73,30,0,67,13.94,85.5,67,67,3750.0,False
2026-05-27,ST005,Hyderabad,SKU005,Instant Coffee 100g,15,16.92,83,0,15,0,68,14.82,65.58,68,0,2775.0,False
2026-05-28,ST001,Chennai,SKU001,Shampoo 340ml,18,23.99,68,0,18,0,50,16.32,88.28,107,0,5922.0,False
2026-05-28,ST001,Chennai,SKU002,Bath Soap 100g,38,40.85,121,0,38,0,83,21.78,144.33,200,0,2090.0,False
2026-05-28,ST001,Chennai,SKU003,Laundry Detergent 1kg,43,32.06,118,0,43,0,75,19.88,116.07,141,0,9460.0,False
2026-05-28,ST001,Chennai,SKU004,Dishwash Liquid 500ml,33,29.12,78,0,33,0,45,20.34,107.71,114,0,4125.0,False
2026-05-28,ST001,Chennai,SKU005,Instant Coffee 100g,17,21.15,48,0,17,0,31,15.25,78.71,94,0,3145.0,False
2026-05-28,ST002,Bengaluru,SKU001,Shampoo 340ml,21,25.44,57,0,21,0,36,15.17,91.49,88,55,6909.0,False
2026-05-28,ST002,Bengaluru,SKU002,Bath Soap 100g,40,43.35,131,0,40,0,91,20.31,150.35,201,0,2200.0,False
2026-05-28,ST002,Bengaluru,SKU003,Laundry Detergent 1kg,50,33.73,109,0,50,0,59,23.93,125.13,156,0,11000.0,False
2026-05-28,ST002,Bengaluru,SKU004,Dishwash Liquid 500ml,37,29.8,60,0,37,0,23,16.57,105.96,130,0,4625.0,False
2026-05-28,ST002,Bengaluru,SKU005,Instant Coffee 100g,19,24.18,49,0,19,0,30,16.31,88.85,94,0,3515.0,False
2026-05-28,ST003,Mumbai,SKU001,Shampoo 340ml,24,26.92,83,57,24,0,59,19.81,100.56,159,0,7896.0,False
2026-05-28,ST003,Mumbai,SKU002,Bath Soap 100g,42,49.09,217,136,42,0,175,21.69,168.95,175,0,2310.0,False
2026-05-28,ST003,Mumbai,SKU003,Laundry Detergent 1kg,44,37.26,77,0,44,0,33,21.02,132.78,117,91,9680.0,False
2026-05-28,ST003,Mumbai,SKU004,Dishwash Liquid 500ml,34,31.35,138,0,34,0,104,19.38,113.43,104,73,4250.0,False
2026-05-28,ST003,Mumbai,SKU005,Instant Coffee 100g,21,27.44,107,55,21,0,86,18.38,100.69,86,70,3885.0,False
2026-05-28,ST004,Delhi,SKU001,Shampoo 340ml,21,30.83,77,0,21,0,56,14.67,107.16,104,65,5527.2,False
2026-05-28,ST004,Delhi,SKU002,Bath Soap 100g,34,39.71,72,0,34,0,38,16.9,136.02,143,0,1870.0,False
2026-05-28,ST004,Delhi,SKU003,Laundry Detergent 1kg,31,30.06,77,0,31,0,46,14.57,104.74,107,0,6820.0,False
2026-05-28,ST004,Delhi,SKU004,Dishwash Liquid 500ml,28,27.58,80,0,28,0,52,19.55,102.3,129,0,3500.0,False
2026-05-28,ST004,Delhi,SKU005,Instant Coffee 100g,23,19.96,42,0,23,0,19,13.55,73.44,70,44,4255.0,False
2026-05-28,ST005,Hyderabad,SKU001,Shampoo 340ml,27,20.92,41,0,27,0,14,14.68,77.46,71,49,8883.0,False
2026-05-28,ST005,Hyderabad,SKU002,Bath Soap 100g,31,36.17,136,87,31,0,105,22.4,130.9,105,99,1619.75,False
2026-05-28,ST005,Hyderabad,SKU003,Laundry Detergent 1kg,28,30.29,83,0,28,0,55,18.03,108.89,132,0,6160.0,False
2026-05-28,ST005,Hyderabad,SKU004,Dishwash Liquid 500ml,27,25.19,67,0,27,0,40,12.98,88.56,107,0,3375.0,False
2026-05-28,ST005,Hyderabad,SKU005,Instant Coffee 100g,15,18.05,68,0,15,0,53,14.97,69.13,53,53,2775.0,False
2026-05-29,ST001,Chennai,SKU001,Shampoo 340ml,17,24.37,107,57,17,0,90,16.58,89.69,90,0,5593.0,False
2026-05-29,ST001,Chennai,SKU002,Bath Soap 100g,43,43.53,83,0,43,0,40,20.68,151.27,157,0,2365.0,False
2026-05-29,ST001,Chennai,SKU003,Laundry Detergent 1kg,33,33.12,75,0,33,0,42,19.43,118.79,108,78,7260.0,False
2026-05-29,ST001,Chennai,SKU004,Dishwash Liquid 500ml,26,29.17,114,69,26,0,88,20.34,107.85,88,79,3250.0,False
2026-05-29,ST001,Chennai,SKU005,Instant Coffee 100g,28,21.36,94,63,28,0,66,15.55,79.64,66,57,5180.0,False
2026-05-29,ST002,Bengaluru,SKU001,Shampoo 340ml,28,24.84,88,52,28,0,60,14.93,89.44,115,0,9212.0,False
2026-05-29,ST002,Bengaluru,SKU002,Bath Soap 100g,49,43.42,91,0,49,0,42,20.48,150.74,152,0,2695.0,False
2026-05-29,ST002,Bengaluru,SKU003,Laundry Detergent 1kg,35,35.56,156,97,35,0,121,24.62,131.31,121,82,7700.0,False
2026-05-29,ST002,Bengaluru,SKU004,Dishwash Liquid 500ml,32,29.59,130,107,32,0,98,16.48,105.23,98,67,4000.0,False
2026-05-29,ST002,Bengaluru,SKU005,Instant Coffee 100g,27,25.63,94,64,27,0,67,16.11,93.02,67,78,4995.0,False
2026-05-29,ST003,Mumbai,SKU001,Shampoo 340ml,21,26.42,59,0,21,0,38,18.47,97.73,138,0,6909.0,False
2026-05-29,ST003,Mumbai,SKU002,Bath Soap 100g,50,45.45,175,0,50,0,125,22.17,158.53,125,125,2750.0,False
2026-05-29,ST003,Mumbai,SKU003,Laundry Detergent 1kg,24,36.8,117,84,24,0,93,20.75,131.14,184,0,5280.0,False
2026-05-29,ST003,Mumbai,SKU004,Dishwash Liquid 500ml,25,30.25,104,0,25,0,79,19.34,110.1,152,0,3125.0,False
2026-05-29,ST003,Mumbai,SKU005,Instant Coffee 100g,21,25.31,86,0,21,0,65,18.63,94.54,135,0,3885.0,False
2026-05-29,ST004,Delhi,SKU001,Shampoo 340ml,30,32.41,56,0,30,0,26,13.47,110.69,139,0,7896.0,False
2026-05-29,ST004,Delhi,SKU002,Bath Soap 100g,39,38.1,143,105,39,0,104,17.17,131.46,104,104,2145.0,False
2026-05-29,ST004,Delhi,SKU003,Laundry Detergent 1kg,34,30.8,107,61,34,0,73,14.42,106.8,73,96,7480.0,False
2026-05-29,ST004,Delhi,SKU004,Dishwash Liquid 500ml,27,27.63,52,0,27,0,25,19.1,101.99,102,0,3375.0,False
2026-05-29,ST004,Delhi,SKU005,Instant Coffee 100g,16,19.76,70,51,16,0,54,13.55,72.82,98,0,2960.0,False
2026-05-29,ST005,Hyderabad,SKU001,Shampoo 340ml,15,21.68,71,57,15,0,56,14.68,79.71,105,0,4935.0,False
2026-05-29,ST005,Hyderabad,SKU002,Bath Soap 100g,37,37.83,105,0,37,0,68,22.68,136.17,167,0,2035.0,False
2026-05-29,ST005,Hyderabad,SKU003,Laundry Detergent 1kg,23,30.17,132,77,23,0,109,17.38,107.89,109,0,5060.0,False
2026-05-29,ST005,Hyderabad,SKU004,Dishwash Liquid 500ml,16,24.33,40,0,16,0,24,12.95,85.93,91,0,2000.0,False
2026-05-29,ST005,Hyderabad,SKU005,Instant Coffee 100g,22,17.84,53,0,22,0,31,15.17,68.69,84,0,4070.0,False
2026-05-30,ST001,Chennai,SKU001,Shampoo 340ml,27,27.15,90,0,27,0,63,16.99,98.42,63,90,8883.0,False
2026-05-30,ST001,Chennai,SKU002,Bath Soap 100g,53,49.3,157,117,53,0,104,19.1,166.99,104,162,2915.0,False
2026-05-30,ST001,Chennai,SKU003,Laundry Detergent 1kg,42,37.66,108,66,42,0,66,17.98,130.95,144,0,9240.0,False
2026-05-30,ST001,Chennai,SKU004,Dishwash Liquid 500ml,38,36.35,88,0,38,0,50,20.51,129.55,129,74,4275.0,False
2026-05-30,ST001,Chennai,SKU005,Instant Coffee 100g,26,24.51,66,0,26,0,40,15.72,89.24,97,0,4810.0,False
2026-05-30,ST002,Bengaluru,SKU001,Shampoo 340ml,29,28.85,60,0,29,0,31,14.98,101.51,86,74,9541.0,False
2026-05-30,ST002,Bengaluru,SKU002,Bath Soap 100g,58,49.07,152,110,58,0,94,20.32,167.53,94,172,3190.0,False
2026-05-30,ST002,Bengaluru,SKU003,Laundry Detergent 1kg,34,38.89,121,0,34,0,87,24.07,140.74,169,0,7480.0,False
2026-05-30,ST002,Bengaluru,SKU004,Dishwash Liquid 500ml,34,34.12,98,0,34,0,64,16.38,118.75,131,0,4250.0,False
2026-05-30,ST002,Bengaluru,SKU005,Instant Coffee 100g,21,26.64,67,0,21,0,46,14.91,94.84,124,0,3885.0,False
2026-05-30,ST003,Mumbai,SKU001,Shampoo 340ml,25,31.78,138,100,25,0,113,18.75,114.09,113,65,8225.0,False
2026-05-30,ST003,Mumbai,SKU002,Bath Soap 100g,54,51.84,125,0,54,0,71,22.1,177.61,196,0,2970.0,False
2026-05-30,ST003,Mumbai,SKU003,Laundry Detergent 1kg,57,45.76,93,0,57,0,36,22.17,159.44,127,124,11286.0,False
2026-05-30,ST003,Mumbai,SKU004,Dishwash Liquid 500ml,43,35.62,79,0,43,0,36,19.6,126.45,109,89,5375.0,False
2026-05-30,ST003,Mumbai,SKU005,Instant Coffee 100g,24,30.27,65,0,24,0,41,18.63,109.45,111,0,4440.0,False
2026-05-30,ST004,Delhi,SKU001,Shampoo 340ml,23,24.81,74,48,23,0,51,13.97,88.39,116,0,7567.0,False
2026-05-30,ST004,Delhi,SKU002,Bath Soap 100g,43,42.29,104,0,43,0,61,17.17,144.04,165,0,2365.0,False
2026-05-30,ST004,Delhi,SKU003,Laundry Detergent 1kg,33,34.16,73,0,33,0,40,14.42,116.9,136,0,7260.0,False
2026-05-30,ST004,Delhi,SKU004,Dishwash Liquid 500ml,33,33.0,102,77,33,0,69,19.08,118.1,69,116,4125.0,False
2026-05-30,ST004,Delhi,SKU005,Instant Coffee 100g,18,23.34,54,0,18,0,36,13.43,83.44,80,51,3330.0,False
2026-05-30,ST005,Hyderabad,SKU001,Shampoo 340ml,23,23.95,56,0,23,0,33,14.54,86.39,82,53,7567.0,False
2026-05-30,ST005,Hyderabad,SKU002,Bath Soap 100g,40,39.98,68,0,40,0,28,22.65,142.59,127,96,2200.0,False
2026-05-30,ST005,Hyderabad,SKU003,Laundry Detergent 1kg,31,35.25,109,0,31,0,78,18.05,123.79,78,117,6820.0,False
2026-05-30,ST005,Hyderabad,SKU004,Dishwash Liquid 500ml,31,30.35,91,67,31,0,60,14.43,105.49,60,107,3487.5,False
2026-05-30,ST005,Hyderabad,SKU005,Instant Coffee 100g,30,23.11,31,0,30,0,1,15.21,84.54,54,77,5550.0,False
2026-05-31,ST001,Chennai,SKU001,Shampoo 340ml,25,28.83,63,0,25,0,38,16.93,103.42,128,0,8225.0,False
2026-05-31,ST001,Chennai,SKU002,Bath Soap 100g,44,47.13,104,0,44,0,60,19.55,160.95,222,0,2420.0,False
2026-05-31,ST001,Chennai,SKU003,Laundry Detergent 1kg,40,37.05,66,0,40,0,26,18.54,129.69,104,100,8800.0,False
2026-05-31,ST001,Chennai,SKU004,Dishwash Liquid 500ml,30,32.98,50,0,30,0,20,20.82,119.77,173,0,3750.0,False
2026-05-31,ST001,Chennai,SKU005,Instant Coffee 100g,28,24.12,40,0,28,0,12,14.94,87.31,69,67,5180.0,False
2026-05-31,ST002,Bengaluru,SKU001,Shampoo 340ml,34,30.16,86,55,34,0,52,15.03,105.51,126,0,11186.0,False
2026-05-31,ST002,Bengaluru,SKU002,Bath Soap 100g,54,49.5,94,0,54,0,40,21.14,169.63,212,0,2970.0,False
2026-05-31,ST002,Bengaluru,SKU003,Laundry Detergent 1kg,30,39.21,87,0,30,0,57,24.16,141.79,139,82,6600.0,False
2026-05-31,ST002,Bengaluru,SKU004,Dishwash Liquid 500ml,33,33.02,64,0,33,0,31,16.41,115.46,98,84,4125.0,False
2026-05-31,ST002,Bengaluru,SKU005,Instant Coffee 100g,31,28.43,46,0,31,0,15,14.8,100.11,93,64,5735.0,False
2026-05-31,ST003,Mumbai,SKU001,Shampoo 340ml,25,29.68,113,0,25,0,88,18.52,107.57,153,0,8225.0,False
2026-05-31,ST003,Mumbai,SKU002,Bath Soap 100g,39,47.38,71,0,39,0,32,20.87,163.01,157,101,2145.0,False
2026-05-31,ST003,Mumbai,SKU003,Laundry Detergent 1kg,43,45.43,127,91,43,0,84,23.23,159.52,208,0,9460.0,False
2026-05-31,ST003,Mumbai,SKU004,Dishwash Liquid 500ml,29,32.19,109,73,29,0,80,20.44,117.01,169,0,3625.0,False
2026-05-31,ST003,Mumbai,SKU005,Instant Coffee 100g,32,25.91,111,70,32,0,79,18.3,96.01,79,69,5920.0,False
2026-05-31,ST004,Delhi,SKU001,Shampoo 340ml,26,25.61,116,65,26,0,90,13.92,90.76,90,52,8554.0,False
2026-05-31,ST004,Delhi,SKU002,Bath Soap 100g,39,40.83,61,0,39,0,22,16.95,139.43,126,96,2145.0,False
2026-05-31,ST004,Delhi,SKU003,Laundry Detergent 1kg,29,34.6,40,0,29,0,11,14.29,118.1,107,81,6380.0,False
2026-05-31,ST004,Delhi,SKU004,Dishwash Liquid 500ml,29,30.57,69,0,29,0,40,19.04,110.75,156,0,3625.0,False
2026-05-31,ST004,Delhi,SKU005,Instant Coffee 100g,30,23.08,80,44,30,0,50,13.55,82.79,101,0,5550.0,False
2026-05-31,ST005,Hyderabad,SKU001,Shampoo 340ml,26,23.73,82,49,26,0,56,14.55,85.75,109,0,8554.0,False
2026-05-31,ST005,Hyderabad,SKU002,Bath Soap 100g,38,40.27,127,99,38,0,89,22.65,143.45,185,0,2090.0,False
2026-05-31,ST005,Hyderabad,SKU003,Laundry Detergent 1kg,43,31.88,78,0,43,0,35,17.71,113.36,152,0,9460.0,False
2026-05-31,ST005,Hyderabad,SKU004,Dishwash Liquid 500ml,31,28.1,60,0,31,0,29,13.33,97.62,136,0,3875.0,False
2026-05-31,ST005,Hyderabad,SKU005,Instant Coffee 100g,24,21.79,54,53,24,0,30,15.97,81.33,107,0,4440.0,False
2026-06-01,ST001,Chennai,SKU001,Shampoo 340ml,19,23.36,38,0,19,0,19,15.74,85.82,109,0,6251.0,False
2026-06-01,ST001,Chennai,SKU002,Bath Soap 100g,41,44.12,60,0,41,0,19,19.55,151.9,181,0,2255.0,False
2026-06-01,ST001,Chennai,SKU003,Laundry Detergent 1kg,37,31.66,104,78,37,0,67,18.4,113.37,167,0,8140.0,False
2026-06-01,ST001,Chennai,SKU004,Dishwash Liquid 500ml,26,28.12,99,79,26,0,73,20.31,104.68,147,0,3250.0,False
2026-06-01,ST001,Chennai,SKU005,Instant Coffee 100g,24,22.15,69,57,24,0,45,15.23,81.69,112,0,4440.0,False
2026-06-01,ST002,Bengaluru,SKU001,Shampoo 340ml,25,23.78,52,0,25,0,27,15.62,86.96,101,0,8225.0,False
2026-06-01,ST002,Bengaluru,SKU002,Bath Soap 100g,28,42.53,40,0,28,0,12,20.64,148.23,184,0,1540.0,False
2026-06-01,ST002,Bengaluru,SKU003,Laundry Detergent 1kg,29,36.88,139,82,29,0,110,24.04,134.67,192,0,6380.0,False
2026-06-01,ST002,Bengaluru,SKU004,Dishwash Liquid 500ml,26,29.69,98,67,26,0,72,16.1,105.17,156,0,3250.0,False
2026-06-01,ST002,Bengaluru,SKU005,Instant Coffee 100g,17,23.29,93,78,17,0,76,15.32,85.2,140,0,3145.0,False
2026-06-01,ST003,Mumbai,SKU001,Shampoo 340ml,32,27.23,88,0,32,0,56,17.69,99.38,121,0,10528.0,False
2026-06-01,ST003,Mumbai,SKU002,Bath Soap 100g,55,46.62,157,125,55,0,102,21.7,161.57,203,0,3025.0,False
2026-06-01,ST003,Mumbai,SKU003,Laundry Detergent 1kg,44,37.16,84,0,44,0,40,23.17,134.64,164,0,9196.0,False
2026-06-01,ST003,Mumbai,SKU004,Dishwash Liquid 500ml,39,29.64,80,0,39,0,41,20.45,109.36,130,0,4875.0,False
2026-06-01,ST003,Mumbai,SKU005,Instant Coffee 100g,21,22.28,79,0,21,0,58,18.57,85.39,127,0,3885.0,False
2026-06-01,ST004,Delhi,SKU001,Shampoo 340ml,27,21.39,90,0,27,0,63,13.97,78.16,115,0,8883.0,False
2026-06-01,ST004,Delhi,SKU002,Bath Soap 100g,47,37.62,126,104,47,0,79,16.96,129.81,175,0,2585.0,False
2026-06-01,ST004,Delhi,SKU003,Laundry Detergent 1kg,33,30.16,107,96,33,0,74,14.29,104.76,155,0,7260.0,False
2026-06-01,ST004,Delhi,SKU004,Dishwash Liquid 500ml,28,27.84,40,0,28,0,12,18.92,102.45,128,0,3500.0,False
2026-06-01,ST004,Delhi,SKU005,Instant Coffee 100g,19,20.83,50,0,19,0,31,14.33,76.83,82,0,3515.0,False
2026-06-01,ST005,Hyderabad,SKU001,Shampoo 340ml,16,20.64,56,0,16,0,40,14.55,76.46,93,0,5264.0,False
2026-06-01,ST005,Hyderabad,SKU002,Bath Soap 100g,36,38.33,89,0,36,0,53,22.58,137.58,149,0,1980.0,False
2026-06-01,ST005,Hyderabad,SKU003,Laundry Detergent 1kg,25,30.83,35,0,25,0,10,18.1,110.6,127,0,5500.0,False
2026-06-01,ST005,Hyderabad,SKU004,Dishwash Liquid 500ml,28,25.39,29,0,28,0,1,13.28,89.45,108,0,3500.0,False
2026-06-01,ST005,Hyderabad,SKU005,Instant Coffee 100g,21,17.35,30,0,21,0,9,16.12,68.17,86,0,3885.0,False
2026-06-02,ST001,Chennai,SKU001,Shampoo 340ml,23,23.14,109,90,23,0,86,16.04,85.46,86,0,7567.0,False
2026-06-02,ST001,Chennai,SKU002,Bath Soap 100g,32,39.87,181,162,32,0,149,18.26,137.87,149,0,1760.0,False
2026-06-02,ST001,Chennai,SKU003,Laundry Detergent 1kg,33,33.16,67,0,33,0,34,18.19,117.68,134,0,7260.0,False
2026-06-02,ST001,Chennai,SKU004,Dishwash Liquid 500ml,16,29.61,147,74,16,0,131,20.36,109.19,131,0,2000.0,False
2026-06-02,ST001,Chennai,SKU005,Instant Coffee 100g,21,21.2,45,0,21,0,24,15.12,78.72,91,0,3885.0,False
2026-06-02,ST002,Bengaluru,SKU001,Shampoo 340ml,24,24.41,101,74,24,0,77,14.99,88.23,77,61,7896.0,False
2026-06-02,ST002,Bengaluru,SKU002,Bath Soap 100g,36,44.57,184,172,36,0,148,23.17,156.88,148,99,1980.0,False
2026-06-02,ST002,Bengaluru,SKU003,Laundry Detergent 1kg,37,41.68,110,0,37,0,73,23.91,148.94,155,0,7326.0,False
2026-06-02,ST002,Bengaluru,SKU004,Dishwash Liquid 500ml,30,29.37,72,0,30,0,42,16.35,104.45,126,0,3750.0,False
2026-06-02,ST002,Bengaluru,SKU005,Instant Coffee 100g,18,23.08,76,0,18,0,58,14.65,83.89,122,0,3330.0,False
2026-06-02,ST003,Mumbai,SKU001,Shampoo 340ml,24,26.4,121,65,24,0,97,17.62,96.83,97,0,7896.0,False
2026-06-02,ST003,Mumbai,SKU002,Bath Soap 100g,39,50.52,102,0,39,0,63,21.58,173.13,164,111,2145.0,False
2026-06-02,ST003,Mumbai,SKU003,Laundry Detergent 1kg,38,33.97,164,124,38,0,126,22.7,124.62,126,0,8360.0,False
2026-06-02,ST003,Mumbai,SKU004,Dishwash Liquid 500ml,23,32.15,130,89,23,0,107,20.79,117.24,107,75,2875.0,False
2026-06-02,ST003,Mumbai,SKU005,Instant Coffee 100g,19,21.82,58,0,19,0,39,18.78,84.23,108,0,3515.0,False
2026-06-02,ST004,Delhi,SKU001,Shampoo 340ml,24,21.43,63,0,24,0,39,10.58,74.86,91,0,7896.0,False
2026-06-02,ST004,Delhi,SKU002,Bath Soap 100g,33,38.99,79,0,33,0,46,17.24,134.2,142,0,1815.0,False
2026-06-02,ST004,Delhi,SKU003,Laundry Detergent 1kg,30,30.76,74,0,30,0,44,14.23,106.53,125,0,6600.0,False
2026-06-02,ST004,Delhi,SKU004,Dishwash Liquid 500ml,27,28.68,128,116,27,0,101,18.96,105.01,101,62,3375.0,False
2026-06-02,ST004,Delhi,SKU005,Instant Coffee 100g,18,20.2,82,51,18,0,64,14.33,74.94,64,52,3330.0,False
2026-06-02,ST005,Hyderabad,SKU001,Shampoo 340ml,26,25.7,93,53,26,0,67,14.42,91.51,67,76,7270.9,False
2026-06-02,ST005,Hyderabad,SKU002,Bath Soap 100g,46,37.59,149,96,46,0,103,22.41,135.17,103,108,2530.0,False
2026-06-02,ST005,Hyderabad,SKU003,Laundry Detergent 1kg,11,30.75,127,117,11,0,116,17.01,109.25,116,0,2420.0,False
2026-06-02,ST005,Hyderabad,SKU004,Dishwash Liquid 500ml,25,27.24,108,107,25,0,83,12.78,94.51,83,66,3125.0,False
2026-06-02,ST005,Hyderabad,SKU005,Instant Coffee 100g,21,18.45,86,77,21,0,65,16.04,71.4,65,44,3885.0,False
2026-06-03,ST001,Chennai,SKU001,Shampoo 340ml,25,24.0,86,0,25,0,61,16.0,87.99,61,75,8225.0,False
2026-06-03,ST001,Chennai,SKU002,Bath Soap 100g,45,45.37,149,0,45,0,104,19.5,155.62,104,143,2475.0,False
2026-06-03,ST001,Chennai,SKU003,Laundry Detergent 1kg,38,33.73,134,100,38,0,96,18.19,119.37,96,91,8360.0,False
2026-06-03,ST001,Chennai,SKU004,Dishwash Liquid 500ml,33,30.39,131,0,33,0,98,21.09,112.27,98,76,4125.0,False
2026-06-03,ST001,Chennai,SKU005,Instant Coffee 100g,30,21.16,91,67,30,0,61,15.14,78.62,61,60,5550.0,False
2026-06-03,ST002,Bengaluru,SKU001,Shampoo 340ml,30,24.91,77,0,30,0,47,14.99,89.73,108,0,9870.0,False
2026-06-03,ST002,Bengaluru,SKU002,Bath Soap 100g,41,43.19,148,0,41,0,107,23.88,153.46,206,0,2255.0,False
2026-06-03,ST002,Bengaluru,SKU003,Laundry Detergent 1kg,28,36.01,155,82,28,0,127,21.76,129.8,127,75,6160.0,False
2026-06-03,ST002,Bengaluru,SKU004,Dishwash Liquid 500ml,36,30.49,126,84,36,0,90,16.35,107.82,90,79,4500.0,False
2026-06-03,ST002,Bengaluru,SKU005,Instant Coffee 100g,28,22.76,122,64,28,0,94,14.74,83.02,94,0,5180.0,False
2026-06-03,ST003,Mumbai,SKU001,Shampoo 340ml,34,27.26,97,0,34,0,63,17.9,99.68,63,92,11186.0,False
2026-06-03,ST003,Mumbai,SKU002,Bath Soap 100g,47,44.47,164,101,47,0,117,22.44,155.86,228,0,2585.0,False
2026-06-03,ST003,Mumbai,SKU003,Laundry Detergent 1kg,42,36.14,126,0,42,0,84,22.64,131.07,84,120,9240.0,False
2026-06-03,ST003,Mumbai,SKU004,Dishwash Liquid 500ml,41,30.52,107,0,41,0,66,21.27,112.84,141,0,5125.0,False
2026-06-03,ST003,Mumbai,SKU005,Instant Coffee 100g,18,23.81,108,69,18,0,90,19.1,90.54,90,49,3330.0,False
2026-06-03,ST004,Delhi,SKU001,Shampoo 340ml,18,21.94,91,52,18,0,73,10.11,75.92,73,47,5922.0,False
2026-06-03,ST004,Delhi,SKU002,Bath Soap 100g,48,38.12,142,96,48,0,94,17.65,132.0,94,115,2640.0,False
2026-06-03,ST004,Delhi,SKU003,Laundry Detergent 1kg,26,30.68,125,81,26,0,99,14.2,106.24,99,69,5720.0,False
2026-06-03,ST004,Delhi,SKU004,Dishwash Liquid 500ml,28,28.53,101,0,28,0,73,18.61,104.2,135,0,3500.0,False
2026-06-03,ST004,Delhi,SKU005,Instant Coffee 100g,20,20.3,64,0,20,0,44,14.01,74.9,96,0,3700.0,False
2026-06-03,ST005,Hyderabad,SKU001,Shampoo 340ml,21,21.01,67,0,21,0,46,14.52,77.56,122,0,6909.0,False
2026-06-03,ST005,Hyderabad,SKU002,Bath Soap 100g,34,37.49,103,0,34,0,69,18.85,131.32,177,0,1870.0,False
2026-06-03,ST005,Hyderabad,SKU003,Laundry Detergent 1kg,40,35.22,116,0,40,0,76,20.28,125.94,76,121,7480.0,False
2026-06-03,ST005,Hyderabad,SKU004,Dishwash Liquid 500ml,38,34.66,83,0,38,0,45,12.62,116.6,111,75,4037.5,False
2026-06-03,ST005,Hyderabad,SKU005,Instant Coffee 100g,19,18.58,65,0,19,0,46,15.95,71.7,90,0,3515.0,False
2026-06-04,ST001,Chennai,SKU001,Shampoo 340ml,21,23.75,61,0,21,0,40,15.95,87.19,115,0,6909.0,False
2026-06-04,ST001,Chennai,SKU002,Bath Soap 100g,44,42.63,104,0,44,0,60,18.51,146.41,203,0,2420.0,False
2026-06-04,ST001,Chennai,SKU003,Laundry Detergent 1kg,37,34.78,96,0,37,0,59,16.69,121.02,150,0,8140.0,False
2026-06-04,ST001,Chennai,SKU004,Dishwash Liquid 500ml,35,29.54,98,0,35,0,63,20.7,109.33,139,0,4375.0,False
2026-06-04,ST001,Chennai,SKU005,Instant Coffee 100g,20,21.9,61,0,20,0,41,15.65,81.35,101,0,3700.0,False
2026-06-04,ST002,Bengaluru,SKU001,Shampoo 340ml,18,24.75,47,0,18,0,29,15.15,89.39,90,0,5922.0,False
2026-06-04,ST002,Bengaluru,SKU002,Bath Soap 100g,42,42.62,107,0,42,0,65,23.94,151.79,164,0,2310.0,False
2026-06-04,ST002,Bengaluru,SKU003,Laundry Detergent 1kg,42,34.01,127,0,42,0,85,22.06,124.08,160,0,9240.0,False
2026-06-04,ST002,Bengaluru,SKU004,Dishwash Liquid 500ml,31,30.86,90,0,31,0,59,16.0,108.59,138,0,3875.0,False
2026-06-04,ST002,Bengaluru,SKU005,Instant Coffee 100g,25,24.07,94,0,25,0,69,14.35,86.56,69,66,4625.0,False
2026-06-04,ST003,Mumbai,SKU001,Shampoo 340ml,36,34.15,63,0,36,0,27,17.85,120.3,119,70,10067.4,False
2026-06-04,ST003,Mumbai,SKU002,Bath Soap 100g,38,44.25,117,0,38,0,79,22.31,155.07,190,0,2090.0,False
2026-06-04,ST003,Mumbai,SKU003,Laundry Detergent 1kg,38,36.09,84,0,38,0,46,22.5,130.76,166,0,8360.0,False
2026-06-04,ST003,Mumbai,SKU004,Dishwash Liquid 500ml,28,30.48,66,0,28,0,38,21.67,113.11,113,62,3500.0,False
2026-06-04,ST003,Mumbai,SKU005,Instant Coffee 100g,27,29.99,90,0,27,0,63,18.52,108.48,112,0,4245.75,False
2026-06-04,ST004,Delhi,SKU001,Shampoo 340ml,34,21.47,73,0,34,0,39,9.75,74.14,86,0,11186.0,False
2026-06-04,ST004,Delhi,SKU002,Bath Soap 100g,42,36.83,94,0,42,0,52,18.15,128.63,167,0,2310.0,False
2026-06-04,ST004,Delhi,SKU003,Laundry Detergent 1kg,41,30.48,99,0,41,0,58,13.38,104.82,127,0,9020.0,False
2026-06-04,ST004,Delhi,SKU004,Dishwash Liquid 500ml,26,28.3,73,0,26,0,47,18.0,102.9,109,0,3250.0,False
2026-06-04,ST004,Delhi,SKU005,Instant Coffee 100g,20,19.83,44,0,20,0,24,13.96,73.47,76,0,3700.0,False
2026-06-04,ST005,Hyderabad,SKU001,Shampoo 340ml,15,20.35,46,0,15,0,31,14.52,75.58,107,0,4935.0,False
2026-06-04,ST005,Hyderabad,SKU002,Bath Soap 100g,44,37.81,69,0,44,0,25,18.93,132.37,133,0,2420.0,False
2026-06-04,ST005,Hyderabad,SKU003,Laundry Detergent 1kg,50,29.01,76,0,50,0,26,20.74,107.79,147,0,11000.0,False
2026-06-04,ST005,Hyderabad,SKU004,Dishwash Liquid 500ml,28,25.32,45,0,28,0,17,13.69,89.65,158,0,3500.0,False
2026-06-04,ST005,Hyderabad,SKU005,Instant Coffee 100g,28,18.53,46,0,28,0,18,15.7,71.29,62,47,5180.0,False
2026-06-05,ST001,Chennai,SKU001,Shampoo 340ml,23,24.42,40,0,23,0,17,16.02,89.28,92,0,7567.0,False
2026-06-05,ST001,Chennai,SKU002,Bath Soap 100g,57,40.11,60,0,57,0,3,18.5,138.82,146,0,3135.0,False
2026-06-05,ST001,Chennai,SKU003,Laundry Detergent 1kg,36,39.41,59,0,36,0,23,16.72,134.95,114,100,7128.0,False
2026-06-05,ST001,Chennai,SKU004,Dishwash Liquid 500ml,32,30.2,63,0,32,0,31,20.77,111.37,107,65,4000.0,False
2026-06-05,ST001,Chennai,SKU005,Instant Coffee 100g,20,20.9,41,0,20,0,21,15.72,78.43,81,0,3700.0,False
2026-06-05,ST002,Bengaluru,SKU001,Shampoo 340ml,23,26.38,90,61,23,0,67,15.72,94.87,67,81,7567.0,False
2026-06-05,ST002,Bengaluru,SKU002,Bath Soap 100g,35,43.81,164,99,35,0,129,23.88,155.32,129,114,1925.0,False
2026-06-05,ST002,Bengaluru,SKU003,Laundry Detergent 1kg,43,34.03,85,0,43,0,42,22.16,124.25,117,76,9460.0,False
2026-06-05,ST002,Bengaluru,SKU004,Dishwash Liquid 500ml,20,29.84,59,0,20,0,39,15.97,105.49,118,0,2500.0,False
2026-06-05,ST002,Bengaluru,SKU005,Instant Coffee 100g,27,22.29,69,0,27,0,42,14.13,80.99,108,0,4995.0,False
2026-06-05,ST003,Mumbai,SKU001,Shampoo 340ml,32,26.73,27,0,27,5,0,18.14,98.32,162,0,8883.0,True
2026-06-05,ST003,Mumbai,SKU002,Bath Soap 100g,44,44.22,190,111,44,0,146,22.31,154.96,146,98,2420.0,False
2026-06-05,ST003,Mumbai,SKU003,Laundry Detergent 1kg,35,38.93,46,0,35,0,11,21.58,138.36,131,86,7700.0,False
2026-06-05,ST003,Mumbai,SKU004,Dishwash Liquid 500ml,45,31.98,113,75,45,0,68,21.77,117.7,130,0,5625.0,False
2026-06-05,ST003,Mumbai,SKU005,Instant Coffee 100g,24,23.82,63,0,24,0,39,18.42,89.88,88,50,4440.0,False
2026-06-05,ST004,Delhi,SKU001,Shampoo 340ml,21,20.93,39,0,21,0,18,11.41,74.2,65,52,6909.0,False
2026-06-05,ST004,Delhi,SKU002,Bath Soap 100g,21,38.67,52,0,21,0,31,17.5,133.5,146,0,1155.0,False
2026-06-05,ST004,Delhi,SKU003,Laundry Detergent 1kg,34,30.13,58,0,34,0,24,13.38,103.75,93,72,7480.0,False
2026-06-05,ST004,Delhi,SKU004,Dishwash Liquid 500ml,33,32.32,109,62,33,0,76,18.11,115.07,76,104,3712.5,False
2026-06-05,ST004,Delhi,SKU005,Instant Coffee 100g,26,20.15,76,52,26,0,50,13.97,74.42,50,65,4810.0,False
2026-06-05,ST005,Hyderabad,SKU001,Shampoo 340ml,19,23.48,107,76,19,0,88,14.58,85.01,88,0,5625.9,False
2026-06-05,ST005,Hyderabad,SKU002,Bath Soap 100g,39,37.07,133,108,39,0,94,18.64,129.84,94,110,2145.0,False
2026-06-05,ST005,Hyderabad,SKU003,Laundry Detergent 1kg,32,30.3,26,0,26,6,0,23.06,113.96,121,0,5720.0,True
2026-06-05,ST005,Hyderabad,SKU004,Dishwash Liquid 500ml,24,25.59,83,66,24,0,59,13.68,90.44,134,0,3000.0,False
2026-06-05,ST005,Hyderabad,SKU005,Instant Coffee 100g,24,18.83,62,44,24,0,38,15.3,71.8,85,0,4440.0,False
2026-06-06,ST001,Chennai,SKU001,Shampoo 340ml,33,25.73,92,75,33,0,59,15.94,93.14,59,86,10857.0,False
2026-06-06,ST001,Chennai,SKU002,Bath Soap 100g,60,47.25,146,143,60,0,86,19.2,160.94,86,170,3300.0,False
2026-06-06,ST001,Chennai,SKU003,Laundry Detergent 1kg,45,52.86,114,91,45,0,69,16.64,175.22,169,112,8415.0,False
2026-06-06,ST001,Chennai,SKU004,Dishwash Liquid 500ml,39,33.33,107,76,39,0,68,19.71,119.7,133,0,4875.0,False
2026-06-06,ST001,Chennai,SKU005,Instant Coffee 100g,26,22.71,81,60,26,0,55,15.62,83.76,55,75,4810.0,False
2026-06-06,ST002,Bengaluru,SKU001,Shampoo 340ml,34,28.44,67,0,34,0,33,15.21,100.54,114,0,11186.0,False
2026-06-06,ST002,Bengaluru,SKU002,Bath Soap 100g,63,49.97,129,0,63,0,66,24.65,174.57,180,0,3465.0,False
2026-06-06,ST002,Bengaluru,SKU003,Laundry Detergent 1kg,36,41.29,117,75,36,0,81,21.85,145.72,157,0,7920.0,False
2026-06-06,ST002,Bengaluru,SKU004,Dishwash Liquid 500ml,33,34.25,118,79,33,0,85,16.99,119.74,85,104,4125.0,False
2026-06-06,ST002,Bengaluru,SKU005,Instant Coffee 100g,26,24.0,42,0,26,0,16,13.77,85.77,82,52,4810.0,False
2026-06-06,ST003,Mumbai,SKU001,Shampoo 340ml,36,31.67,92,92,36,0,56,17.93,112.94,126,0,11844.0,False
2026-06-06,ST003,Mumbai,SKU002,Bath Soap 100g,49,53.02,146,0,49,0,97,22.54,181.59,195,0,2695.0,False
2026-06-06,ST003,Mumbai,SKU003,Laundry Detergent 1kg,42,40.26,131,120,42,0,89,21.58,142.37,175,0,9240.0,False
2026-06-06,ST003,Mumbai,SKU004,Dishwash Liquid 500ml,30,34.45,68,0,30,0,38,22.8,126.14,100,96,3750.0,False
2026-06-06,ST003,Mumbai,SKU005,Instant Coffee 100g,39,27.71,88,49,39,0,49,18.43,101.57,99,58,7215.0,False
2026-06-06,ST004,Delhi,SKU001,Shampoo 340ml,23,25.09,65,47,23,0,42,11.46,86.74,94,0,7567.0,False
2026-06-06,ST004,Delhi,SKU002,Bath Soap 100g,40,43.64,146,115,40,0,106,18.01,148.92,106,131,2200.0,False
2026-06-06,ST004,Delhi,SKU003,Laundry Detergent 1kg,35,39.61,93,69,35,0,58,13.38,132.2,130,82,7315.0,False
2026-06-06,ST004,Delhi,SKU004,Dishwash Liquid 500ml,28,33.42,76,0,28,0,48,17.99,118.26,152,0,3500.0,False
2026-06-06,ST004,Delhi,SKU005,Instant Coffee 100g,22,22.52,50,0,22,0,28,13.97,81.52,93,0,4070.0,False
2026-06-06,ST005,Hyderabad,SKU001,Shampoo 340ml,18,23.67,88,0,18,0,70,14.44,85.44,70,63,5922.0,False
2026-06-06,ST005,Hyderabad,SKU002,Bath Soap 100g,54,42.39,94,0,54,0,40,18.59,145.76,150,0,2970.0,False
2026-06-06,ST005,Hyderabad,SKU003,Laundry Detergent 1kg,32,32.07,121,121,32,0,89,22.95,119.16,89,95,7040.0,False
2026-06-06,ST005,Hyderabad,SKU004,Dishwash Liquid 500ml,29,28.27,134,75,29,0,105,13.84,98.65,105,0,3625.0,False
2026-06-06,ST005,Hyderabad,SKU005,Instant Coffee 100g,18,20.3,38,0,18,0,20,14.7,75.6,67,50,3330.0,False
2026-06-07,ST001,Chennai,SKU001,Shampoo 340ml,28,25.79,59,0,28,0,31,16.22,93.6,117,0,9212.0,False
2026-06-07,ST001,Chennai,SKU002,Bath Soap 100g,53,50.02,86,0,53,0,33,20.66,170.73,203,0,2915.0,False
2026-06-07,ST001,Chennai,SKU003,Laundry Detergent 1kg,50,51.23,69,0,50,0,19,17.47,171.16,231,0,8800.0,False
2026-06-07,ST001,Chennai,SKU004,Dishwash Liquid 500ml,37,35.15,68,0,37,0,31,20.32,125.77,96,101,4625.0,False
2026-06-07,ST001,Chennai,SKU005,Instant Coffee 100g,23,23.35,55,0,23,0,32,15.65,85.71,107,0,4255.0,False
2026-06-07,ST002,Bengaluru,SKU001,Shampoo 340ml,25,29.48,33,0,25,0,8,15.61,104.06,89,75,8225.0,False
2026-06-07,ST002,Bengaluru,SKU002,Bath Soap 100g,52,50.34,66,0,52,0,14,23.7,174.7,128,148,2860.0,False
2026-06-07,ST002,Bengaluru,SKU003,Laundry Detergent 1kg,42,41.98,81,0,42,0,39,21.89,147.83,115,117,9240.0,False
2026-06-07,ST002,Bengaluru,SKU004,Dishwash Liquid 500ml,41,34.08,85,0,41,0,44,16.79,119.02,148,0,5125.0,False
2026-06-07,ST002,Bengaluru,SKU005,Instant Coffee 100g,21,24.65,82,66,21,0,61,13.86,87.82,113,0,3885.0,False
2026-06-07,ST003,Mumbai,SKU001,Shampoo 340ml,26,29.09,126,70,26,0,100,18.18,105.46,100,64,8554.0,False
2026-06-07,ST003,Mumbai,SKU002,Bath Soap 100g,56,54.64,97,0,56,0,41,21.6,185.51,139,156,3080.0,False
2026-06-07,ST003,Mumbai,SKU003,Laundry Detergent 1kg,57,55.46,89,0,57,0,32,21.42,187.81,118,181,10032.0,False
2026-06-07,ST003,Mumbai,SKU004,Dishwash Liquid 500ml,28,36.16,100,62,28,0,72,22.58,131.07,168,0,3500.0,False
2026-06-07,ST003,Mumbai,SKU005,Instant Coffee 100g,17,28.22,49,0,17,0,32,19.89,104.56,140,0,3145.0,False
2026-06-07,ST004,Delhi,SKU001,Shampoo 340ml,30,25.64,42,0,30,0,12,11.46,88.37,64,76,9870.0,False
2026-06-07,ST004,Delhi,SKU002,Bath Soap 100g,38,44.24,106,0,38,0,68,17.95,150.68,199,0,2090.0,False
2026-06-07,ST004,Delhi,SKU003,Laundry Detergent 1kg,31,33.86,58,0,31,0,27,11.66,113.25,181,0,6820.0,False
2026-06-07,ST004,Delhi,SKU004,Dishwash Liquid 500ml,23,33.26,48,0,23,0,25,17.7,117.5,129,0,2875.0,False
2026-06-07,ST004,Delhi,SKU005,Instant Coffee 100g,25,20.98,28,0,25,0,3,13.84,76.78,68,51,4625.0,False
2026-06-07,ST005,Hyderabad,SKU001,Shampoo 340ml,23,23.37,70,0,23,0,47,14.44,84.56,110,0,7567.0,False
2026-06-07,ST005,Hyderabad,SKU002,Bath Soap 100g,37,44.35,40,0,37,0,3,20.12,153.18,113,129,2035.0,False
2026-06-07,ST005,Hyderabad,SKU003,Laundry Detergent 1kg,34,33.13,89,0,34,0,55,22.95,122.34,150,0,7480.0,False
2026-06-07,ST005,Hyderabad,SKU004,Dishwash Liquid 500ml,36,27.15,105,0,36,0,69,13.82,95.28,69,81,4500.0,False
2026-06-07,ST005,Hyderabad,SKU005,Instant Coffee 100g,21,21.13,67,47,21,0,46,14.58,77.97,96,0,3885.0,False
2026-06-08,ST001,Chennai,SKU001,Shampoo 340ml,23,24.03,31,0,23,0,8,16.18,88.28,94,0,7567.0,False
2026-06-08,ST001,Chennai,SKU002,Bath Soap 100g,38,43.33,33,0,33,5,0,20.96,150.96,170,0,1815.0,True
2026-06-08,ST001,Chennai,SKU003,Laundry Detergent 1kg,32,35.5,119,100,32,0,87,18.95,125.44,199,0,7040.0,False
2026-06-08,ST001,Chennai,SKU004,Dishwash Liquid 500ml,28,26.76,96,65,28,0,68,18.15,98.44,169,0,3500.0,False
2026-06-08,ST001,Chennai,SKU005,Instant Coffee 100g,18,26.14,32,0,18,0,14,15.55,93.96,89,58,2830.5,False
2026-06-08,ST002,Bengaluru,SKU001,Shampoo 340ml,27,24.66,89,81,27,0,62,15.44,89.43,137,0,8883.0,False
2026-06-08,ST002,Bengaluru,SKU002,Bath Soap 100g,46,43.25,128,114,46,0,82,23.4,153.16,230,0,2530.0,False
2026-06-08,ST002,Bengaluru,SKU003,Laundry Detergent 1kg,41,34.56,115,76,41,0,74,19.09,122.76,191,0,9020.0,False
2026-06-08,ST002,Bengaluru,SKU004,Dishwash Liquid 500ml,26,30.43,44,0,26,0,18,17.47,108.75,122,0,3250.0,False
2026-06-08,ST002,Bengaluru,SKU005,Instant Coffee 100g,22,22.56,61,0,22,0,39,13.16,80.85,91,0,4070.0,False
2026-06-08,ST003,Mumbai,SKU001,Shampoo 340ml,25,28.14,100,0,25,0,75,18.25,102.67,139,0,8225.0,False
2026-06-08,ST003,Mumbai,SKU002,Bath Soap 100g,38,47.27,139,98,38,0,101,20.99,162.8,257,0,2090.0,False
2026-06-08,ST003,Mumbai,SKU003,Laundry Detergent 1kg,45,38.13,118,86,45,0,73,23.32,137.7,254,0,9900.0,False
2026-06-08,ST003,Mumbai,SKU004,Dishwash Liquid 500ml,28,31.23,72,0,28,0,44,21.17,114.86,140,0,3500.0,False
2026-06-08,ST003,Mumbai,SKU005,Instant Coffee 100g,21,23.14,82,50,21,0,61,20.27,89.69,119,0,3885.0,False
2026-06-08,ST004,Delhi,SKU001,Shampoo 340ml,19,22.22,64,52,19,0,45,11.75,78.41,121,0,6251.0,False
2026-06-08,ST004,Delhi,SKU002,Bath Soap 100g,41,38.24,68,0,41,0,27,17.87,132.59,158,0,2255.0,False
2026-06-08,ST004,Delhi,SKU003,Laundry Detergent 1kg,26,30.17,99,72,26,0,73,11.52,102.04,155,0,5720.0,False
2026-06-08,ST004,Delhi,SKU004,Dishwash Liquid 500ml,29,26.93,129,104,29,0,100,17.57,98.36,100,0,3625.0,False
2026-06-08,ST004,Delhi,SKU005,Instant Coffee 100g,16,20.05,68,65,16,0,52,13.95,74.09,103,0,2960.0,False
2026-06-08,ST005,Hyderabad,SKU001,Shampoo 340ml,22,20.53,47,0,22,0,25,14.14,75.73,88,0,7238.0,False
2026-06-08,ST005,Hyderabad,SKU002,Bath Soap 100g,36,39.81,113,110,36,0,77,19.93,139.35,206,0,1980.0,False
2026-06-08,ST005,Hyderabad,SKU003,Laundry Detergent 1kg,29,28.34,55,0,29,0,26,22.14,107.17,121,0,6380.0,False
2026-06-08,ST005,Hyderabad,SKU004,Dishwash Liquid 500ml,27,24.05,69,0,27,0,42,14.48,86.65,123,0,3375.0,False
2026-06-08,ST005,Hyderabad,SKU005,Instant Coffee 100g,23,19.22,46,0,23,0,23,14.4,72.05,73,0,4255.0,False
2026-06-09,ST001,Chennai,SKU001,Shampoo 340ml,27,23.06,94,86,27,0,67,15.96,85.13,67,65,8883.0,False
2026-06-09,ST001,Chennai,SKU002,Bath Soap 100g,33,43.27,170,170,33,0,137,21.18,150.99,137,101,1815.0,False
2026-06-09,ST001,Chennai,SKU003,Laundry Detergent 1kg,38,35.18,199,112,38,0,161,19.0,124.54,161,0,8360.0,False
2026-06-09,ST001,Chennai,SKU004,Dishwash Liquid 500ml,24,28.11,68,0,24,0,44,18.16,102.48,145,0,3000.0,False
2026-06-09,ST001,Chennai,SKU005,Instant Coffee 100g,36,28.25,89,75,36,0,53,15.7,100.44,111,0,5328.0,False
2026-06-09,ST002,Bengaluru,SKU001,Shampoo 340ml,30,24.74,62,0,30,0,32,15.44,89.68,107,0,9870.0,False
2026-06-09,ST002,Bengaluru,SKU002,Bath Soap 100g,44,42.35,82,0,44,0,38,23.21,150.27,186,0,2420.0,False
2026-06-09,ST002,Bengaluru,SKU003,Laundry Detergent 1kg,36,35.79,74,0,36,0,38,19.16,126.54,155,0,7920.0,False
2026-06-09,ST002,Bengaluru,SKU004,Dishwash Liquid 500ml,28,30.42,122,104,28,0,94,17.57,108.82,94,76,3500.0,False
2026-06-09,ST002,Bengaluru,SKU005,Instant Coffee 100g,23,21.12,91,52,23,0,68,13.0,76.37,68,51,4255.0,False
2026-06-09,ST003,Mumbai,SKU001,Shampoo 340ml,22,26.8,75,0,22,0,53,18.23,98.64,117,0,7238.0,False
2026-06-09,ST003,Mumbai,SKU002,Bath Soap 100g,54,47.39,101,0,54,0,47,21.79,163.97,203,0,2970.0,False
2026-06-09,ST003,Mumbai,SKU003,Laundry Detergent 1kg,37,35.07,73,0,37,0,36,23.38,128.6,217,0,8140.0,False
2026-06-09,ST003,Mumbai,SKU004,Dishwash Liquid 500ml,38,31.65,140,96,38,0,102,20.88,115.83,102,78,4750.0,False
2026-06-09,ST003,Mumbai,SKU005,Instant Coffee 100g,24,23.22,119,58,24,0,95,20.36,90.02,95,0,4440.0,False
2026-06-09,ST004,Delhi,SKU001,Shampoo 340ml,26,21.46,45,0,26,0,19,11.98,76.35,95,0,8554.0,False
2026-06-09,ST004,Delhi,SKU002,Bath Soap 100g,32,38.74,158,131,32,0,126,17.79,134.01,126,86,1760.0,False
2026-06-09,ST004,Delhi,SKU003,Laundry Detergent 1kg,25,30.65,155,82,25,0,130,11.76,103.7,130,0,5500.0,False
2026-06-09,ST004,Delhi,SKU004,Dishwash Liquid 500ml,23,27.92,100,0,23,0,77,17.57,101.32,77,81,2875.0,False
2026-06-09,ST004,Delhi,SKU005,Instant Coffee 100g,18,21.08,52,0,18,0,34,14.25,77.51,85,0,3330.0,False
2026-06-09,ST005,Hyderabad,SKU001,Shampoo 340ml,18,21.05,88,63,18,0,70,14.12,77.26,70,50,5922.0,False
2026-06-09,ST005,Hyderabad,SKU002,Bath Soap 100g,41,35.55,77,0,41,0,36,19.96,126.61,165,0,2255.0,False
2026-06-09,ST005,Hyderabad,SKU003,Laundry Detergent 1kg,35,28.61,121,95,35,0,86,22.19,108.04,86,80,7700.0,False
2026-06-09,ST005,Hyderabad,SKU004,Dishwash Liquid 500ml,29,24.7,42,0,29,0,13,13.92,88.02,94,0,3625.0,False
2026-06-09,ST005,Hyderabad,SKU005,Instant Coffee 100g,20,19.24,73,50,20,0,53,13.22,70.95,53,57,3700.0,False
2026-06-10,ST001,Chennai,SKU001,Shampoo 340ml,25,23.75,67,0,25,0,42,15.78,87.04,107,0,8225.0,False
2026-06-10,ST001,Chennai,SKU002,Bath Soap 100g,59,44.28,137,0,59,0,78,22.38,155.22,179,0,3245.0,False
2026-06-10,ST001,Chennai,SKU003,Laundry Detergent 1kg,35,33.92,161,0,35,0,126,18.53,120.28,126,0,7700.0,False
2026-06-10,ST001,Chennai,SKU004,Dishwash Liquid 500ml,29,28.59,145,101,29,0,116,18.31,104.08,116,0,3625.0,False
2026-06-10,ST001,Chennai,SKU005,Instant Coffee 100g,17,21.53,53,0,17,0,36,17.24,81.81,94,0,3145.0,False
2026-06-10,ST002,Bengaluru,SKU001,Shampoo 340ml,32,25.01,107,75,32,0,75,13.87,88.9,75,64,10528.0,False
2026-06-10,ST002,Bengaluru,SKU002,Bath Soap 100g,50,43.72,186,148,50,0,136,23.18,154.34,136,106,2750.0,False
2026-06-10,ST002,Bengaluru,SKU003,Laundry Detergent 1kg,29,36.06,155,117,29,0,126,19.18,127.37,126,74,6380.0,False
2026-06-10,ST002,Bengaluru,SKU004,Dishwash Liquid 500ml,39,30.76,94,0,39,0,55,17.57,109.85,131,0,4875.0,False
2026-06-10,ST002,Bengaluru,SKU005,Instant Coffee 100g,27,25.02,68,0,27,0,41,12.99,88.06,92,0,4745.25,False
2026-06-10,ST003,Mumbai,SKU001,Shampoo 340ml,24,26.26,117,64,24,0,93,17.53,96.31,93,56,7896.0,False
2026-06-10,ST003,Mumbai,SKU002,Bath Soap 100g,38,45.64,203,156,38,0,165,21.79,158.72,165,0,2090.0,False
2026-06-10,ST003,Mumbai,SKU003,Laundry Detergent 1kg,39,36.52,217,181,39,0,178,23.42,132.99,178,0,8580.0,False
2026-06-10,ST003,Mumbai,SKU004,Dishwash Liquid 500ml,35,28.86,102,0,35,0,67,21.16,107.75,145,0,4375.0,False
2026-06-10,ST003,Mumbai,SKU005,Instant Coffee 100g,21,23.67,95,0,21,0,74,20.25,91.25,74,65,3885.0,False
2026-06-10,ST004,Delhi,SKU001,Shampoo 340ml,22,21.21,95,76,22,0,73,11.98,75.61,73,46,7238.0,False
2026-06-10,ST004,Delhi,SKU002,Bath Soap 100g,39,40.8,126,0,39,0,87,18.08,140.5,173,0,2037.75,False
2026-06-10,ST004,Delhi,SKU003,Laundry Detergent 1kg,39,35.07,130,0,39,0,91,12.27,117.49,91,97,7722.0,False
2026-06-10,ST004,Delhi,SKU004,Dishwash Liquid 500ml,27,29.24,77,0,27,0,50,16.8,104.52,131,0,3375.0,False
2026-06-10,ST004,Delhi,SKU005,Instant Coffee 100g,20,20.64,85,51,20,0,65,14.07,76.0,65,53,3700.0,False
2026-06-10,ST005,Hyderabad,SKU001,Shampoo 340ml,17,21.25,70,0,17,0,53,13.92,77.66,103,0,5593.0,False
2026-06-10,ST005,Hyderabad,SKU002,Bath Soap 100g,48,39.63,165,129,48,0,117,19.55,138.45,117,101,2640.0,False
2026-06-10,ST005,Hyderabad,SKU003,Laundry Detergent 1kg,25,31.06,86,0,25,0,61,22.17,115.35,141,0,5500.0,False
2026-06-10,ST005,Hyderabad,SKU004,Dishwash Liquid 500ml,26,25.2,94,81,26,0,68,13.9,89.5,68,72,3250.0,False
2026-06-10,ST005,Hyderabad,SKU005,Instant Coffee 100g,14,18.98,53,0,14,0,39,13.25,70.2,96,0,2590.0,False
2026-06-11,ST001,Chennai,SKU001,Shampoo 340ml,38,27.74,42,0,38,0,4,15.41,98.64,69,86,11251.8,False
2026-06-11,ST001,Chennai,SKU002,Bath Soap 100g,26,43.37,78,0,26,0,52,23.16,153.26,153,87,1430.0,False
2026-06-11,ST001,Chennai,SKU003,Laundry Detergent 1kg,37,34.89,126,0,37,0,89,18.4,123.07,89,104,8140.0,False
2026-06-11,ST001,Chennai,SKU004,Dishwash Liquid 500ml,26,28.3,116,0,26,0,90,17.8,102.69,90,70,3250.0,False
2026-06-11,ST001,Chennai,SKU005,Instant Coffee 100g,17,21.35,94,58,17,0,77,17.47,81.53,77,48,3145.0,False
2026-06-11,ST002,Bengaluru,SKU001,Shampoo 340ml,29,27.02,75,0,29,0,46,14.07,95.14,110,0,9541.0,False
2026-06-11,ST002,Bengaluru,SKU002,Bath Soap 100g,46,44.0,136,0,46,0,90,23.31,155.31,196,0,2530.0,False
2026-06-11,ST002,Bengaluru,SKU003,Laundry Detergent 1kg,33,36.27,126,0,33,0,93,19.43,128.23,167,0,7260.0,False
2026-06-11,ST002,Bengaluru,SKU004,Dishwash Liquid 500ml,31,29.98,55,0,31,0,24,17.93,107.86,100,68,3875.0,False
2026-06-11,ST002,Bengaluru,SKU005,Instant Coffee 100g,25,22.48,41,0,25,0,16,13.08,80.53,67,59,4625.0,False
2026-06-11,ST003,Mumbai,SKU001,Shampoo 340ml,28,27.18,93,0,28,0,65,17.86,99.41,121,0,9212.0,False
2026-06-11,ST003,Mumbai,SKU002,Bath Soap 100g,47,52.68,165,0,47,0,118,21.62,179.67,118,168,2326.5,False
2026-06-11,ST003,Mumbai,SKU003,Laundry Detergent 1kg,38,37.52,178,0,38,0,140,23.35,135.9,140,0,8360.0,False
2026-06-11,ST003,Mumbai,SKU004,Dishwash Liquid 500ml,41,30.23,67,0,41,0,26,19.68,110.38,104,67,5125.0,False
2026-06-11,ST003,Mumbai,SKU005,Instant Coffee 100g,33,23.87,74,0,33,0,41,20.06,91.69,106,0,6105.0,False
2026-06-11,ST004,Delhi,SKU001,Shampoo 340ml,22,21.36,73,0,22,0,51,11.94,76.03,97,0,7238.0,False
2026-06-11,ST004,Delhi,SKU002,Bath Soap 100g,33,38.51,87,0,33,0,54,17.27,132.79,140,0,1815.0,False
2026-06-11,ST004,Delhi,SKU003,Laundry Detergent 1kg,27,30.58,91,0,27,0,64,12.81,104.55,161,0,5940.0,False
2026-06-11,ST004,Delhi,SKU004,Dishwash Liquid 500ml,20,28.79,50,0,20,0,30,15.11,101.48,111,0,2500.0,False
2026-06-11,ST004,Delhi,SKU005,Instant Coffee 100g,26,21.1,65,0,26,0,39,14.09,77.39,92,0,4810.0,False
2026-06-11,ST005,Hyderabad,SKU001,Shampoo 340ml,20,20.91,53,0,20,0,33,14.14,76.88,83,0,6580.0,False
2026-06-11,ST005,Hyderabad,SKU002,Bath Soap 100g,28,39.33,117,0,28,0,89,19.48,137.47,190,0,1463.0,False
2026-06-11,ST005,Hyderabad,SKU003,Laundry Detergent 1kg,28,29.69,61,0,28,0,33,22.06,111.14,113,0,6160.0,False
2026-06-11,ST005,Hyderabad,SKU004,Dishwash Liquid 500ml,24,25.02,68,0,24,0,44,12.95,88.0,116,0,3000.0,False
2026-06-11,ST005,Hyderabad,SKU005,Instant Coffee 100g,11,18.95,39,0,11,0,28,13.25,70.1,85,0,2035.0,False
2026-06-12,ST001,Chennai,SKU001,Shampoo 340ml,19,23.49,69,65,19,0,50,16.51,86.99,136,0,6251.0,False
2026-06-12,ST001,Chennai,SKU002,Bath Soap 100g,41,40.82,153,101,41,0,112,25.51,147.98,199,0,2255.0,False
2026-06-12,ST001,Chennai,SKU003,Laundry Detergent 1kg,34,33.57,89,0,34,0,55,17.49,118.2,159,0,7480.0,False
2026-06-12,ST001,Chennai,SKU004,Dishwash Liquid 500ml,22,27.42,90,0,22,0,68,17.73,99.99,138,0,2750.0,False
2026-06-12,ST001,Chennai,SKU005,Instant Coffee 100g,25,21.04,77,0,25,0,52,17.76,80.89,100,0,4625.0,False
2026-06-12,ST002,Bengaluru,SKU001,Shampoo 340ml,25,24.57,46,0,25,0,21,14.01,87.71,85,52,8225.0,False
2026-06-12,ST002,Bengaluru,SKU002,Bath Soap 100g,46,46.01,90,0,46,0,44,22.27,160.3,150,103,2530.0,False
2026-06-12,ST002,Bengaluru,SKU003,Laundry Detergent 1kg,28,35.79,93,0,28,0,65,19.55,126.93,139,0,6160.0,False
2026-06-12,ST002,Bengaluru,SKU004,Dishwash Liquid 500ml,23,39.83,100,76,23,0,77,17.95,137.45,145,0,2443.75,False
2026-06-12,ST002,Bengaluru,SKU005,Instant Coffee 100g,17,23.04,67,51,17,0,50,12.67,81.79,109,0,3145.0,False
2026-06-12,ST003,Mumbai,SKU001,Shampoo 340ml,17,27.68,65,0,17,0,48,17.89,100.92,104,0,5593.0,False
2026-06-12,ST003,Mumbai,SKU002,Bath Soap 100g,46,45.62,118,0,46,0,72,21.22,158.07,240,0,2530.0,False
2026-06-12,ST003,Mumbai,SKU003,Laundry Detergent 1kg,40,38.29,140,0,40,0,100,23.26,138.12,100,115,8800.0,False
2026-06-12,ST003,Mumbai,SKU004,Dishwash Liquid 500ml,42,38.43,104,78,42,0,62,20.05,135.33,129,84,4462.5,False
2026-06-12,ST003,Mumbai,SKU005,Instant Coffee 100g,24,24.96,41,0,24,0,17,19.97,94.86,82,63,4440.0,False
2026-06-12,ST004,Delhi,SKU001,Shampoo 340ml,26,22.72,51,0,26,0,25,11.82,80.0,71,55,8554.0,False
2026-06-12,ST004,Delhi,SKU002,Bath Soap 100g,33,39.91,140,86,33,0,107,17.56,137.29,107,111,1815.0,False
2026-06-12,ST004,Delhi,SKU003,Laundry Detergent 1kg,39,31.03,64,0,39,0,25,13.04,106.12,122,0,8580.0,False
2026-06-12,ST004,Delhi,SKU004,Dishwash Liquid 500ml,25,27.82,111,81,25,0,86,15.99,99.45,86,70,3125.0,False
2026-06-12,ST004,Delhi,SKU005,Instant Coffee 100g,14,19.81,39,0,14,0,25,14.18,73.61,78,0,2590.0,False
2026-06-12,ST005,Hyderabad,SKU001,Shampoo 340ml,18,20.72,83,50,18,0,65,13.95,76.1,65,53,5922.0,False
2026-06-12,ST005,Hyderabad,SKU002,Bath Soap 100g,60,54.33,89,0,60,0,29,19.82,182.83,130,162,2640.0,False
2026-06-12,ST005,Hyderabad,SKU003,Laundry Detergent 1kg,30,30.55,113,80,30,0,83,22.19,113.84,83,92,6600.0,False
2026-06-12,ST005,Hyderabad,SKU004,Dishwash Liquid 500ml,32,24.67,44,0,32,0,12,13.17,87.17,84,53,4000.0,False
2026-06-12,ST005,Hyderabad,SKU005,Instant Coffee 100g,17,19.93,85,57,17,0,68,14.29,74.08,68,46,3145.0,False
2026-06-13,ST001,Chennai,SKU001,Shampoo 340ml,30,27.93,50,0,30,0,20,16.38,100.17,106,0,9870.0,False
2026-06-13,ST001,Chennai,SKU002,Bath Soap 100g,40,51.05,112,0,40,0,72,25.58,178.74,159,122,2200.0,False
2026-06-13,ST001,Chennai,SKU003,Laundry Detergent 1kg,44,40.92,55,0,44,0,11,17.52,140.29,115,108,9680.0,False
2026-06-13,ST001,Chennai,SKU004,Dishwash Liquid 500ml,37,31.52,68,0,37,0,31,18.1,112.66,101,75,4625.0,False
2026-06-13,ST001,Chennai,SKU005,Instant Coffee 100g,27,24.82,52,0,27,0,25,17.27,91.74,73,69,4995.0,False
2026-06-13,ST002,Bengaluru,SKU001,Shampoo 340ml,30,28.28,85,64,30,0,55,13.55,98.39,107,0,9870.0,False
2026-06-13,ST002,Bengaluru,SKU002,Bath Soap 100g,57,50.17,150,106,57,0,93,22.05,172.57,196,0,3135.0,False
2026-06-13,ST002,Bengaluru,SKU003,Laundry Detergent 1kg,44,40.99,139,74,44,0,95,20.09,143.06,95,131,9680.0,False
2026-06-13,ST002,Bengaluru,SKU004,Dishwash Liquid 500ml,31,33.94,77,0,31,0,46,16.45,118.26,114,73,3875.0,False
2026-06-13,ST002,Bengaluru,SKU005,Instant Coffee 100g,20,24.34,50,0,20,0,30,11.63,84.66,89,0,3700.0,False
2026-06-13,ST003,Mumbai,SKU001,Shampoo 340ml,43,35.65,104,56,43,0,61,18.78,125.72,61,137,12024.95,False
2026-06-13,ST003,Mumbai,SKU002,Bath Soap 100g,58,52.2,72,0,58,0,14,21.15,177.76,182,0,3190.0,False
2026-06-13,ST003,Mumbai,SKU003,Laundry Detergent 1kg,38,43.71,100,0,38,0,62,23.07,154.19,177,0,8360.0,False
2026-06-13,ST003,Mumbai,SKU004,Dishwash Liquid 500ml,31,33.13,62,0,31,0,31,20.67,120.06,182,0,3875.0,False
2026-06-13,ST003,Mumbai,SKU005,Instant Coffee 100g,16,28.23,82,65,16,0,66,19.98,104.67,129,0,2960.0,False
2026-06-13,ST004,Delhi,SKU001,Shampoo 340ml,23,25.52,71,46,23,0,48,11.36,87.91,103,0,7567.0,False
2026-06-13,ST004,Delhi,SKU002,Bath Soap 100g,47,45.02,107,0,47,0,60,17.66,152.71,171,0,2585.0,False
2026-06-13,ST004,Delhi,SKU003,Laundry Detergent 1kg,33,36.09,122,97,33,0,89,13.61,121.89,89,106,7260.0,False
2026-06-13,ST004,Delhi,SKU004,Dishwash Liquid 500ml,33,32.66,86,0,33,0,53,15.99,113.97,123,0,4125.0,False
2026-06-13,ST004,Delhi,SKU005,Instant Coffee 100g,16,22.83,78,53,16,0,62,14.76,83.25,62,67,2960.0,False
2026-06-13,ST005,Hyderabad,SKU001,Shampoo 340ml,27,24.25,65,0,27,0,38,14.07,86.82,91,0,8883.0,False
2026-06-13,ST005,Hyderabad,SKU002,Bath Soap 100g,42,42.87,130,101,42,0,88,22.21,150.83,250,0,2310.0,False
2026-06-13,ST005,Hyderabad,SKU003,Laundry Detergent 1kg,27,32.79,83,0,27,0,56,22.22,120.59,148,0,5940.0,False
2026-06-13,ST005,Hyderabad,SKU004,Dishwash Liquid 500ml,22,28.5,84,72,22,0,62,13.3,98.79,115,0,2750.0,False
2026-06-13,ST005,Hyderabad,SKU005,Instant Coffee 100g,13,22.33,68,0,13,0,55,14.42,81.4,101,0,2405.0,False
2026-06-14,ST001,Chennai,SKU001,Shampoo 340ml,31,28.18,106,86,31,0,75,15.89,100.44,75,82,10199.0,False
2026-06-14,ST001,Chennai,SKU002,Bath Soap 100g,55,46.48,159,87,55,0,104,25.49,164.94,226,0,3025.0,False
2026-06-14,ST001,Chennai,SKU003,Laundry Detergent 1kg,33,38.64,115,104,33,0,82,15.83,131.74,190,0,7260.0,False
2026-06-14,ST001,Chennai,SKU004,Dishwash Liquid 500ml,34,32.89,101,70,34,0,67,18.66,117.32,142,0,4250.0,False
2026-06-14,ST001,Chennai,SKU005,Instant Coffee 100g,25,24.1,73,48,25,0,48,16.31,88.6,117,0,4625.0,False
2026-06-14,ST002,Bengaluru,SKU001,Shampoo 340ml,27,27.49,55,0,27,0,28,13.36,95.83,80,71,8883.0,False
2026-06-14,ST002,Bengaluru,SKU002,Bath Soap 100g,43,51.82,93,0,43,0,50,22.68,178.13,153,129,2365.0,False
2026-06-14,ST002,Bengaluru,SKU003,Laundry Detergent 1kg,41,40.67,95,0,41,0,54,20.39,142.4,185,0,9020.0,False
2026-06-14,ST002,Bengaluru,SKU004,Dishwash Liquid 500ml,23,33.81,114,68,23,0,91,16.43,117.85,164,0,2875.0,False
2026-06-14,ST002,Bengaluru,SKU005,Instant Coffee 100g,28,23.98,89,59,28,0,61,11.7,83.63,61,71,5180.0,False
2026-06-14,ST003,Mumbai,SKU001,Shampoo 340ml,28,32.18,61,0,28,0,33,19.97,116.51,170,0,9212.0,False
2026-06-14,ST003,Mumbai,SKU002,Bath Soap 100g,51,54.06,182,168,51,0,131,21.71,183.9,131,162,2805.0,False
2026-06-14,ST003,Mumbai,SKU003,Laundry Detergent 1kg,37,41.51,62,0,37,0,25,20.36,144.88,140,88,8140.0,False
2026-06-14,ST003,Mumbai,SKU004,Dishwash Liquid 500ml,24,33.63,98,67,24,0,74,20.47,121.35,158,0,3000.0,False
2026-06-14,ST003,Mumbai,SKU005,Instant Coffee 100g,34,27.62,66,0,34,0,32,20.11,102.98,95,64,6290.0,False
2026-06-14,ST004,Delhi,SKU001,Shampoo 340ml,35,25.75,48,0,35,0,13,11.1,88.35,68,72,11515.0,False
2026-06-14,ST004,Delhi,SKU002,Bath Soap 100g,60,44.93,60,0,60,0,0,18.2,152.98,111,132,3300.0,False
2026-06-14,ST004,Delhi,SKU003,Laundry Detergent 1kg,30,34.74,89,0,30,0,59,13.42,117.63,165,0,6600.0,False
2026-06-14,ST004,Delhi,SKU004,Dishwash Liquid 500ml,41,31.26,53,0,41,0,12,15.79,109.57,82,91,5125.0,False
2026-06-14,ST004,Delhi,SKU005,Instant Coffee 100g,15,22.58,62,0,15,0,47,13.49,81.23,114,0,2775.0,False
2026-06-14,ST005,Hyderabad,SKU001,Shampoo 340ml,19,23.53,38,0,19,0,19,14.33,84.91,72,60,6251.0,False
2026-06-14,ST005,Hyderabad,SKU002,Bath Soap 100g,43,42.9,88,0,43,0,45,21.59,150.3,207,0,2365.0,False
2026-06-14,ST005,Hyderabad,SKU003,Laundry Detergent 1kg,30,32.97,56,0,30,0,26,22.04,120.95,118,69,6600.0,False
2026-06-14,ST005,Hyderabad,SKU004,Dishwash Liquid 500ml,36,35.4,62,0,36,0,26,13.77,119.96,79,112,3825.0,False
2026-06-14,ST005,Hyderabad,SKU005,Instant Coffee 100g,22,21.23,55,0,22,0,33,14.66,78.35,79,0,4070.0,False
2026-06-15,ST001,Chennai,SKU001,Shampoo 340ml,39,23.99,75,0,39,0,36,15.89,87.87,118,0,12831.0,False
2026-06-15,ST001,Chennai,SKU002,Bath Soap 100g,44,42.39,104,0,44,0,60,25.36,152.55,182,0,2420.0,False
2026-06-15,ST001,Chennai,SKU003,Laundry Detergent 1kg,30,33.13,82,0,30,0,52,15.91,115.31,160,0,6600.0,False
2026-06-15,ST001,Chennai,SKU004,Dishwash Liquid 500ml,31,26.66,67,0,31,0,36,18.57,98.54,111,0,3875.0,False
2026-06-15,ST001,Chennai,SKU005,Instant Coffee 100g,17,21.71,48,0,17,0,31,15.85,80.98,100,0,3145.0,False
2026-06-15,ST002,Bengaluru,SKU001,Shampoo 340ml,30,25.02,80,52,30,0,50,13.2,88.27,121,0,9870.0,False
2026-06-15,ST002,Bengaluru,SKU002,Bath Soap 100g,44,44.62,153,103,44,0,109,22.55,156.41,238,0,2420.0,False
2026-06-15,ST002,Bengaluru,SKU003,Laundry Detergent 1kg,33,33.87,54,0,33,0,21,20.28,121.91,152,0,7260.0,False
2026-06-15,ST002,Bengaluru,SKU004,Dishwash Liquid 500ml,33,29.8,91,0,33,0,58,16.71,106.12,131,0,4125.0,False
2026-06-15,ST002,Bengaluru,SKU005,Instant Coffee 100g,24,21.45,61,0,24,0,37,11.83,76.17,108,0,4440.0,False
2026-06-15,ST003,Mumbai,SKU001,Shampoo 340ml,21,26.96,33,0,21,0,12,19.9,100.79,149,0,6909.0,False
2026-06-15,ST003,Mumbai,SKU002,Bath Soap 100g,54,45.17,131,0,54,0,77,21.39,156.91,239,0,2970.0,False
2026-06-15,ST003,Mumbai,SKU003,Laundry Detergent 1kg,44,41.58,140,115,44,0,96,20.42,145.15,184,0,9196.0,False
2026-06-15,ST003,Mumbai,SKU004,Dishwash Liquid 500ml,25,30.55,158,84,25,0,133,20.96,112.6,133,0,3125.0,False
2026-06-15,ST003,Mumbai,SKU005,Instant Coffee 100g,17,24.36,95,63,17,0,78,20.51,93.59,142,0,3145.0,False
2026-06-15,ST004,Delhi,SKU001,Shampoo 340ml,17,20.82,68,55,17,0,51,12.51,74.96,123,0,5593.0,False
2026-06-15,ST004,Delhi,SKU002,Bath Soap 100g,35,41.15,111,111,35,0,76,20.98,144.44,208,0,1925.0,False
2026-06-15,ST004,Delhi,SKU003,Laundry Detergent 1kg,28,30.72,59,0,28,0,31,13.41,105.56,137,0,6160.0,False
2026-06-15,ST004,Delhi,SKU004,Dishwash Liquid 500ml,26,29.13,82,70,26,0,56,16.9,104.3,147,0,3250.0,False
2026-06-15,ST004,Delhi,SKU005,Instant Coffee 100g,23,20.65,47,0,23,0,24,13.19,75.15,91,0,4255.0,False
2026-06-15,ST005,Hyderabad,SKU001,Shampoo 340ml,20,20.67,72,53,20,0,52,14.39,76.41,112,0,6580.0,False
2026-06-15,ST005,Hyderabad,SKU002,Bath Soap 100g,34,35.15,207,162,34,0,173,21.61,127.06,173,0,1870.0,False
2026-06-15,ST005,Hyderabad,SKU003,Laundry Detergent 1kg,22,29.19,118,92,22,0,96,21.67,109.24,165,0,4840.0,False
2026-06-15,ST005,Hyderabad,SKU004,Dishwash Liquid 500ml,32,31.39,79,53,32,0,47,14.22,108.39,159,0,3600.0,False
2026-06-15,ST005,Hyderabad,SKU005,Instant Coffee 100g,16,19.32,79,46,16,0,63,14.61,72.57,63,49,2960.0,False
2026-06-16,ST001,Chennai,SKU001,Shampoo 340ml,27,23.54,36,0,27,0,9,17.17,87.79,91,0,8883.0,False
2026-06-16,ST001,Chennai,SKU002,Bath Soap 100g,42,39.75,182,122,42,0,140,25.22,144.46,140,84,2310.0,False
2026-06-16,ST001,Chennai,SKU003,Laundry Detergent 1kg,44,33.21,160,108,44,0,116,15.63,115.25,116,0,9680.0,False
2026-06-16,ST001,Chennai,SKU004,Dishwash Liquid 500ml,26,27.6,111,75,26,0,85,18.47,101.28,85,72,3250.0,False
2026-06-16,ST001,Chennai,SKU005,Instant Coffee 100g,24,21.24,100,69,24,0,76,16.14,79.86,76,47,4440.0,False
2026-06-16,ST002,Bengaluru,SKU001,Shampoo 340ml,19,24.52,50,0,19,0,31,12.73,86.29,102,0,6251.0,False
2026-06-16,ST002,Bengaluru,SKU002,Bath Soap 100g,63,43.75,109,0,63,0,46,22.38,153.62,175,0,3465.0,False
2026-06-16,ST002,Bengaluru,SKU003,Laundry Detergent 1kg,34,33.49,152,131,34,0,118,20.1,120.58,118,70,7480.0,False
2026-06-16,ST002,Bengaluru,SKU004,Dishwash Liquid 500ml,35,36.76,131,73,35,0,96,16.6,126.87,96,105,3718.75,False
2026-06-16,ST002,Bengaluru,SKU005,Instant Coffee 100g,22,20.83,37,0,22,0,15,11.83,74.31,86,0,4070.0,False
2026-06-16,ST003,Mumbai,SKU001,Shampoo 340ml,26,27.35,149,137,26,0,123,20.36,102.4,123,0,8554.0,False
2026-06-16,ST003,Mumbai,SKU002,Bath Soap 100g,59,46.56,77,0,59,0,18,21.51,161.19,180,0,3245.0,False
2026-06-16,ST003,Mumbai,SKU003,Laundry Detergent 1kg,36,38.55,96,0,36,0,60,20.55,136.21,148,0,7920.0,False
2026-06-16,ST003,Mumbai,SKU004,Dishwash Liquid 500ml,28,31.37,133,0,28,0,105,21.24,115.36,105,74,3500.0,False
2026-06-16,ST003,Mumbai,SKU005,Instant Coffee 100g,24,23.02,78,0,24,0,54,20.99,90.05,118,0,4440.0,False
2026-06-16,ST004,Delhi,SKU001,Shampoo 340ml,27,21.91,51,0,27,0,24,12.96,78.67,96,0,8883.0,False
2026-06-16,ST004,Delhi,SKU002,Bath Soap 100g,38,42.3,76,0,38,0,38,21.09,147.98,170,0,1881.0,False
2026-06-16,ST004,Delhi,SKU003,Laundry Detergent 1kg,32,30.86,137,106,32,0,105,13.54,106.12,105,63,7040.0,False
2026-06-16,ST004,Delhi,SKU004,Dishwash Liquid 500ml,32,28.68,56,0,32,0,24,17.06,103.09,115,0,4000.0,False
2026-06-16,ST004,Delhi,SKU005,Instant Coffee 100g,21,19.81,91,67,21,0,70,13.27,72.71,70,43,3885.0,False
2026-06-16,ST005,Hyderabad,SKU001,Shampoo 340ml,21,21.29,52,0,21,0,31,13.96,77.85,91,0,6909.0,False
2026-06-16,ST005,Hyderabad,SKU002,Bath Soap 100g,40,35.82,173,0,40,0,133,20.11,127.58,133,0,2200.0,False
2026-06-16,ST005,Hyderabad,SKU003,Laundry Detergent 1kg,37,30.64,96,0,37,0,59,22.23,114.15,128,0,8140.0,False
2026-06-16,ST005,Hyderabad,SKU004,Dishwash Liquid 500ml,22,27.15,47,0,22,0,25,14.32,95.77,137,0,2750.0,False
2026-06-16,ST005,Hyderabad,SKU005,Instant Coffee 100g,24,19.09,63,0,24,0,39,14.22,71.48,88,0,4440.0,False
2026-06-17,ST001,Chennai,SKU001,Shampoo 340ml,24,23.42,91,82,24,0,67,17.14,87.4,67,68,7896.0,False
2026-06-17,ST001,Chennai,SKU002,Bath Soap 100g,31,41.79,140,0,31,0,109,25.13,150.5,193,0,1705.0,False
2026-06-17,ST001,Chennai,SKU003,Laundry Detergent 1kg,46,34.67,116,0,46,0,70,16.14,120.14,70,120,10120.0,False
2026-06-17,ST001,Chennai,SKU004,Dishwash Liquid 500ml,40,28.23,85,0,40,0,45,18.41,103.1,117,0,5000.0,False
2026-06-17,ST001,Chennai,SKU005,Instant Coffee 100g,20,20.48,76,0,20,0,56,15.96,77.39,103,0,3700.0,False
2026-06-17,ST002,Bengaluru,SKU001,Shampoo 340ml,14,25.73,102,71,14,0,88,13.48,90.68,88,55,4606.0,False
2026-06-17,ST002,Bengaluru,SKU002,Bath Soap 100g,40,43.69,175,129,40,0,135,23.97,155.05,135,108,2200.0,False
2026-06-17,ST002,Bengaluru,SKU003,Laundry Detergent 1kg,35,33.54,118,0,35,0,83,20.1,120.71,153,0,7700.0,False
2026-06-17,ST002,Bengaluru,SKU004,Dishwash Liquid 500ml,32,28.55,96,0,32,0,64,16.68,102.33,169,0,4000.0,False
2026-06-17,ST002,Bengaluru,SKU005,Instant Coffee 100g,23,21.03,86,71,23,0,63,11.8,74.89,63,54,4255.0,False
2026-06-17,ST003,Mumbai,SKU001,Shampoo 340ml,25,26.55,123,0,25,0,98,20.36,100.0,98,56,8225.0,False
2026-06-17,ST003,Mumbai,SKU002,Bath Soap 100g,52,50.99,180,162,52,0,128,21.76,174.73,128,149,2860.0,False
2026-06-17,ST003,Mumbai,SKU003,Laundry Detergent 1kg,24,38.71,148,88,24,0,124,20.6,136.73,124,91,5280.0,False
2026-06-17,ST003,Mumbai,SKU004,Dishwash Liquid 500ml,21,30.82,105,0,21,0,84,21.1,113.55,158,0,2625.0,False
2026-06-17,ST003,Mumbai,SKU005,Instant Coffee 100g,39,26.56,118,64,39,0,79,20.93,100.59,79,75,6493.5,False
2026-06-17,ST004,Delhi,SKU001,Shampoo 340ml,14,21.22,96,72,14,0,82,13.05,76.71,82,0,4606.0,False
2026-06-17,ST004,Delhi,SKU002,Bath Soap 100g,37,38.08,170,132,37,0,133,20.98,135.24,133,79,2035.0,False
2026-06-17,ST004,Delhi,SKU003,Laundry Detergent 1kg,33,30.3,105,0,33,0,72,13.52,104.42,135,0,7260.0,False
2026-06-17,ST004,Delhi,SKU004,Dishwash Liquid 500ml,22,27.68,115,91,22,0,93,16.87,99.93,93,63,2750.0,False
2026-06-17,ST004,Delhi,SKU005,Instant Coffee 100g,22,20.39,70,0,22,0,48,13.26,74.42,91,0,4070.0,False
2026-06-17,ST005,Hyderabad,SKU001,Shampoo 340ml,18,20.2,91,60,18,0,73,13.82,74.41,73,42,5922.0,False
2026-06-17,ST005,Hyderabad,SKU002,Bath Soap 100g,30,33.34,133,0,30,0,103,20.09,120.12,103,84,1650.0,False
2026-06-17,ST005,Hyderabad,SKU003,Laundry Detergent 1kg,24,30.39,128,69,24,0,104,21.69,112.88,104,70,5280.0,False
2026-06-17,ST005,Hyderabad,SKU004,Dishwash Liquid 500ml,28,27.85,137,112,28,0,109,14.45,98.0,109,0,3500.0,False
2026-06-17,ST005,Hyderabad,SKU005,Instant Coffee 100g,17,17.98,39,0,17,0,22,14.14,68.06,71,0,3145.0,False
2026-06-18,ST001,Chennai,SKU001,Shampoo 340ml,29,24.14,67,0,29,0,38,16.97,89.4,106,0,9541.0,False
2026-06-18,ST001,Chennai,SKU002,Bath Soap 100g,48,43.66,109,0,48,0,61,25.9,156.87,145,100,2640.0,False
2026-06-18,ST001,Chennai,SKU003,Laundry Detergent 1kg,45,34.27,70,0,45,0,25,16.79,119.59,145,0,9900.0,False
2026-06-18,ST001,Chennai,SKU004,Dishwash Liquid 500ml,34,27.43,45,0,34,0,11,19.31,101.62,83,74,4250.0,False
2026-06-18,ST001,Chennai,SKU005,Instant Coffee 100g,21,20.71,56,0,21,0,35,15.83,77.97,82,0,3885.0,False
2026-06-18,ST002,Bengaluru,SKU001,Shampoo 340ml,22,25.23,88,0,22,0,66,14.42,90.1,121,0,7238.0,False
2026-06-18,ST002,Bengaluru,SKU002,Bath Soap 100g,50,44.05,135,0,50,0,85,24.19,156.34,193,0,2750.0,False
2026-06-18,ST002,Bengaluru,SKU003,Laundry Detergent 1kg,43,34.54,83,0,43,0,40,19.75,123.36,110,83,9460.0,False
2026-06-18,ST002,Bengaluru,SKU004,Dishwash Liquid 500ml,25,29.54,64,0,25,0,39,16.45,105.07,144,0,3125.0,False
2026-06-18,ST002,Bengaluru,SKU005,Instant Coffee 100g,24,22.08,63,0,24,0,39,11.7,77.93,93,0,4440.0,False
2026-06-18,ST003,Mumbai,SKU001,Shampoo 340ml,28,25.64,98,0,28,0,70,20.09,97.02,126,0,9212.0,False
2026-06-18,ST003,Mumbai,SKU002,Bath Soap 100g,60,60.81,128,0,60,0,68,21.71,204.13,217,0,2640.0,False
2026-06-18,ST003,Mumbai,SKU003,Laundry Detergent 1kg,40,35.28,124,0,40,0,84,22.24,128.08,175,0,8800.0,False
2026-06-18,ST003,Mumbai,SKU004,Dishwash Liquid 500ml,32,30.25,84,0,32,0,52,21.5,112.24,126,0,4000.0,False
2026-06-18,ST003,Mumbai,SKU005,Instant Coffee 100g,23,26.11,79,0,23,0,56,21.72,100.04,131,0,4255.0,False
2026-06-18,ST004,Delhi,SKU001,Shampoo 340ml,23,26.45,82,0,23,0,59,14.07,93.41,59,88,6431.95,False
2026-06-18,ST004,Delhi,SKU002,Bath Soap 100g,35,38.43,133,0,35,0,98,21.01,136.3,177,0,1925.0,False
2026-06-18,ST004,Delhi,SKU003,Laundry Detergent 1kg,53,30.6,72,0,53,0,19,13.4,105.2,82,85,11660.0,False
2026-06-18,ST004,Delhi,SKU004,Dishwash Liquid 500ml,31,26.98,93,0,31,0,62,16.92,97.88,125,0,3875.0,False
2026-06-18,ST004,Delhi,SKU005,Instant Coffee 100g,17,19.74,48,0,17,0,31,13.04,72.25,74,0,3145.0,False
2026-06-18,ST005,Hyderabad,SKU001,Shampoo 340ml,23,19.88,73,0,23,0,50,13.95,73.58,92,0,7567.0,False
2026-06-18,ST005,Hyderabad,SKU002,Bath Soap 100g,43,37.34,103,0,43,0,60,20.92,132.93,144,0,2365.0,False
2026-06-18,ST005,Hyderabad,SKU003,Laundry Detergent 1kg,32,28.91,104,0,32,0,72,22.07,108.79,142,0,7040.0,False
2026-06-18,ST005,Hyderabad,SKU004,Dishwash Liquid 500ml,20,26.96,109,0,20,0,89,14.2,95.09,89,61,2500.0,False
2026-06-18,ST005,Hyderabad,SKU005,Instant Coffee 100g,22,16.86,71,49,22,0,49,13.97,64.55,49,50,4070.0,False
2026-06-19,ST001,Chennai,SKU001,Shampoo 340ml,39,31.97,38,0,38,1,0,17.02,112.93,68,109,10001.6,True
2026-06-19,ST001,Chennai,SKU002,Bath Soap 100g,36,41.45,145,84,36,0,109,25.9,150.24,209,0,1980.0,False
2026-06-19,ST001,Chennai,SKU003,Laundry Detergent 1kg,40,34.15,25,0,25,15,0,16.98,119.43,120,0,5500.0,True
2026-06-19,ST001,Chennai,SKU004,Dishwash Liquid 500ml,24,27.53,83,72,24,0,59,19.37,101.96,133,0,3000.0,False
2026-06-19,ST001,Chennai,SKU005,Instant Coffee 100g,24,21.13,82,47,24,0,58,15.31,78.7,58,63,4440.0,False
2026-06-19,ST002,Bengaluru,SKU001,Shampoo 340ml,28,26.46,66,0,28,0,38,14.05,93.41,93,54,8751.4,False
2026-06-19,ST002,Bengaluru,SKU002,Bath Soap 100g,51,44.48,85,0,51,0,34,24.29,157.71,142,105,2805.0,False
2026-06-19,ST002,Bengaluru,SKU003,Laundry Detergent 1kg,37,34.95,110,70,37,0,73,18.74,123.6,156,0,8140.0,False
2026-06-19,ST002,Bengaluru,SKU004,Dishwash Liquid 500ml,34,30.36,144,105,34,0,110,16.88,107.95,110,0,4250.0,False
2026-06-19,ST002,Bengaluru,SKU005,Instant Coffee 100g,12,22.52,39,0,12,0,27,11.71,79.27,81,0,2220.0,False
2026-06-19,ST003,Mumbai,SKU001,Shampoo 340ml,33,26.55,70,0,33,0,37,20.08,99.72,93,60,10857.0,False
2026-06-19,ST003,Mumbai,SKU002,Bath Soap 100g,43,43.4,68,0,43,0,25,21.02,151.23,174,0,2365.0,False
2026-06-19,ST003,Mumbai,SKU003,Laundry Detergent 1kg,38,37.31,84,0,38,0,46,21.88,133.81,137,0,8360.0,False
2026-06-19,ST003,Mumbai,SKU004,Dishwash Liquid 500ml,26,31.07,126,74,26,0,100,21.06,114.26,100,77,3250.0,False
2026-06-19,ST003,Mumbai,SKU005,Instant Coffee 100g,31,24.16,56,0,31,0,25,21.15,93.63,100,0,5735.0,False
2026-06-19,ST004,Delhi,SKU001,Shampoo 340ml,15,22.98,59,0,15,0,44,14.07,83.01,132,0,4935.0,False
2026-06-19,ST004,Delhi,SKU002,Bath Soap 100g,40,37.14,98,0,40,0,58,20.65,132.07,137,0,2200.0,False
2026-06-19,ST004,Delhi,SKU003,Laundry Detergent 1kg,40,31.48,82,63,40,0,42,17.81,112.24,127,0,8800.0,False
2026-06-19,ST004,Delhi,SKU004,Dishwash Liquid 500ml,20,27.39,62,0,20,0,42,16.89,99.05,105,0,2500.0,False
2026-06-19,ST004,Delhi,SKU005,Instant Coffee 100g,21,19.27,74,43,21,0,53,12.68,70.5,53,57,3885.0,False
2026-06-19,ST005,Hyderabad,SKU001,Shampoo 340ml,15,21.31,50,0,15,0,35,13.94,77.86,77,44,4935.0,False
2026-06-19,ST005,Hyderabad,SKU002,Bath Soap 100g,35,36.04,60,0,35,0,25,20.76,128.87,109,92,1925.0,False
2026-06-19,ST005,Hyderabad,SKU003,Laundry Detergent 1kg,22,29.92,72,0,22,0,50,21.87,111.63,120,0,4840.0,False
2026-06-19,ST005,Hyderabad,SKU004,Dishwash Liquid 500ml,20,25.67,89,0,20,0,69,14.46,91.46,130,0,2500.0,False
2026-06-19,ST005,Hyderabad,SKU005,Instant Coffee 100g,20,18.8,49,0,20,0,29,13.97,70.36,79,0,3700.0,False
2026-06-20,ST001,Chennai,SKU001,Shampoo 340ml,32,28.22,68,68,32,0,36,18.47,103.13,145,0,10528.0,False
2026-06-20,ST001,Chennai,SKU002,Bath Soap 100g,47,47.73,109,0,47,0,62,26.25,169.45,162,103,2585.0,False
2026-06-20,ST001,Chennai,SKU003,Laundry Detergent 1kg,36,39.11,120,120,36,0,84,16.74,134.06,84,129,7920.0,False
2026-06-20,ST001,Chennai,SKU004,Dishwash Liquid 500ml,41,33.65,59,0,41,0,18,19.27,120.22,92,96,5125.0,False
2026-06-20,ST001,Chennai,SKU005,Instant Coffee 100g,24,23.86,58,0,24,0,34,14.72,86.31,97,0,4440.0,False
2026-06-20,ST002,Bengaluru,SKU001,Shampoo 340ml,35,29.6,93,55,35,0,58,14.07,102.88,112,0,11515.0,False
2026-06-20,ST002,Bengaluru,SKU002,Bath Soap 100g,37,49.31,142,108,37,0,105,24.39,172.33,210,0,2035.0,False
2026-06-20,ST002,Bengaluru,SKU003,Laundry Detergent 1kg,40,43.15,73,0,40,0,33,18.74,148.2,116,119,8800.0,False
2026-06-20,ST002,Bengaluru,SKU004,Dishwash Liquid 500ml,45,34.28,110,0,45,0,65,16.92,119.77,65,124,5625.0,False
2026-06-20,ST002,Bengaluru,SKU005,Instant Coffee 100g,29,25.39,81,54,29,0,52,12.86,89.04,52,88,5365.0,False
2026-06-20,ST003,Mumbai,SKU001,Shampoo 340ml,37,29.77,93,56,37,0,56,17.11,106.41,116,0,12173.0,False
2026-06-20,ST003,Mumbai,SKU002,Bath Soap 100g,68,52.16,174,149,68,0,106,21.3,177.78,106,177,3740.0,False
2026-06-20,ST003,Mumbai,SKU003,Laundry Detergent 1kg,42,43.29,137,91,42,0,95,21.88,151.75,95,144,9240.0,False
2026-06-20,ST003,Mumbai,SKU004,Dishwash Liquid 500ml,38,34.91,100,0,38,0,62,20.26,124.98,139,0,4750.0,False
2026-06-20,ST003,Mumbai,SKU005,Instant Coffee 100g,18,30.9,100,75,18,0,82,21.32,114.01,82,94,3330.0,False
2026-06-20,ST004,Delhi,SKU001,Shampoo 340ml,23,26.23,44,0,23,0,21,14.39,93.08,109,0,7567.0,False
2026-06-20,ST004,Delhi,SKU002,Bath Soap 100g,43,44.75,137,79,43,0,94,20.64,154.9,94,151,2365.0,False
2026-06-20,ST004,Delhi,SKU003,Laundry Detergent 1kg,38,34.8,42,0,38,0,4,18.08,122.47,89,104,8360.0,False
2026-06-20,ST004,Delhi,SKU004,Dishwash Liquid 500ml,27,32.3,105,63,27,0,78,17.49,114.38,78,101,3375.0,False
2026-06-20,ST004,Delhi,SKU005,Instant Coffee 100g,23,23.55,53,0,23,0,30,11.31,81.97,87,0,4255.0,False
2026-06-20,ST005,Hyderabad,SKU001,Shampoo 340ml,35,30.04,77,42,35,0,42,11.0,101.13,86,76,9787.75,False
2026-06-20,ST005,Hyderabad,SKU002,Bath Soap 100g,43,44.07,109,84,43,0,66,20.9,153.11,158,0,2365.0,False
2026-06-20,ST005,Hyderabad,SKU003,Laundry Detergent 1kg,35,35.08,120,70,35,0,85,22.47,127.72,85,113,7700.0,False
2026-06-20,ST005,Hyderabad,SKU004,Dishwash Liquid 500ml,48,36.59,69,0,48,0,21,15.15,124.93,82,117,5100.0,False
2026-06-20,ST005,Hyderabad,SKU005,Instant Coffee 100g,19,21.03,29,0,19,0,10,12.38,75.48,60,58,3515.0,False
2026-06-21,ST001,Chennai,SKU001,Shampoo 340ml,27,27.29,36,0,27,0,9,18.36,100.22,118,0,8883.0,False
2026-06-21,ST001,Chennai,SKU002,Bath Soap 100g,56,47.56,162,100,56,0,106,26.3,168.97,209,0,3080.0,False
2026-06-21,ST001,Chennai,SKU003,Laundry Detergent 1kg,37,39.32,84,0,37,0,47,15.86,133.81,176,0,8140.0,False
2026-06-21,ST001,Chennai,SKU004,Dishwash Liquid 500ml,23,33.66,92,74,23,0,69,20.19,121.16,165,0,2875.0,False
2026-06-21,ST001,Chennai,SKU005,Instant Coffee 100g,32,24.21,34,0,32,0,2,14.22,86.85,65,71,5920.0,False
2026-06-21,ST002,Bengaluru,SKU001,Shampoo 340ml,32,29.89,58,0,32,0,26,14.39,104.05,80,84,10001.6,False
2026-06-21,ST002,Bengaluru,SKU002,Bath Soap 100g,65,48.45,105,0,65,0,40,24.87,170.22,145,123,3575.0,False
2026-06-21,ST002,Bengaluru,SKU003,Laundry Detergent 1kg,40,41.81,116,83,40,0,76,18.01,143.44,195,0,8800.0,False
2026-06-21,ST002,Bengaluru,SKU004,Dishwash Liquid 500ml,41,31.93,65,0,41,0,24,18.25,114.04,148,0,5125.0,False
2026-06-21,ST002,Bengaluru,SKU005,Instant Coffee 100g,31,26.57,52,0,31,0,21,12.56,92.27,109,0,5735.0,False
2026-06-21,ST003,Mumbai,SKU001,Shampoo 340ml,23,28.99,56,0,23,0,33,17.78,104.75,93,70,7567.0,False
2026-06-21,ST003,Mumbai,SKU002,Bath Soap 100g,51,59.16,106,0,51,0,55,22.55,200.04,232,0,2805.0,False
2026-06-21,ST003,Mumbai,SKU003,Laundry Detergent 1kg,37,43.53,95,0,37,0,58,21.12,151.7,202,0,8140.0,False
2026-06-21,ST003,Mumbai,SKU004,Dishwash Liquid 500ml,44,38.05,62,0,44,0,18,20.48,134.65,95,116,5500.0,False
2026-06-21,ST003,Mumbai,SKU005,Instant Coffee 100g,25,27.29,82,0,25,0,57,19.31,101.17,151,0,4625.0,False
2026-06-21,ST004,Delhi,SKU001,Shampoo 340ml,26,25.78,109,88,26,0,83,14.37,91.72,83,61,8126.3,False
2026-06-21,ST004,Delhi,SKU002,Bath Soap 100g,41,44.83,94,0,41,0,53,20.41,154.91,204,0,2255.0,False
2026-06-21,ST004,Delhi,SKU003,Laundry Detergent 1kg,30,34.21,89,85,30,0,59,17.68,120.31,163,0,6600.0,False
2026-06-21,ST004,Delhi,SKU004,Dishwash Liquid 500ml,36,31.74,78,0,36,0,42,16.22,111.44,143,0,4500.0,False
2026-06-21,ST004,Delhi,SKU005,Instant Coffee 100g,23,22.89,30,0,23,0,7,11.36,80.04,64,62,4255.0,False
2026-06-21,ST005,Hyderabad,SKU001,Shampoo 340ml,30,26.27,42,0,30,0,12,13.25,92.04,132,0,9870.0,False
2026-06-21,ST005,Hyderabad,SKU002,Bath Soap 100g,53,56.56,66,0,53,0,13,20.91,190.58,105,199,2332.0,False
2026-06-21,ST005,Hyderabad,SKU003,Laundry Detergent 1kg,28,33.45,85,0,28,0,57,22.47,122.82,170,0,6160.0,False
2026-06-21,ST005,Hyderabad,SKU004,Dishwash Liquid 500ml,27,28.99,82,61,27,0,55,18.46,105.42,172,0,3375.0,False
2026-06-21,ST005,Hyderabad,SKU005,Instant Coffee 100g,24,21.81,60,50,24,0,36,12.4,77.82,94,0,4440.0,False
2026-06-22,ST001,Chennai,SKU001,Shampoo 340ml,36,23.4,118,109,36,0,82,18.3,88.5,82,54,11844.0,False
2026-06-22,ST001,Chennai,SKU002,Bath Soap 100g,52,42.95,106,0,52,0,54,25.83,154.66,157,0,2860.0,False
2026-06-22,ST001,Chennai,SKU003,Laundry Detergent 1kg,29,34.09,47,0,29,0,18,15.63,117.89,147,0,6380.0,False
2026-06-22,ST001,Chennai,SKU004,Dishwash Liquid 500ml,27,28.46,69,0,27,0,42,20.18,105.57,138,0,3375.0,False
2026-06-22,ST001,Chennai,SKU005,Instant Coffee 100g,26,24.23,65,63,26,0,39,14.54,87.24,110,0,4569.5,False
2026-06-22,ST002,Bengaluru,SKU001,Shampoo 340ml,32,25.05,80,54,32,0,48,14.63,89.78,132,0,10528.0,False
2026-06-22,ST002,Bengaluru,SKU002,Bath Soap 100g,43,48.02,145,105,43,0,102,26.43,170.49,225,0,2365.0,False
2026-06-22,ST002,Bengaluru,SKU003,Laundry Detergent 1kg,26,35.27,76,0,26,0,50,17.02,122.82,169,0,5720.0,False
2026-06-22,ST002,Bengaluru,SKU004,Dishwash Liquid 500ml,32,30.17,24,0,24,8,0,18.55,109.07,124,0,3000.0,True
2026-06-22,ST002,Bengaluru,SKU005,Instant Coffee 100g,19,23.45,21,0,19,0,2,12.91,83.25,90,0,3515.0,False
2026-06-22,ST003,Mumbai,SKU001,Shampoo 340ml,37,26.41,93,60,37,0,56,17.95,97.17,126,0,12173.0,False
2026-06-22,ST003,Mumbai,SKU002,Bath Soap 100g,56,44.7,55,0,55,1,0,21.85,155.97,177,0,3025.0,True
2026-06-22,ST003,Mumbai,SKU003,Laundry Detergent 1kg,41,38.38,58,0,41,0,17,21.01,136.14,161,0,9020.0,False
2026-06-22,ST003,Mumbai,SKU004,Dishwash Liquid 500ml,28,31.05,95,77,28,0,67,20.11,113.24,183,0,3500.0,False
2026-06-22,ST003,Mumbai,SKU005,Instant Coffee 100g,19,25.15,57,0,19,0,38,18.87,94.3,132,0,3515.0,False
2026-06-22,ST004,Delhi,SKU001,Shampoo 340ml,18,22.29,83,0,18,0,65,14.42,81.3,126,0,5922.0,False
2026-06-22,ST004,Delhi,SKU002,Bath Soap 100g,48,39.26,53,0,48,0,5,19.69,137.48,156,0,2640.0,False
2026-06-22,ST004,Delhi,SKU003,Laundry Detergent 1kg,30,30.89,59,0,30,0,29,17.51,110.18,133,0,6600.0,False
2026-06-22,ST004,Delhi,SKU004,Dishwash Liquid 500ml,32,26.4,42,0,32,0,10,13.7,92.89,111,0,4000.0,False
2026-06-22,ST004,Delhi,SKU005,Instant Coffee 100g,20,20.3,64,57,20,0,44,11.18,72.07,106,0,3700.0,False
2026-06-22,ST005,Hyderabad,SKU001,Shampoo 340ml,17,21.53,56,44,17,0,39,14.05,78.63,115,0,5593.0,False
2026-06-22,ST005,Hyderabad,SKU002,Bath Soap 100g,47,35.61,105,92,47,0,58,21.59,128.41,257,0,2585.0,False
2026-06-22,ST005,Hyderabad,SKU003,Laundry Detergent 1kg,31,29.73,57,0,31,0,26,21.85,111.03,139,0,6820.0,False
2026-06-22,ST005,Hyderabad,SKU004,Dishwash Liquid 500ml,27,23.37,55,0,27,0,28,18.47,88.6,145,0,3375.0,False
2026-06-22,ST005,Hyderabad,SKU005,Instant Coffee 100g,8,18.47,36,0,8,0,28,12.4,67.82,86,0,1480.0,False
2026-06-23,ST001,Chennai,SKU001,Shampoo 340ml,30,22.7,82,0,30,0,52,19.07,87.18,106,0,9870.0,False
2026-06-23,ST001,Chennai,SKU002,Bath Soap 100g,36,42.1,157,103,36,0,121,25.28,151.58,121,115,1980.0,False
2026-06-23,ST001,Chennai,SKU003,Laundry Detergent 1kg,43,35.24,147,129,43,0,104,16.22,121.95,104,89,9460.0,False
2026-06-23,ST001,Chennai,SKU004,Dishwash Liquid 500ml,36,29.22,138,96,36,0,102,18.51,106.17,102,63,4500.0,False
2026-06-23,ST001,Chennai,SKU005,Instant Coffee 100g,20,20.81,39,0,20,0,19,14.61,77.05,90,0,3700.0,False
2026-06-23,ST002,Bengaluru,SKU001,Shampoo 340ml,21,25.19,48,0,21,0,27,14.86,90.42,111,0,6909.0,False
2026-06-23,ST002,Bengaluru,SKU002,Bath Soap 100g,55,45.68,102,0,55,0,47,25.83,162.87,170,0,3025.0,False
2026-06-23,ST002,Bengaluru,SKU003,Laundry Detergent 1kg,29,34.38,169,119,29,0,140,17.02,120.16,140,0,6380.0,False
2026-06-23,ST002,Bengaluru,SKU004,Dishwash Liquid 500ml,22,29.69,124,124,22,0,102,18.13,107.21,102,65,2750.0,False
2026-06-23,ST002,Bengaluru,SKU005,Instant Coffee 100g,17,22.8,90,88,17,0,73,13.14,81.53,73,55,3145.0,False
2026-06-23,ST003,Mumbai,SKU001,Shampoo 340ml,17,24.85,56,0,17,0,39,18.11,92.67,109,0,5593.0,False
2026-06-23,ST003,Mumbai,SKU002,Bath Soap 100g,52,43.86,177,177,52,0,125,21.85,153.43,125,117,2860.0,False
2026-06-23,ST003,Mumbai,SKU003,Laundry Detergent 1kg,35,35.41,161,144,35,0,126,20.09,126.31,126,72,7700.0,False
2026-06-23,ST003,Mumbai,SKU004,Dishwash Liquid 500ml,29,30.42,67,0,29,0,38,20.24,111.51,154,0,3625.0,False
2026-06-23,ST003,Mumbai,SKU005,Instant Coffee 100g,27,23.11,132,94,27,0,105,18.59,87.93,105,0,4995.0,False
2026-06-23,ST004,Delhi,SKU001,Shampoo 340ml,25,22.51,65,0,25,0,40,14.71,82.25,101,0,8225.0,False
2026-06-23,ST004,Delhi,SKU002,Bath Soap 100g,33,36.77,156,151,33,0,123,19.99,130.3,123,81,1815.0,False
2026-06-23,ST004,Delhi,SKU003,Laundry Detergent 1kg,30,31.52,133,104,30,0,103,17.56,112.11,103,73,6600.0,False
2026-06-23,ST004,Delhi,SKU004,Dishwash Liquid 500ml,21,25.04,111,101,21,0,90,13.61,88.71,90,0,2625.0,False
2026-06-23,ST004,Delhi,SKU005,Instant Coffee 100g,19,22.65,44,0,19,0,25,10.76,78.71,87,0,3339.25,False
2026-06-23,ST005,Hyderabad,SKU001,Shampoo 340ml,11,20.57,115,76,11,0,104,14.24,75.95,104,0,3619.0,False
2026-06-23,ST005,Hyderabad,SKU002,Bath Soap 100g,49,49.17,58,0,49,0,9,21.67,169.18,208,0,2156.0,False
2026-06-23,ST005,Hyderabad,SKU003,Laundry Detergent 1kg,39,29.07,139,113,39,0,100,21.78,109.0,100,68,8580.0,False
2026-06-23,ST005,Hyderabad,SKU004,Dishwash Liquid 500ml,17,24.69,145,117,17,0,128,18.15,92.22,128,0,2125.0,False
2026-06-23,ST005,Hyderabad,SKU005,Instant Coffee 100g,19,18.77,86,58,19,0,67,13.99,70.29,67,41,3515.0,False
2026-06-24,ST001,Chennai,SKU001,Shampoo 340ml,23,22.41,52,0,23,0,29,18.82,86.06,83,48,7567.0,False
2026-06-24,ST001,Chennai,SKU002,Bath Soap 100g,48,42.72,121,0,48,0,73,25.71,153.88,188,0,2640.0,False
2026-06-24,ST001,Chennai,SKU003,Laundry Detergent 1kg,30,34.22,104,0,30,0,74,15.08,117.75,163,0,6600.0,False
2026-06-24,ST001,Chennai,SKU004,Dishwash Liquid 500ml,21,29.5,102,0,21,0,81,18.72,107.23,144,0,2625.0,False
2026-06-24,ST001,Chennai,SKU005,Instant Coffee 100g,29,21.9,90,71,29,0,61,14.72,80.41,61,64,5365.0,False
2026-06-24,ST002,Bengaluru,SKU001,Shampoo 340ml,32,26.71,111,84,32,0,79,14.86,94.99,79,70,10528.0,False
2026-06-24,ST002,Bengaluru,SKU002,Bath Soap 100g,62,56.29,170,123,62,0,108,25.86,194.73,108,200,2728.0,False
2026-06-24,ST002,Bengaluru,SKU003,Laundry Detergent 1kg,29,34.39,140,0,29,0,111,17.01,120.19,111,78,6380.0,False
2026-06-24,ST002,Bengaluru,SKU004,Dishwash Liquid 500ml,36,30.01,102,0,36,0,66,18.53,108.55,131,0,4500.0,False
2026-06-24,ST002,Bengaluru,SKU005,Instant Coffee 100g,15,21.81,73,0,15,0,58,13.33,78.75,113,0,2775.0,False
2026-06-24,ST003,Mumbai,SKU001,Shampoo 340ml,22,26.66,109,70,22,0,87,18.55,98.52,87,65,7238.0,False
2026-06-24,ST003,Mumbai,SKU002,Bath Soap 100g,44,42.06,125,0,44,0,81,21.89,148.06,198,0,2420.0,False
2026-06-24,ST003,Mumbai,SKU003,Laundry Detergent 1kg,35,42.96,126,0,35,0,91,20.19,149.07,163,0,6930.0,False
2026-06-24,ST003,Mumbai,SKU004,Dishwash Liquid 500ml,40,37.23,154,116,40,0,114,20.19,131.88,114,93,4250.0,False
2026-06-24,ST003,Mumbai,SKU005,Instant Coffee 100g,22,28.36,105,0,22,0,83,18.24,103.33,83,78,3459.5,False
2026-06-24,ST004,Delhi,SKU001,Shampoo 340ml,19,22.97,101,61,19,0,82,14.68,83.6,82,48,6251.0,False
2026-06-24,ST004,Delhi,SKU002,Bath Soap 100g,47,45.54,123,0,47,0,76,20.29,156.9,157,0,2197.25,False
2026-06-24,ST004,Delhi,SKU003,Laundry Detergent 1kg,34,31.69,103,0,34,0,69,16.8,111.87,142,0,7480.0,False
2026-06-24,ST004,Delhi,SKU004,Dishwash Liquid 500ml,23,25.58,90,0,23,0,67,14.12,90.85,67,76,2875.0,False
2026-06-24,ST004,Delhi,SKU005,Instant Coffee 100g,22,19.97,87,62,22,0,65,10.62,70.53,65,46,4070.0,False
2026-06-24,ST005,Hyderabad,SKU001,Shampoo 340ml,20,18.61,104,0,20,0,84,14.78,70.6,84,0,6580.0,False
2026-06-24,ST005,Hyderabad,SKU002,Bath Soap 100g,35,34.89,208,199,35,0,173,22.05,126.72,173,0,1925.0,False
2026-06-24,ST005,Hyderabad,SKU003,Laundry Detergent 1kg,37,31.3,100,0,37,0,63,22.17,116.08,131,0,8140.0,False
2026-06-24,ST005,Hyderabad,SKU004,Dishwash Liquid 500ml,21,25.77,128,0,21,0,107,19.03,96.35,107,0,2625.0,False
2026-06-24,ST005,Hyderabad,SKU005,Instant Coffee 100g,21,17.1,67,0,21,0,46,13.99,65.3,87,0,3885.0,False
2026-06-25,ST001,Chennai,SKU001,Shampoo 340ml,27,25.54,83,54,27,0,56,17.56,94.19,104,0,8883.0,False
2026-06-25,ST001,Chennai,SKU002,Bath Soap 100g,49,40.87,73,0,49,0,24,25.66,148.28,139,92,2695.0,False
2026-06-25,ST001,Chennai,SKU003,Laundry Detergent 1kg,30,32.38,74,0,30,0,44,15.64,112.79,133,0,6600.0,False
2026-06-25,ST001,Chennai,SKU004,Dishwash Liquid 500ml,30,29.76,81,0,30,0,51,18.39,107.67,114,0,3750.0,False
2026-06-25,ST001,Chennai,SKU005,Instant Coffee 100g,32,24.13,61,0,32,0,29,13.88,86.27,93,0,5624.0,False
2026-06-25,ST002,Bengaluru,SKU001,Shampoo 340ml,36,25.51,79,0,36,0,43,15.12,91.65,113,0,11844.0,False
2026-06-25,ST002,Bengaluru,SKU002,Bath Soap 100g,39,44.6,108,0,39,0,69,26.81,160.61,269,0,2145.0,False
2026-06-25,ST002,Bengaluru,SKU003,Laundry Detergent 1kg,46,35.58,111,0,46,0,65,17.4,124.14,143,0,10120.0,False
2026-06-25,ST002,Bengaluru,SKU004,Dishwash Liquid 500ml,23,30.47,66,0,23,0,43,17.44,108.85,108,62,2875.0,False
2026-06-25,ST002,Bengaluru,SKU005,Instant Coffee 100g,23,26.46,58,0,23,0,35,14.01,93.38,90,57,3829.5,False
2026-06-25,ST003,Mumbai,SKU001,Shampoo 340ml,24,25.82,87,0,24,0,63,18.5,95.95,128,0,7896.0,False
2026-06-25,ST003,Mumbai,SKU002,Bath Soap 100g,57,45.36,81,0,57,0,24,22.06,158.14,141,108,3135.0,False
2026-06-25,ST003,Mumbai,SKU003,Laundry Detergent 1kg,39,37.55,91,0,39,0,52,19.99,132.63,124,84,8580.0,False
2026-06-25,ST003,Mumbai,SKU004,Dishwash Liquid 500ml,31,30.28,114,0,31,0,83,20.46,111.32,176,0,3875.0,False
2026-06-25,ST003,Mumbai,SKU005,Instant Coffee 100g,21,23.11,83,0,21,0,62,18.19,87.53,140,0,3885.0,False
2026-06-25,ST004,Delhi,SKU001,Shampoo 340ml,21,22.77,82,0,21,0,61,14.58,82.89,109,0,6909.0,False
2026-06-25,ST004,Delhi,SKU002,Bath Soap 100g,41,38.37,76,0,41,0,35,20.72,135.84,116,97,2255.0,False
2026-06-25,ST004,Delhi,SKU003,Laundry Detergent 1kg,30,27.38,69,0,30,0,39,16.59,98.73,112,0,6600.0,False
2026-06-25,ST004,Delhi,SKU004,Dishwash Liquid 500ml,29,25.36,67,0,29,0,38,14.12,90.19,114,0,3625.0,False
2026-06-25,ST004,Delhi,SKU005,Instant Coffee 100g,18,20.03,65,0,18,0,47,10.62,70.71,93,0,3330.0,False
2026-06-25,ST005,Hyderabad,SKU001,Shampoo 340ml,13,19.47,84,0,13,0,71,14.78,73.2,71,42,4277.0,False
2026-06-25,ST005,Hyderabad,SKU002,Bath Soap 100g,29,35.6,173,0,29,0,144,21.49,128.29,144,0,1595.0,False
2026-06-25,ST005,Hyderabad,SKU003,Laundry Detergent 1kg,46,29.58,63,0,46,0,17,21.72,110.45,85,85,10120.0,False
2026-06-25,ST005,Hyderabad,SKU004,Dishwash Liquid 500ml,27,24.49,107,0,27,0,80,19.34,92.82,80,62,3375.0,False
2026-06-25,ST005,Hyderabad,SKU005,Instant Coffee 100g,19,16.84,46,0,19,0,27,13.77,64.29,68,0,3515.0,False
2026-06-26,ST001,Chennai,SKU001,Shampoo 340ml,21,25.57,56,0,21,0,35,16.81,93.54,83,62,6909.0,False
2026-06-26,ST001,Chennai,SKU002,Bath Soap 100g,38,41.81,139,115,38,0,101,25.52,150.94,193,0,2090.0,False
2026-06-26,ST001,Chennai,SKU003,Laundry Detergent 1kg,34,33.9,133,89,34,0,99,15.98,117.7,99,87,7480.0,False
2026-06-26,ST001,Chennai,SKU004,Dishwash Liquid 500ml,34,28.59,114,63,34,0,80,18.33,104.1,80,82,4250.0,False
2026-06-26,ST001,Chennai,SKU005,Instant Coffee 100g,20,22.5,29,0,20,0,9,14.04,81.55,73,54,3700.0,False
2026-06-26,ST002,Bengaluru,SKU001,Shampoo 340ml,29,25.32,43,0,29,0,14,15.49,91.45,84,59,9063.95,False
2026-06-26,ST002,Bengaluru,SKU002,Bath Soap 100g,39,43.94,69,0,39,0,30,26.9,158.72,230,0,2145.0,False
2026-06-26,ST002,Bengaluru,SKU003,Laundry Detergent 1kg,45,36.02,65,0,45,0,20,16.53,124.59,98,99,9900.0,False
2026-06-26,ST002,Bengaluru,SKU004,Dishwash Liquid 500ml,24,29.12,108,65,24,0,84,17.8,105.15,146,0,3000.0,False
2026-06-26,ST002,Bengaluru,SKU005,Instant Coffee 100g,21,23.55,90,55,21,0,69,13.85,84.51,126,0,3885.0,False
2026-06-26,ST003,Mumbai,SKU001,Shampoo 340ml,31,26.62,63,0,31,0,32,18.5,98.35,97,55,10199.0,False
2026-06-26,ST003,Mumbai,SKU002,Bath Soap 100g,45,47.49,141,117,45,0,96,22.02,164.5,204,0,2475.0,False
2026-06-26,ST003,Mumbai,SKU003,Laundry Detergent 1kg,34,38.34,124,72,34,0,90,19.84,134.85,174,0,7480.0,False
2026-06-26,ST003,Mumbai,SKU004,Dishwash Liquid 500ml,38,31.56,83,0,38,0,45,20.47,115.15,138,0,4750.0,False
2026-06-26,ST003,Mumbai,SKU005,Instant Coffee 100g,22,22.56,62,0,22,0,40,18.19,85.87,118,0,4070.0,False
2026-06-26,ST004,Delhi,SKU001,Shampoo 340ml,24,23.13,61,0,24,0,37,14.58,83.97,85,0,7896.0,False
2026-06-26,ST004,Delhi,SKU002,Bath Soap 100g,27,36.82,116,81,27,0,89,20.5,130.95,186,0,1485.0,False
2026-06-26,ST004,Delhi,SKU003,Laundry Detergent 1kg,31,29.84,112,73,31,0,81,16.64,106.17,81,85,6820.0,False
2026-06-26,ST004,Delhi,SKU004,Dishwash Liquid 500ml,32,25.72,38,0,32,0,6,14.13,91.28,82,61,4000.0,False
2026-06-26,ST004,Delhi,SKU005,Instant Coffee 100g,15,18.96,47,0,15,0,32,10.6,67.49,78,0,2775.0,False
2026-06-26,ST005,Hyderabad,SKU001,Shampoo 340ml,17,20.71,71,0,17,0,54,14.91,77.04,96,0,5593.0,False
2026-06-26,ST005,Hyderabad,SKU002,Bath Soap 100g,37,36.41,144,0,37,0,107,21.79,131.02,107,97,2035.0,False
2026-06-26,ST005,Hyderabad,SKU003,Laundry Detergent 1kg,24,31.28,85,68,24,0,61,23.17,117.02,146,0,5280.0,False
2026-06-26,ST005,Hyderabad,SKU004,Dishwash Liquid 500ml,20,24.99,80,0,20,0,60,19.34,94.31,122,0,2500.0,False
2026-06-26,ST005,Hyderabad,SKU005,Instant Coffee 100g,14,18.01,68,41,14,0,54,13.52,67.55,54,50,2590.0,False
2026-06-27,ST001,Chennai,SKU001,Shampoo 340ml,36,30.3,83,48,36,0,47,16.19,107.1,109,0,11251.8,False
2026-06-27,ST001,Chennai,SKU002,Bath Soap 100g,48,48.92,101,0,48,0,53,25.77,172.53,145,126,2640.0,False
2026-06-27,ST001,Chennai,SKU003,Laundry Detergent 1kg,37,39.78,99,0,37,0,62,15.9,135.25,149,0,8140.0,False
2026-06-27,ST001,Chennai,SKU004,Dishwash Liquid 500ml,36,33.08,80,0,36,0,44,18.28,117.54,126,0,4500.0,False
2026-06-27,ST001,Chennai,SKU005,Instant Coffee 100g,26,24.59,73,64,26,0,47,14.07,87.83,101,0,4810.0,False
2026-06-27,ST002,Bengaluru,SKU001,Shampoo 340ml,30,29.87,84,70,30,0,54,15.51,105.1,113,0,9870.0,False
2026-06-27,ST002,Bengaluru,SKU002,Bath Soap 100g,46,49.98,230,200,46,0,184,27.31,177.24,184,0,2530.0,False
2026-06-27,ST002,Bengaluru,SKU003,Laundry Detergent 1kg,37,39.29,98,78,37,0,61,17.27,135.15,160,0,8140.0,False
2026-06-27,ST002,Bengaluru,SKU004,Dishwash Liquid 500ml,39,32.33,84,0,39,0,45,18.22,115.21,107,73,4875.0,False
2026-06-27,ST002,Bengaluru,SKU005,Instant Coffee 100g,23,24.65,69,0,23,0,46,13.69,87.64,103,0,4255.0,False
2026-06-27,ST003,Mumbai,SKU001,Shampoo 340ml,36,30.68,97,65,36,0,61,18.21,110.25,116,0,11844.0,False
2026-06-27,ST003,Mumbai,SKU002,Bath Soap 100g,48,51.68,96,0,48,0,48,22.18,177.21,156,125,2640.0,False
2026-06-27,ST003,Mumbai,SKU003,Laundry Detergent 1kg,45,45.11,90,0,45,0,45,18.14,153.46,129,115,9900.0,False
2026-06-27,ST003,Mumbai,SKU004,Dishwash Liquid 500ml,41,33.61,138,93,41,0,97,20.22,121.04,97,92,5125.0,False
2026-06-27,ST003,Mumbai,SKU005,Instant Coffee 100g,24,26.65,118,78,24,0,94,18.15,98.1,94,58,4440.0,False
2026-06-27,ST004,Delhi,SKU001,Shampoo 340ml,35,25.35,85,48,35,0,50,14.12,90.16,50,91,11515.0,False
2026-06-27,ST004,Delhi,SKU002,Bath Soap 100g,42,45.05,89,0,42,0,47,21.63,156.77,144,103,2310.0,False
2026-06-27,ST004,Delhi,SKU003,Laundry Detergent 1kg,52,36.54,81,0,52,0,29,16.66,126.28,114,86,11440.0,False
2026-06-27,ST004,Delhi,SKU004,Dishwash Liquid 500ml,28,30.63,82,76,28,0,54,14.3,106.2,115,0,3500.0,False
2026-06-27,ST004,Delhi,SKU005,Instant Coffee 100g,30,22.6,78,46,30,0,48,10.74,78.55,48,76,5550.0,False
2026-06-27,ST005,Hyderabad,SKU001,Shampoo 340ml,25,25.4,54,0,25,0,29,14.73,90.93,71,71,8225.0,False
2026-06-27,ST005,Hyderabad,SKU002,Bath Soap 100g,38,41.63,107,0,38,0,69,21.79,146.67,166,0,2090.0,False
2026-06-27,ST005,Hyderabad,SKU003,Laundry Detergent 1kg,40,33.6,61,0,40,0,21,23.07,123.88,106,86,8800.0,False
2026-06-27,ST005,Hyderabad,SKU004,Dishwash Liquid 500ml,33,29.33,60,0,33,0,27,18.73,106.74,89,77,4125.0,False
2026-06-27,ST005,Hyderabad,SKU005,Instant Coffee 100g,18,22.24,54,0,18,0,36,13.83,80.54,86,0,3330.0,False
2026-06-28,ST001,Chennai,SKU001,Shampoo 340ml,24,28.41,47,0,24,0,23,16.82,102.05,85,74,7896.0,False
2026-06-28,ST001,Chennai,SKU002,Bath Soap 100g,38,46.59,145,92,38,0,107,25.41,165.17,233,0,2090.0,False
2026-06-28,ST001,Chennai,SKU003,Laundry Detergent 1kg,37,39.34,62,0,37,0,25,15.72,133.75,112,101,8140.0,False
2026-06-28,ST001,Chennai,SKU004,Dishwash Liquid 500ml,26,31.81,44,0,26,0,18,18.06,113.49,100,78,3250.0,False
2026-06-28,ST001,Chennai,SKU005,Instant Coffee 100g,35,27.11,47,0,35,0,12,14.07,95.38,66,84,6475.0,False
2026-06-28,ST002,Bengaluru,SKU001,Shampoo 340ml,40,29.17,54,0,40,0,14,15.54,103.05,73,89,13160.0,False
2026-06-28,ST002,Bengaluru,SKU002,Bath Soap 100g,45,51.98,184,0,45,0,139,26.67,182.62,139,148,2475.0,False
2026-06-28,ST002,Bengaluru,SKU003,Laundry Detergent 1kg,39,41.32,61,0,39,0,22,17.24,141.18,121,103,8580.0,False
2026-06-28,ST002,Bengaluru,SKU004,Dishwash Liquid 500ml,28,35.8,107,62,28,0,79,18.66,126.07,152,0,3500.0,False
2026-06-28,ST002,Bengaluru,SKU005,Instant Coffee 100g,26,26.39,103,57,26,0,77,13.66,92.83,77,69,4569.5,False
2026-06-28,ST003,Mumbai,SKU001,Shampoo 340ml,37,29.86,61,0,37,0,24,18.65,108.22,79,89,12173.0,False
2026-06-28,ST003,Mumbai,SKU002,Bath Soap 100g,54,53.07,156,108,54,0,102,22.07,181.27,227,0,2970.0,False
2026-06-28,ST003,Mumbai,SKU003,Laundry Detergent 1kg,52,45.83,129,84,52,0,77,15.7,153.18,192,0,10868.0,False
2026-06-28,ST003,Mumbai,SKU004,Dishwash Liquid 500ml,32,35.01,97,0,32,0,65,19.94,124.96,157,0,4000.0,False
2026-06-28,ST003,Mumbai,SKU005,Instant Coffee 100g,25,27.98,94,0,25,0,69,18.15,102.07,127,0,4625.0,False
2026-06-28,ST004,Delhi,SKU001,Shampoo 340ml,31,25.41,50,0,31,0,19,15.48,91.72,110,0,10199.0,False
2026-06-28,ST004,Delhi,SKU002,Bath Soap 100g,48,42.0,144,97,48,0,96,21.58,147.57,199,0,2640.0,False
2026-06-28,ST004,Delhi,SKU003,Laundry Detergent 1kg,32,37.04,29,0,29,3,0,19.61,130.71,171,0,6380.0,True
2026-06-28,ST004,Delhi,SKU004,Dishwash Liquid 500ml,27,30.93,54,0,27,0,27,14.02,106.81,88,81,3375.0,False
2026-06-28,ST004,Delhi,SKU005,Instant Coffee 100g,23,23.52,48,0,23,0,25,11.87,82.44,101,0,4255.0,False
2026-06-28,ST005,Hyderabad,SKU001,Shampoo 340ml,19,26.15,71,42,19,0,52,14.88,93.34,123,0,6251.0,False
2026-06-28,ST005,Hyderabad,SKU002,Bath Soap 100g,33,41.63,69,0,33,0,36,21.84,146.73,133,97,1815.0,False
2026-06-28,ST005,Hyderabad,SKU003,Laundry Detergent 1kg,30,32.55,106,85,30,0,76,23.53,121.17,162,0,6600.0,False
2026-06-28,ST005,Hyderabad,SKU004,Dishwash Liquid 500ml,30,29.73,89,62,30,0,59,18.87,108.07,136,0,3750.0,False
2026-06-28,ST005,Hyderabad,SKU005,Instant Coffee 100g,33,25.26,36,0,33,0,3,12.57,88.34,53,86,5189.25,False
2026-06-29,ST001,Chennai,SKU001,Shampoo 340ml,26,24.79,85,62,26,0,59,16.88,91.25,133,0,8554.0,False
2026-06-29,ST001,Chennai,SKU002,Bath Soap 100g,47,43.32,107,0,47,0,60,25.65,155.59,186,0,2585.0,False
2026-06-29,ST001,Chennai,SKU003,Laundry Detergent 1kg,29,32.62,112,87,29,0,83,15.66,113.51,184,0,6380.0,False
2026-06-29,ST001,Chennai,SKU004,Dishwash Liquid 500ml,29,29.92,100,82,29,0,71,18.22,107.99,149,0,3443.75,False
2026-06-29,ST001,Chennai,SKU005,Instant Coffee 100g,30,22.47,66,54,30,0,36,15.13,82.55,120,0,5550.0,False
2026-06-29,ST002,Bengaluru,SKU001,Shampoo 340ml,20,24.7,73,59,20,0,53,16.59,90.68,142,0,6580.0,False
2026-06-29,ST002,Bengaluru,SKU002,Bath Soap 100g,52,43.63,139,0,52,0,87,26.4,157.28,235,0,2860.0,False
2026-06-29,ST002,Bengaluru,SKU003,Laundry Detergent 1kg,36,35.92,121,99,36,0,85,16.94,124.69,188,0,7920.0,False
2026-06-29,ST002,Bengaluru,SKU004,Dishwash Liquid 500ml,29,36.28,79,0,29,0,50,18.71,127.54,123,78,2900.0,False
2026-06-29,ST002,Bengaluru,SKU005,Instant Coffee 100g,22,23.67,77,0,22,0,55,13.0,84.02,124,0,4070.0,False
2026-06-29,ST003,Mumbai,SKU001,Shampoo 340ml,27,27.2,79,55,27,0,52,19.13,100.73,141,0,8883.0,False
2026-06-29,ST003,Mumbai,SKU002,Bath Soap 100g,38,46.45,102,0,38,0,64,21.38,160.73,189,0,2090.0,False
2026-06-29,ST003,Mumbai,SKU003,Laundry Detergent 1kg,48,37.59,77,0,48,0,29,17.02,129.79,144,0,10560.0,False
2026-06-29,ST003,Mumbai,SKU004,Dishwash Liquid 500ml,39,31.55,65,0,39,0,26,19.83,114.47,118,0,4875.0,False
2026-06-29,ST003,Mumbai,SKU005,Instant Coffee 100g,30,23.76,69,0,30,0,39,17.64,88.92,97,0,5550.0,False
2026-06-29,ST004,Delhi,SKU001,Shampoo 340ml,20,21.19,19,0,19,1,0,15.94,79.5,91,0,6251.0,True
2026-06-29,ST004,Delhi,SKU002,Bath Soap 100g,39,39.03,96,0,39,0,57,22.09,139.17,160,0,2145.0,False
2026-06-29,ST004,Delhi,SKU003,Laundry Detergent 1kg,31,31.52,85,85,31,0,54,19.46,114.03,140,0,6820.0,False
2026-06-29,ST004,Delhi,SKU004,Dishwash Liquid 500ml,28,25.77,88,61,28,0,60,14.01,91.33,141,0,3500.0,False
2026-06-29,ST004,Delhi,SKU005,Instant Coffee 100g,15,19.85,25,0,15,0,10,10.76,70.31,86,0,2775.0,False
2026-06-29,ST005,Hyderabad,SKU001,Shampoo 340ml,23,20.0,52,0,23,0,29,14.56,74.57,100,0,7567.0,False
2026-06-29,ST005,Hyderabad,SKU002,Bath Soap 100g,34,37.12,133,97,34,0,99,22.18,133.55,196,0,1776.5,False
2026-06-29,ST005,Hyderabad,SKU003,Laundry Detergent 1kg,33,31.65,76,0,33,0,43,22.67,117.62,129,0,7260.0,False
2026-06-29,ST005,Hyderabad,SKU004,Dishwash Liquid 500ml,29,25.14,59,0,29,0,30,18.83,94.25,107,0,3625.0,False
2026-06-29,ST005,Hyderabad,SKU005,Instant Coffee 100g,18,19.31,53,50,18,0,35,14.42,72.34,121,0,3330.0,False
2026-06-30,ST001,Chennai,SKU001,Shampoo 340ml,17,25.18,59,0,17,0,42,16.18,91.73,116,0,5593.0,False
2026-06-30,ST001,Chennai,SKU002,Bath Soap 100g,41,42.32,186,126,41,0,145,25.62,152.59,145,93,2255.0,False
2026-06-30,ST001,Chennai,SKU003,Laundry Detergent 1kg,32,33.5,83,0,32,0,51,16.3,116.79,152,0,7040.0,False
2026-06-30,ST001,Chennai,SKU004,Dishwash Liquid 500ml,25,29.0,71,0,25,0,46,18.08,105.08,124,0,3125.0,False
2026-06-30,ST001,Chennai,SKU005,Instant Coffee 100g,26,23.0,36,0,26,0,10,15.45,84.45,94,0,4810.0,False
2026-06-30,ST002,Bengaluru,SKU001,Shampoo 340ml,35,25.79,53,0,35,0,18,17.06,94.44,107,0,11515.0,False
2026-06-30,ST002,Bengaluru,SKU002,Bath Soap 100g,44,38.78,87,0,44,0,43,24.35,140.7,191,0,2420.0,False
2026-06-30,ST002,Bengaluru,SKU003,Laundry Detergent 1kg,33,34.9,85,0,33,0,52,16.42,121.11,155,0,7260.0,False
2026-06-30,ST002,Bengaluru,SKU004,Dishwash Liquid 500ml,32,29.78,123,73,32,0,91,18.54,107.86,169,0,4000.0,False
2026-06-30,ST002,Bengaluru,SKU005,Instant Coffee 100g,17,25.28,55,0,17,0,38,12.62,88.45,107,0,3145.0,False
2026-06-30,ST003,Mumbai,SKU001,Shampoo 340ml,17,25.64,52,0,17,0,35,19.06,95.97,124,0,5593.0,False
2026-06-30,ST003,Mumbai,SKU002,Bath Soap 100g,42,44.55,189,125,42,0,147,22.16,155.81,147,98,2310.0,False
2026-06-30,ST003,Mumbai,SKU003,Laundry Detergent 1kg,35,37.26,144,115,35,0,109,17.46,129.24,109,95,7700.0,False
2026-06-30,ST003,Mumbai,SKU004,Dishwash Liquid 500ml,38,27.86,118,92,38,0,80,19.83,103.42,80,80,4750.0,False
2026-06-30,ST003,Mumbai,SKU005,Instant Coffee 100g,27,24.14,97,58,27,0,70,17.83,90.24,70,69,4995.0,False
2026-06-30,ST004,Delhi,SKU001,Shampoo 340ml,31,21.37,91,91,31,0,60,15.97,80.08,60,63,10199.0,False
2026-06-30,ST004,Delhi,SKU002,Bath Soap 100g,40,39.28,160,103,40,0,120,21.7,139.53,120,99,2200.0,False
2026-06-30,ST004,Delhi,SKU003,Laundry Detergent 1kg,25,30.41,140,86,25,0,115,19.51,110.74,115,0,5500.0,False
2026-06-30,ST004,Delhi,SKU004,Dishwash Liquid 500ml,31,25.88,60,0,31,0,29,14.01,91.64,110,0,3875.0,False
2026-06-30,ST004,Delhi,SKU005,Instant Coffee 100g,22,20.4,86,76,22,0,64,11.13,72.32,64,50,4070.0,False
2026-06-30,ST005,Hyderabad,SKU001,Shampoo 340ml,20,20.24,100,71,20,0,80,14.45,75.17,80,0,6580.0,False
2026-06-30,ST005,Hyderabad,SKU002,Bath Soap 100g,44,36.35,99,0,44,0,55,22.33,131.38,152,0,2420.0,False
2026-06-30,ST005,Hyderabad,SKU003,Laundry Detergent 1kg,21,29.37,129,86,21,0,108,22.42,110.53,108,62,4620.0,False
2026-06-30,ST005,Hyderabad,SKU004,Dishwash Liquid 500ml,27,25.19,107,77,27,0,80,18.84,94.41,80,65,3375.0,False
2026-06-30,ST005,Hyderabad,SKU005,Instant Coffee 100g,18,18.75,35,0,18,0,17,14.41,70.66,103,0,3330.0,False
2026-07-01,ST001,Chennai,SKU001,Shampoo 340ml,25,23.78,116,74,25,0,91,17.05,88.39,91,0,8225.0,False
2026-07-01,ST001,Chennai,SKU002,Bath Soap 100g,51,41.95,145,0,51,0,94,24.75,150.6,187,0,2805.0,False
2026-07-01,ST001,Chennai,SKU003,Laundry Detergent 1kg,40,34.82,152,101,40,0,112,16.39,120.84,112,79,8800.0,False
2026-07-01,ST001,Chennai,SKU004,Dishwash Liquid 500ml,24,29.83,124,78,24,0,100,16.5,105.98,100,66,3000.0,False
2026-07-01,ST001,Chennai,SKU005,Instant Coffee 100g,24,21.39,94,84,24,0,70,15.35,79.5,70,53,4440.0,False
2026-07-01,ST002,Bengaluru,SKU001,Shampoo 340ml,30,25.23,107,89,30,0,77,17.38,93.06,77,67,9870.0,False
2026-07-01,ST002,Bengaluru,SKU002,Bath Soap 100g,52,42.54,191,148,52,0,139,23.58,151.2,139,98,2860.0,False
2026-07-01,ST002,Bengaluru,SKU003,Laundry Detergent 1kg,35,34.93,155,103,35,0,120,16.54,121.32,120,72,7700.0,False
2026-07-01,ST002,Bengaluru,SKU004,Dishwash Liquid 500ml,31,29.94,91,0,31,0,60,18.53,108.36,138,0,3875.0,False
2026-07-01,ST002,Bengaluru,SKU005,Instant Coffee 100g,17,20.96,107,69,17,0,90,12.75,75.63,90,0,3145.0,False
2026-07-01,ST003,Mumbai,SKU001,Shampoo 340ml,17,26.9,124,89,17,0,107,19.92,100.61,107,0,5593.0,False
2026-07-01,ST003,Mumbai,SKU002,Bath Soap 100g,68,46.08,147,0,68,0,79,21.78,160.02,177,0,3740.0,False
2026-07-01,ST003,Mumbai,SKU003,Laundry Detergent 1kg,30,39.54,109,0,30,0,79,17.63,136.24,174,0,6600.0,False
2026-07-01,ST003,Mumbai,SKU004,Dishwash Liquid 500ml,27,32.22,80,0,27,0,53,19.17,115.83,133,0,3375.0,False
2026-07-01,ST003,Mumbai,SKU005,Instant Coffee 100g,15,23.39,70,0,15,0,55,17.61,87.77,124,0,2775.0,False
2026-07-01,ST004,Delhi,SKU001,Shampoo 340ml,18,20.47,60,0,18,0,42,16.46,77.86,105,0,5922.0,False
2026-07-01,ST004,Delhi,SKU002,Bath Soap 100g,34,39.27,120,0,34,0,86,21.41,139.23,185,0,1870.0,False
2026-07-01,ST004,Delhi,SKU003,Laundry Detergent 1kg,49,33.84,115,0,49,0,66,19.97,121.48,66,124,9702.0,False
2026-07-01,ST004,Delhi,SKU004,Dishwash Liquid 500ml,31,25.29,110,81,31,0,79,14.12,89.98,79,62,3875.0,False
2026-07-01,ST004,Delhi,SKU005,Instant Coffee 100g,25,22.12,64,0,25,0,39,11.09,77.45,89,0,4393.75,False
2026-07-01,ST005,Hyderabad,SKU001,Shampoo 340ml,22,20.81,80,0,22,0,58,14.1,76.54,58,61,7238.0,False
2026-07-01,ST005,Hyderabad,SKU002,Bath Soap 100g,38,38.1,152,97,38,0,114,22.21,136.51,114,99,2090.0,False
2026-07-01,ST005,Hyderabad,SKU003,Laundry Detergent 1kg,31,30.03,108,0,31,0,77,20.18,110.26,139,0,6820.0,False
2026-07-01,ST005,Hyderabad,SKU004,Dishwash Liquid 500ml,36,25.72,80,0,36,0,44,18.78,95.94,109,0,4500.0,False
2026-07-01,ST005,Hyderabad,SKU005,Instant Coffee 100g,19,18.81,103,86,19,0,84,14.4,70.82,84,0,3515.0,False
2026-07-02,ST001,Chennai,SKU001,Shampoo 340ml,25,24.33,91,0,25,0,66,17.05,90.03,66,73,8225.0,False
2026-07-02,ST001,Chennai,SKU002,Bath Soap 100g,37,41.91,94,0,37,0,57,24.99,150.72,150,85,2035.0,False
2026-07-02,ST001,Chennai,SKU003,Laundry Detergent 1kg,32,31.89,112,0,32,0,80,16.46,112.13,159,0,7040.0,False
2026-07-02,ST001,Chennai,SKU004,Dishwash Liquid 500ml,27,28.78,100,0,27,0,73,16.83,103.17,139,0,3375.0,False
2026-07-02,ST001,Chennai,SKU005,Instant Coffee 100g,40,28.11,70,0,40,0,30,15.05,99.39,83,73,6290.0,False
2026-07-02,ST002,Bengaluru,SKU001,Shampoo 340ml,24,26.48,77,0,24,0,53,17.38,96.84,120,0,7896.0,False
2026-07-02,ST002,Bengaluru,SKU002,Bath Soap 100g,40,43.39,139,0,40,0,99,23.36,153.53,197,0,2200.0,False
2026-07-02,ST002,Bengaluru,SKU003,Laundry Detergent 1kg,27,33.11,120,0,27,0,93,15.86,115.2,165,0,5940.0,False
2026-07-02,ST002,Bengaluru,SKU004,Dishwash Liquid 500ml,23,30.1,138,78,23,0,115,18.33,108.63,115,0,2875.0,False
2026-07-02,ST002,Bengaluru,SKU005,Instant Coffee 100g,21,22.42,90,0,21,0,69,12.76,80.01,69,56,3885.0,False
2026-07-02,ST003,Mumbai,SKU001,Shampoo 340ml,36,25.49,107,0,36,0,71,20.55,97.03,71,78,11844.0,False
2026-07-02,ST003,Mumbai,SKU002,Bath Soap 100g,38,43.46,79,0,38,0,41,23.88,154.24,139,103,2090.0,False
2026-07-02,ST003,Mumbai,SKU003,Laundry Detergent 1kg,39,37.17,79,0,39,0,40,18.34,129.85,135,0,8580.0,False
2026-07-02,ST003,Mumbai,SKU004,Dishwash Liquid 500ml,39,31.54,53,0,39,0,14,19.03,113.64,94,83,4875.0,False
2026-07-02,ST003,Mumbai,SKU005,Instant Coffee 100g,23,22.26,55,0,23,0,32,18.03,84.81,101,0,4255.0,False
2026-07-02,ST004,Delhi,SKU001,Shampoo 340ml,25,21.71,42,0,25,0,17,16.46,81.58,80,45,8225.0,False
2026-07-02,ST004,Delhi,SKU002,Bath Soap 100g,60,51.59,86,0,60,0,26,21.07,175.84,125,155,2640.0,False
2026-07-02,ST004,Delhi,SKU003,Laundry Detergent 1kg,26,33.44,66,0,26,0,40,21.22,121.55,164,0,5720.0,False
2026-07-02,ST004,Delhi,SKU004,Dishwash Liquid 500ml,37,26.2,79,0,37,0,42,14.22,92.8,104,0,4625.0,False
2026-07-02,ST004,Delhi,SKU005,Instant Coffee 100g,21,20.61,39,0,21,0,18,11.36,73.18,68,47,3885.0,False
2026-07-02,ST005,Hyderabad,SKU001,Shampoo 340ml,19,20.26,58,0,19,0,39,14.13,74.91,100,0,6251.0,False
2026-07-02,ST005,Hyderabad,SKU002,Bath Soap 100g,41,35.86,114,0,41,0,73,21.97,129.55,172,0,2255.0,False
2026-07-02,ST005,Hyderabad,SKU003,Laundry Detergent 1kg,29,30.33,77,0,29,0,48,19.67,110.67,110,62,6380.0,False
2026-07-02,ST005,Hyderabad,SKU004,Dishwash Liquid 500ml,22,22.96,44,0,22,0,22,18.48,87.38,87,47,2750.0,False
2026-07-02,ST005,Hyderabad,SKU005,Instant Coffee 100g,21,19.42,84,0,21,0,63,14.4,72.67,63,49,3885.0,False
2026-07-03,ST001,Chennai,SKU001,Shampoo 340ml,25,25.7,66,0,25,0,41,16.7,93.8,114,0,8225.0,False
2026-07-03,ST001,Chennai,SKU002,Bath Soap 100g,39,42.5,150,93,39,0,111,25.35,152.84,196,0,2145.0,False
2026-07-03,ST001,Chennai,SKU003,Laundry Detergent 1kg,36,33.3,80,0,36,0,44,16.69,116.59,123,0,7920.0,False
2026-07-03,ST001,Chennai,SKU004,Dishwash Liquid 500ml,18,29.14,73,0,18,0,55,16.72,104.14,121,0,2250.0,False
2026-07-03,ST001,Chennai,SKU005,Instant Coffee 100g,32,25.04,30,0,30,2,0,17.02,92.13,126,0,5550.0,True
2026-07-03,ST002,Bengaluru,SKU001,Shampoo 340ml,22,25.96,53,0,22,0,31,16.62,94.5,98,0,7238.0,False
2026-07-03,ST002,Bengaluru,SKU002,Bath Soap 100g,45,42.62,99,0,45,0,54,23.54,151.4,152,0,2475.0,False
2026-07-03,ST002,Bengaluru,SKU003,Laundry Detergent 1kg,27,34.32,93,0,27,0,66,16.45,119.42,138,0,5940.0,False
2026-07-03,ST002,Bengaluru,SKU004,Dishwash Liquid 500ml,27,30.91,115,0,27,0,88,18.83,111.57,88,86,3375.0,False
2026-07-03,ST002,Bengaluru,SKU005,Instant Coffee 100g,21,22.57,69,0,21,0,48,12.69,80.41,104,0,3885.0,False
2026-07-03,ST003,Mumbai,SKU001,Shampoo 340ml,30,26.18,71,0,30,0,41,20.55,99.09,119,0,9870.0,False
2026-07-03,ST003,Mumbai,SKU002,Bath Soap 100g,44,46.83,139,98,44,0,95,23.88,164.37,198,0,2420.0,False
2026-07-03,ST003,Mumbai,SKU003,Laundry Detergent 1kg,25,37.53,135,95,25,0,110,18.33,130.9,110,96,5500.0,False
2026-07-03,ST003,Mumbai,SKU004,Dishwash Liquid 500ml,28,31.6,94,80,28,0,66,19.06,113.86,149,0,3500.0,False
2026-07-03,ST003,Mumbai,SKU005,Instant Coffee 100g,24,23.39,101,69,24,0,77,18.0,88.18,77,58,4440.0,False
2026-07-03,ST004,Delhi,SKU001,Shampoo 340ml,26,27.87,80,63,26,0,54,15.47,99.08,99,56,7698.6,False
2026-07-03,ST004,Delhi,SKU002,Bath Soap 100g,33,43.09,125,99,33,0,92,23.88,153.17,247,0,1815.0,False
2026-07-03,ST004,Delhi,SKU003,Laundry Detergent 1kg,35,31.07,40,0,35,0,5,21.32,114.54,129,0,7700.0,False
2026-07-03,ST004,Delhi,SKU004,Dishwash Liquid 500ml,34,26.37,42,0,34,0,8,14.97,94.08,70,77,4250.0,False
2026-07-03,ST004,Delhi,SKU005,Instant Coffee 100g,18,19.19,68,50,18,0,50,11.36,68.94,97,0,3330.0,False
2026-07-03,ST005,Hyderabad,SKU001,Shampoo 340ml,25,18.77,39,0,25,0,14,13.85,70.16,75,0,8225.0,False
2026-07-03,ST005,Hyderabad,SKU002,Bath Soap 100g,36,37.13,73,0,36,0,37,21.88,133.27,136,0,1980.0,False
2026-07-03,ST005,Hyderabad,SKU003,Laundry Detergent 1kg,34,29.83,110,62,34,0,76,16.77,106.26,138,0,7480.0,False
2026-07-03,ST005,Hyderabad,SKU004,Dishwash Liquid 500ml,27,26.36,87,65,27,0,60,18.74,97.81,107,0,3375.0,False
2026-07-03,ST005,Hyderabad,SKU005,Instant Coffee 100g,23,18.85,63,0,23,0,40,13.59,70.14,89,0,4255.0,False
2026-07-04,ST001,Chennai,SKU001,Shampoo 340ml,25,29.36,41,0,25,0,16,16.55,104.63,89,75,8225.0,False
2026-07-04,ST001,Chennai,SKU002,Bath Soap 100g,48,50.3,111,0,48,0,63,24.55,175.45,148,129,2640.0,False
2026-07-04,ST001,Chennai,SKU003,Laundry Detergent 1kg,47,39.33,123,79,47,0,76,16.69,134.67,76,138,10340.0,False
2026-07-04,ST001,Chennai,SKU004,Dishwash Liquid 500ml,27,34.67,121,66,27,0,94,17.9,121.92,94,98,3375.0,False
2026-07-04,ST001,Chennai,SKU005,Instant Coffee 100g,28,26.38,53,53,28,0,25,17.15,96.31,98,0,5180.0,False
2026-07-04,ST002,Bengaluru,SKU001,Shampoo 340ml,31,28.68,98,67,31,0,67,16.73,102.77,67,94,10199.0,False
2026-07-04,ST002,Bengaluru,SKU002,Bath Soap 100g,53,49.8,152,98,53,0,99,22.44,171.83,99,173,2915.0,False
2026-07-04,ST002,Bengaluru,SKU003,Laundry Detergent 1kg,39,40.45,138,72,39,0,99,16.75,138.09,99,120,8580.0,False
2026-07-04,ST002,Bengaluru,SKU004,Dishwash Liquid 500ml,43,34.17,88,0,43,0,45,17.99,120.51,131,0,5375.0,False
2026-07-04,ST002,Bengaluru,SKU005,Instant Coffee 100g,32,25.07,48,0,32,0,16,12.42,87.62,72,66,5920.0,False
2026-07-04,ST003,Mumbai,SKU001,Shampoo 340ml,34,30.21,41,0,34,0,7,20.45,111.08,85,87,11186.0,False
2026-07-04,ST003,Mumbai,SKU002,Bath Soap 100g,36,54.39,95,0,36,0,59,23.88,187.03,162,134,1980.0,False
2026-07-04,ST003,Mumbai,SKU003,Laundry Detergent 1kg,62,51.85,110,0,62,0,48,19.78,175.33,144,136,11594.0,False
2026-07-04,ST003,Mumbai,SKU004,Dishwash Liquid 500ml,33,35.73,66,0,33,0,33,18.15,125.34,116,81,4125.0,False
2026-07-04,ST003,Mumbai,SKU005,Instant Coffee 100g,32,26.78,77,0,32,0,45,18.0,98.35,103,0,5920.0,False
2026-07-04,ST004,Delhi,SKU001,Shampoo 340ml,22,25.59,54,0,22,0,32,15.46,92.23,133,0,7238.0,False
2026-07-04,ST004,Delhi,SKU002,Bath Soap 100g,38,44.2,92,0,38,0,54,21.83,154.43,209,0,2090.0,False
2026-07-04,ST004,Delhi,SKU003,Laundry Detergent 1kg,52,43.7,129,124,52,0,77,21.33,152.44,77,163,9152.0,False
2026-07-04,ST004,Delhi,SKU004,Dishwash Liquid 500ml,31,29.91,70,62,31,0,39,15.07,104.79,116,0,3875.0,False
2026-07-04,ST004,Delhi,SKU005,Instant Coffee 100g,17,21.37,50,0,17,0,33,11.03,75.13,80,0,3145.0,False
2026-07-04,ST005,Hyderabad,SKU001,Shampoo 340ml,26,23.82,75,61,26,0,49,14.05,85.52,49,85,8554.0,False
2026-07-04,ST005,Hyderabad,SKU002,Bath Soap 100g,47,43.16,136,99,47,0,89,22.0,151.49,89,149,2585.0,False
2026-07-04,ST005,Hyderabad,SKU003,Laundry Detergent 1kg,38,35.07,76,0,38,0,38,16.85,122.06,100,93,8360.0,False
2026-07-04,ST005,Hyderabad,SKU004,Dishwash Liquid 500ml,32,29.55,60,0,32,0,28,18.64,107.29,75,92,4000.0,False
2026-07-04,ST005,Hyderabad,SKU005,Instant Coffee 100g,22,22.38,40,0,22,0,18,13.49,80.64,67,59,4070.0,False
2026-07-05,ST001,Chennai,SKU001,Shampoo 340ml,27,27.5,89,73,27,0,62,16.4,98.9,137,0,8883.0,False
2026-07-05,ST001,Chennai,SKU002,Bath Soap 100g,37,47.63,148,85,37,0,111,23.0,165.9,240,0,2035.0,False
2026-07-05,ST001,Chennai,SKU003,Laundry Detergent 1kg,41,38.89,76,0,41,0,35,17.01,133.68,173,0,9020.0,False
2026-07-05,ST001,Chennai,SKU004,Dishwash Liquid 500ml,47,33.35,94,0,47,0,47,17.14,117.18,145,0,5875.0,False
2026-07-05,ST001,Chennai,SKU005,Instant Coffee 100g,25,27.07,98,73,25,0,73,17.2,98.42,73,80,4625.0,False
2026-07-05,ST002,Bengaluru,SKU001,Shampoo 340ml,35,31.82,67,0,35,0,32,16.49,111.93,126,0,10363.5,False
2026-07-05,ST002,Bengaluru,SKU002,Bath Soap 100g,50,49.48,99,0,50,0,49,21.1,169.54,222,0,2750.0,False
2026-07-05,ST002,Bengaluru,SKU003,Laundry Detergent 1kg,40,39.62,99,0,40,0,59,16.84,135.7,179,0,8800.0,False
2026-07-05,ST002,Bengaluru,SKU004,Dishwash Liquid 500ml,37,35.36,45,0,37,0,8,19.11,125.18,94,102,4625.0,False
2026-07-05,ST002,Bengaluru,SKU005,Instant Coffee 100g,30,31.62,72,56,30,0,42,13.39,108.25,108,64,4440.0,False
2026-07-05,ST003,Mumbai,SKU001,Shampoo 340ml,32,30.78,85,78,32,0,53,20.23,112.57,140,0,10528.0,False
2026-07-05,ST003,Mumbai,SKU002,Bath Soap 100g,59,52.8,162,103,59,0,103,25.1,183.49,237,0,3082.75,False
2026-07-05,ST003,Mumbai,SKU003,Laundry Detergent 1kg,47,43.41,48,0,47,0,1,23.33,153.56,233,0,10340.0,False
2026-07-05,ST003,Mumbai,SKU004,Dishwash Liquid 500ml,35,35.76,116,83,35,0,81,18.07,125.35,162,0,4375.0,False
2026-07-05,ST003,Mumbai,SKU005,Instant Coffee 100g,32,29.22,45,0,32,0,13,16.63,104.29,71,92,5920.0,False
2026-07-05,ST004,Delhi,SKU001,Shampoo 340ml,21,27.14,77,45,21,0,56,15.48,96.9,112,0,6563.55,False
2026-07-05,ST004,Delhi,SKU002,Bath Soap 100g,41,45.37,209,155,41,0,168,21.86,157.98,168,0,2255.0,False
2026-07-05,ST004,Delhi,SKU003,Laundry Detergent 1kg,39,36.16,77,0,39,0,38,23.5,131.97,201,0,8580.0,False
2026-07-05,ST004,Delhi,SKU004,Dishwash Liquid 500ml,34,29.67,39,0,34,0,5,15.13,104.14,82,82,4250.0,False
2026-07-05,ST004,Delhi,SKU005,Instant Coffee 100g,21,22.54,80,47,21,0,59,11.14,78.75,59,65,3885.0,False
2026-07-05,ST005,Hyderabad,SKU001,Shampoo 340ml,20,24.2,49,0,20,0,29,14.28,86.87,114,0,6580.0,False
2026-07-05,ST005,Hyderabad,SKU002,Bath Soap 100g,35,42.55,89,0,35,0,54,20.98,148.64,203,0,1925.0,False
2026-07-05,ST005,Hyderabad,SKU003,Laundry Detergent 1kg,27,33.15,100,62,27,0,73,17.28,116.74,166,0,5940.0,False
2026-07-05,ST005,Hyderabad,SKU004,Dishwash Liquid 500ml,34,28.05,75,47,34,0,41,18.77,102.94,133,0,4250.0,False
2026-07-05,ST005,Hyderabad,SKU005,Instant Coffee 100g,23,19.97,67,49,23,0,44,13.58,73.48,103,0,4255.0,False
2026-07-06,ST001,Chennai,SKU001,Shampoo 340ml,15,24.66,62,0,15,0,47,16.4,90.37,122,0,4935.0,False
2026-07-06,ST001,Chennai,SKU002,Bath Soap 100g,39,43.32,111,0,39,0,72,22.64,152.59,201,0,2145.0,False
2026-07-06,ST001,Chennai,SKU003,Laundry Detergent 1kg,39,33.07,35,0,35,4,0,15.57,114.77,138,0,7700.0,True
2026-07-06,ST001,Chennai,SKU004,Dishwash Liquid 500ml,32,29.43,47,0,32,0,15,19.25,107.54,113,0,4000.0,False
2026-07-06,ST001,Chennai,SKU005,Instant Coffee 100g,26,21.16,73,0,26,0,47,17.14,80.62,127,0,4810.0,False
2026-07-06,ST002,Bengaluru,SKU001,Shampoo 340ml,37,24.64,32,0,32,5,0,16.8,90.73,94,0,10528.0,True
2026-07-06,ST002,Bengaluru,SKU002,Bath Soap 100g,39,44.17,49,0,39,0,10,21.02,153.52,183,0,2145.0,False
2026-07-06,ST002,Bengaluru,SKU003,Laundry Detergent 1kg,36,34.33,59,0,36,0,23,16.65,119.63,143,0,7920.0,False
2026-07-06,ST002,Bengaluru,SKU004,Dishwash Liquid 500ml,32,29.3,94,86,32,0,62,18.61,106.53,164,0,4000.0,False
2026-07-06,ST002,Bengaluru,SKU005,Instant Coffee 100g,12,22.5,42,0,12,0,30,14.01,81.52,160,0,2220.0,False
2026-07-06,ST003,Mumbai,SKU001,Shampoo 340ml,34,26.01,53,0,34,0,19,20.35,98.38,106,0,11186.0,False
2026-07-06,ST003,Mumbai,SKU002,Bath Soap 100g,53,51.58,103,0,53,0,50,25.37,180.1,184,0,2769.25,False
2026-07-06,ST003,Mumbai,SKU003,Laundry Detergent 1kg,37,36.12,97,96,37,0,60,21.66,130.01,196,0,8140.0,False
2026-07-06,ST003,Mumbai,SKU004,Dishwash Liquid 500ml,30,30.69,81,0,30,0,51,17.88,109.96,132,0,3750.0,False
2026-07-06,ST003,Mumbai,SKU005,Instant Coffee 100g,15,23.9,71,58,15,0,56,16.64,88.33,148,0,2775.0,False
2026-07-06,ST004,Delhi,SKU001,Shampoo 340ml,23,22.36,112,56,23,0,89,15.13,82.19,89,0,7567.0,False
2026-07-06,ST004,Delhi,SKU002,Bath Soap 100g,61,52.09,168,0,61,0,107,21.84,178.12,107,176,2684.0,False
2026-07-06,ST004,Delhi,SKU003,Laundry Detergent 1kg,26,32.09,38,0,26,0,12,23.56,119.84,175,0,5720.0,False
2026-07-06,ST004,Delhi,SKU004,Dishwash Liquid 500ml,24,25.48,82,77,24,0,58,15.08,91.51,140,0,3000.0,False
2026-07-06,ST004,Delhi,SKU005,Instant Coffee 100g,17,20.36,59,0,17,0,42,10.82,71.9,107,0,3145.0,False
2026-07-06,ST005,Hyderabad,SKU001,Shampoo 340ml,22,20.41,29,0,22,0,7,14.23,75.46,92,0,7238.0,False
2026-07-06,ST005,Hyderabad,SKU002,Bath Soap 100g,39,39.66,54,0,39,0,15,21.09,140.06,164,0,2145.0,False
2026-07-06,ST005,Hyderabad,SKU003,Laundry Detergent 1kg,23,29.57,73,0,23,0,50,17.34,106.04,143,0,5060.0,False
2026-07-06,ST005,Hyderabad,SKU004,Dishwash Liquid 500ml,25,23.72,41,0,25,0,16,18.54,89.7,108,0,3125.0,False
2026-07-06,ST005,Hyderabad,SKU005,Instant Coffee 100g,15,18.08,44,0,15,0,29,13.7,67.95,88,0,2775.0,False
2026-07-07,ST001,Chennai,SKU001,Shampoo 340ml,24,25.63,122,75,24,0,98,17.63,94.51,98,0,7896.0,False
2026-07-07,ST001,Chennai,SKU002,Bath Soap 100g,44,41.36,201,129,44,0,157,22.58,146.67,157,0,2420.0,False
2026-07-07,ST001,Chennai,SKU003,Laundry Detergent 1kg,29,34.37,138,138,29,0,109,15.39,118.51,109,79,6380.0,False
2026-07-07,ST001,Chennai,SKU004,Dishwash Liquid 500ml,20,28.22,113,98,20,0,93,19.28,103.93,93,68,2500.0,False
2026-07-07,ST001,Chennai,SKU005,Instant Coffee 100g,21,21.56,47,0,21,0,26,16.59,81.28,106,0,3885.0,False
2026-07-07,ST002,Bengaluru,SKU001,Shampoo 340ml,24,26.81,94,94,24,0,70,17.39,97.84,70,82,7896.0,False
2026-07-07,ST002,Bengaluru,SKU002,Bath Soap 100g,48,43.79,183,173,48,0,135,21.57,152.93,135,106,2640.0,False
2026-07-07,ST002,Bengaluru,SKU003,Laundry Detergent 1kg,39,34.37,143,120,39,0,104,16.4,119.5,104,85,8580.0,False
2026-07-07,ST002,Bengaluru,SKU004,Dishwash Liquid 500ml,23,30.01,62,0,23,0,39,18.39,108.44,141,0,2875.0,False
2026-07-07,ST002,Bengaluru,SKU005,Instant Coffee 100g,25,20.55,96,66,25,0,71,15.12,76.76,135,0,4625.0,False
2026-07-07,ST003,Mumbai,SKU001,Shampoo 340ml,25,25.52,106,87,25,0,81,20.56,97.13,81,68,8225.0,False
2026-07-07,ST003,Mumbai,SKU002,Bath Soap 100g,58,48.93,184,134,58,0,126,24.5,171.3,126,144,3030.5,False
2026-07-07,ST003,Mumbai,SKU003,Laundry Detergent 1kg,37,35.13,196,136,37,0,159,21.46,126.85,159,0,8140.0,False
2026-07-07,ST003,Mumbai,SKU004,Dishwash Liquid 500ml,29,31.56,132,81,29,0,103,17.74,112.41,103,73,3625.0,False
2026-07-07,ST003,Mumbai,SKU005,Instant Coffee 100g,29,22.67,56,0,29,0,27,17.35,85.35,119,0,5365.0,False
2026-07-07,ST004,Delhi,SKU001,Shampoo 340ml,23,21.88,89,0,23,0,66,14.93,80.58,66,59,7567.0,False
2026-07-07,ST004,Delhi,SKU002,Bath Soap 100g,33,37.49,107,0,33,0,74,24.56,137.04,250,0,1815.0,False
2026-07-07,ST004,Delhi,SKU003,Laundry Detergent 1kg,26,33.0,175,163,26,0,149,23.56,122.56,149,0,5720.0,False
2026-07-07,ST004,Delhi,SKU004,Dishwash Liquid 500ml,25,26.27,58,0,25,0,33,15.31,94.12,115,0,3125.0,False
2026-07-07,ST004,Delhi,SKU005,Instant Coffee 100g,17,20.2,42,0,17,0,25,10.72,71.33,90,0,3145.0,False
2026-07-07,ST005,Hyderabad,SKU001,Shampoo 340ml,18,19.91,92,85,18,0,74,14.23,73.97,74,0,5922.0,False
2026-07-07,ST005,Hyderabad,SKU002,Bath Soap 100g,41,37.01,164,149,41,0,123,20.99,132.03,123,84,2255.0,False
2026-07-07,ST005,Hyderabad,SKU003,Laundry Detergent 1kg,30,30.56,143,93,30,0,113,17.83,109.51,113,0,6600.0,False
2026-07-07,ST005,Hyderabad,SKU004,Dishwash Liquid 500ml,22,25.43,108,92,22,0,86,18.59,94.89,86,60,2612.5,False
2026-07-07,ST005,Hyderabad,SKU005,Instant Coffee 100g,19,18.94,88,59,19,0,69,13.72,70.54,69,40,3515.0,False
2026-07-08,ST001,Chennai,SKU001,Shampoo 340ml,24,24.24,98,0,24,0,74,17.72,90.45,74,65,7896.0,False
2026-07-08,ST001,Chennai,SKU002,Bath Soap 100g,36,43.08,157,0,36,0,121,21.87,151.1,121,117,1980.0,False
2026-07-08,ST001,Chennai,SKU003,Laundry Detergent 1kg,46,33.99,109,0,46,0,63,15.96,117.93,142,0,10120.0,False
2026-07-08,ST001,Chennai,SKU004,Dishwash Liquid 500ml,37,30.69,93,0,37,0,56,19.75,111.8,124,0,4393.75,False
2026-07-08,ST001,Chennai,SKU005,Instant Coffee 100g,17,26.83,106,80,17,0,89,15.82,96.3,89,61,2830.5,False
2026-07-08,ST002,Bengaluru,SKU001,Shampoo 340ml,39,25.81,70,0,39,0,31,17.57,95.01,113,0,12831.0,False
2026-07-08,ST002,Bengaluru,SKU002,Bath Soap 100g,44,44.55,135,0,44,0,91,21.46,155.11,197,0,2420.0,False
2026-07-08,ST002,Bengaluru,SKU003,Laundry Detergent 1kg,40,35.26,104,0,40,0,64,16.5,122.27,149,0,8800.0,False
2026-07-08,ST002,Bengaluru,SKU004,Dishwash Liquid 500ml,30,30.15,141,102,30,0,111,18.86,109.3,111,0,3750.0,False
2026-07-08,ST002,Bengaluru,SKU005,Instant Coffee 100g,16,21.39,135,64,16,0,119,15.19,79.38,119,0,2960.0,False
2026-07-08,ST003,Mumbai,SKU001,Shampoo 340ml,20,26.39,81,0,20,0,61,20.36,99.52,129,0,6580.0,False
2026-07-08,ST003,Mumbai,SKU002,Bath Soap 100g,44,45.62,126,0,44,0,82,24.77,161.62,226,0,2420.0,False
2026-07-08,ST003,Mumbai,SKU003,Laundry Detergent 1kg,42,35.09,159,0,42,0,117,21.46,126.72,117,80,9240.0,False
2026-07-08,ST003,Mumbai,SKU004,Dishwash Liquid 500ml,35,32.05,103,0,35,0,68,17.69,113.83,141,0,4375.0,False
2026-07-08,ST003,Mumbai,SKU005,Instant Coffee 100g,20,24.28,119,92,20,0,99,17.51,90.34,99,0,3700.0,False
2026-07-08,ST004,Delhi,SKU001,Shampoo 340ml,31,22.42,66,0,31,0,35,14.87,82.13,94,0,10199.0,False
2026-07-08,ST004,Delhi,SKU002,Bath Soap 100g,42,39.72,74,0,42,0,32,24.46,143.63,208,0,2310.0,False
2026-07-08,ST004,Delhi,SKU003,Laundry Detergent 1kg,35,28.42,149,0,35,0,114,23.44,108.69,114,0,7700.0,False
2026-07-08,ST004,Delhi,SKU004,Dishwash Liquid 500ml,14,25.55,115,82,14,0,101,15.12,91.78,101,0,1750.0,False
2026-07-08,ST004,Delhi,SKU005,Instant Coffee 100g,24,19.55,90,65,24,0,66,10.79,69.44,66,43,4440.0,False
2026-07-08,ST005,Hyderabad,SKU001,Shampoo 340ml,19,20.05,74,0,19,0,55,14.23,74.39,55,60,6251.0,False
2026-07-08,ST005,Hyderabad,SKU002,Bath Soap 100g,43,35.53,123,0,43,0,80,20.99,127.58,164,0,2365.0,False
2026-07-08,ST005,Hyderabad,SKU003,Laundry Detergent 1kg,31,27.65,113,0,31,0,82,17.66,100.62,82,74,6820.0,False
2026-07-08,ST005,Hyderabad,SKU004,Dishwash Liquid 500ml,22,25.98,86,0,22,0,64,18.82,96.77,124,0,2750.0,False
2026-07-08,ST005,Hyderabad,SKU005,Instant Coffee 100g,18,19.12,69,0,18,0,51,13.7,71.06,91,0,3330.0,False
2026-07-09,ST001,Chennai,SKU001,Shampoo 340ml,22,24.48,74,0,22,0,52,17.77,91.2,117,0,7238.0,False
2026-07-09,ST001,Chennai,SKU002,Bath Soap 100g,35,41.98,121,0,35,0,86,20.41,146.35,203,0,1925.0,False
2026-07-09,ST001,Chennai,SKU003,Laundry Detergent 1kg,33,35.09,63,0,33,0,30,16.71,121.98,109,84,7260.0,False
2026-07-09,ST001,Chennai,SKU004,Dishwash Liquid 500ml,45,28.41,56,0,45,0,11,20.15,105.39,79,84,5625.0,False
2026-07-09,ST001,Chennai,SKU005,Instant Coffee 100g,25,22.93,89,0,25,0,64,15.82,84.6,125,0,4625.0,False
2026-07-09,ST002,Bengaluru,SKU001,Shampoo 340ml,27,24.61,31,0,27,0,4,18.37,92.21,86,56,8883.0,False
2026-07-09,ST002,Bengaluru,SKU002,Bath Soap 100g,53,42.88,91,0,53,0,38,21.53,150.17,144,92,2915.0,False
2026-07-09,ST002,Bengaluru,SKU003,Laundry Detergent 1kg,45,43.12,64,0,45,0,19,16.21,145.56,104,128,7920.0,False
2026-07-09,ST002,Bengaluru,SKU004,Dishwash Liquid 500ml,31,29.18,111,0,31,0,80,18.35,105.88,80,85,3875.0,False
2026-07-09,ST002,Bengaluru,SKU005,Instant Coffee 100g,17,22.12,119,0,17,0,102,15.32,81.67,102,0,3145.0,False
2026-07-09,ST003,Mumbai,SKU001,Shampoo 340ml,23,25.53,61,0,23,0,38,20.72,97.31,106,0,7567.0,False
2026-07-09,ST003,Mumbai,SKU002,Bath Soap 100g,47,46.74,82,0,47,0,35,24.04,164.27,179,0,2585.0,False
2026-07-09,ST003,Mumbai,SKU003,Laundry Detergent 1kg,48,45.04,117,0,48,0,69,21.51,156.65,149,98,8976.0,False
2026-07-09,ST003,Mumbai,SKU004,Dishwash Liquid 500ml,32,29.54,68,0,32,0,36,17.69,106.31,109,0,4000.0,False
2026-07-09,ST003,Mumbai,SKU005,Instant Coffee 100g,20,23.3,99,0,20,0,79,17.58,87.48,79,56,3700.0,False
2026-07-09,ST004,Delhi,SKU001,Shampoo 340ml,28,21.77,35,0,28,0,7,15.4,80.7,66,59,9212.0,False
2026-07-09,ST004,Delhi,SKU002,Bath Soap 100g,41,37.3,208,176,41,0,167,24.44,136.35,167,0,2255.0,False
2026-07-09,ST004,Delhi,SKU003,Laundry Detergent 1kg,25,32.07,114,0,25,0,89,23.32,119.53,89,95,5500.0,False
2026-07-09,ST004,Delhi,SKU004,Dishwash Liquid 500ml,23,25.56,101,0,23,0,78,17.1,93.79,78,67,2875.0,False
2026-07-09,ST004,Delhi,SKU005,Instant Coffee 100g,16,18.55,66,0,16,0,50,11.0,66.66,93,0,2960.0,False
2026-07-09,ST005,Hyderabad,SKU001,Shampoo 340ml,19,19.63,55,0,19,0,36,14.12,73.02,96,0,6251.0,False
2026-07-09,ST005,Hyderabad,SKU002,Bath Soap 100g,40,42.09,80,0,40,0,40,20.58,146.86,124,108,1980.0,False
2026-07-09,ST005,Hyderabad,SKU003,Laundry Detergent 1kg,34,30.4,82,0,34,0,48,17.39,108.6,122,0,7480.0,False
2026-07-09,ST005,Hyderabad,SKU004,Dishwash Liquid 500ml,30,25.87,64,0,30,0,34,19.03,96.65,94,55,3750.0,False
2026-07-09,ST005,Hyderabad,SKU005,Instant Coffee 100g,17,18.31,51,0,17,0,34,13.44,68.36,74,0,3145.0,False
2026-07-10,ST001,Chennai,SKU001,Shampoo 340ml,25,25.18,52,0,25,0,27,16.95,92.5,92,51,8225.0,False
2026-07-10,ST001,Chennai,SKU002,Bath Soap 100g,49,41.5,86,0,49,0,37,18.69,143.18,154,0,2695.0,False
2026-07-10,ST001,Chennai,SKU003,Laundry Detergent 1kg,30,34.74,109,79,30,0,79,16.85,121.06,163,0,6600.0,False
2026-07-10,ST001,Chennai,SKU004,Dishwash Liquid 500ml,28,27.98,79,68,28,0,51,21.63,105.57,135,0,3500.0,False
2026-07-10,ST001,Chennai,SKU005,Instant Coffee 100g,25,20.26,64,0,25,0,39,15.09,75.89,100,0,4625.0,False
2026-07-10,ST002,Bengaluru,SKU001,Shampoo 340ml,15,25.05,86,82,15,0,71,18.4,93.56,127,0,4935.0,False
2026-07-10,ST002,Bengaluru,SKU002,Bath Soap 100g,43,44.77,144,106,43,0,101,21.69,155.99,193,0,2365.0,False
2026-07-10,ST002,Bengaluru,SKU003,Laundry Detergent 1kg,42,36.03,104,85,42,0,62,16.8,124.89,190,0,9240.0,False
2026-07-10,ST002,Bengaluru,SKU004,Dishwash Liquid 500ml,33,30.25,80,0,33,0,47,18.35,109.1,132,0,4125.0,False
2026-07-10,ST002,Bengaluru,SKU005,Instant Coffee 100g,22,21.76,102,0,22,0,80,15.43,80.7,80,45,4070.0,False
2026-07-10,ST003,Mumbai,SKU001,Shampoo 340ml,28,26.79,106,68,28,0,78,20.9,101.27,78,77,9212.0,False
2026-07-10,ST003,Mumbai,SKU002,Bath Soap 100g,53,46.39,179,144,53,0,126,24.04,163.23,126,131,2915.0,False
2026-07-10,ST003,Mumbai,SKU003,Laundry Detergent 1kg,29,35.81,69,0,29,0,40,22.02,129.46,218,0,6380.0,False
2026-07-10,ST003,Mumbai,SKU004,Dishwash Liquid 500ml,38,31.62,109,73,38,0,71,17.11,111.97,71,105,4750.0,False
2026-07-10,ST003,Mumbai,SKU005,Instant Coffee 100g,17,23.03,79,0,17,0,62,17.12,86.2,118,0,3145.0,False
2026-07-10,ST004,Delhi,SKU001,Shampoo 340ml,23,29.82,66,59,23,0,43,15.54,105.0,102,63,6053.6,False
2026-07-10,ST004,Delhi,SKU002,Bath Soap 100g,26,38.46,167,0,26,0,141,24.03,139.39,141,0,1430.0,False
2026-07-10,ST004,Delhi,SKU003,Laundry Detergent 1kg,40,38.32,89,0,40,0,49,23.53,138.48,144,0,7480.0,False
2026-07-10,ST004,Delhi,SKU004,Dishwash Liquid 500ml,31,34.4,78,0,31,0,47,16.73,119.92,114,75,3293.75,False
2026-07-10,ST004,Delhi,SKU005,Instant Coffee 100g,24,18.87,50,0,24,0,26,10.72,67.32,69,0,4440.0,False
2026-07-10,ST005,Hyderabad,SKU001,Shampoo 340ml,16,20.16,36,0,16,0,20,14.14,74.63,80,0,5264.0,False
2026-07-10,ST005,Hyderabad,SKU002,Bath Soap 100g,37,36.75,124,84,37,0,87,19.48,129.73,195,0,2035.0,False
2026-07-10,ST005,Hyderabad,SKU003,Laundry Detergent 1kg,24,29.95,48,0,24,0,24,17.42,107.28,98,70,5280.0,False
2026-07-10,ST005,Hyderabad,SKU004,Dishwash Liquid 500ml,20,25.23,94,60,20,0,74,19.0,94.69,129,0,2500.0,False
2026-07-10,ST005,Hyderabad,SKU005,Instant Coffee 100g,15,17.65,74,40,15,0,59,12.72,65.67,59,42,2775.0,False
2026-07-11,ST001,Chennai,SKU001,Shampoo 340ml,32,28.53,92,65,32,0,60,16.42,102.02,111,0,10528.0,False
2026-07-11,ST001,Chennai,SKU002,Bath Soap 100g,56,47.37,154,117,56,0,98,18.94,161.03,98,158,3080.0,False
2026-07-11,ST001,Chennai,SKU003,Laundry Detergent 1kg,40,40.42,79,0,40,0,39,17.19,138.46,123,97,8800.0,False
2026-07-11,ST001,Chennai,SKU004,Dishwash Liquid 500ml,42,32.63,51,0,42,0,9,21.16,119.06,93,92,5250.0,False
2026-07-11,ST001,Chennai,SKU005,Instant Coffee 100g,26,24.08,100,61,26,0,74,15.09,87.32,74,62,4810.0,False
2026-07-11,ST002,Bengaluru,SKU001,Shampoo 340ml,40,36.21,71,0,40,0,31,19.76,128.4,87,114,11186.0,False
2026-07-11,ST002,Bengaluru,SKU002,Bath Soap 100g,49,50.01,101,0,49,0,52,21.83,171.85,144,128,2695.0,False
2026-07-11,ST002,Bengaluru,SKU003,Laundry Detergent 1kg,53,41.17,62,0,53,0,9,16.34,139.84,137,86,11660.0,False
2026-07-11,ST002,Bengaluru,SKU004,Dishwash Liquid 500ml,35,33.49,47,0,35,0,12,17.85,118.32,97,89,4375.0,False
2026-07-11,ST002,Bengaluru,SKU005,Instant Coffee 100g,19,22.31,80,0,19,0,61,15.21,82.14,106,0,3515.0,False
2026-07-11,ST003,Mumbai,SKU001,Shampoo 340ml,28,29.89,78,0,28,0,50,19.99,109.65,127,0,9212.0,False
2026-07-11,ST003,Mumbai,SKU002,Bath Soap 100g,51,54.47,126,0,51,0,75,23.91,187.32,206,0,2805.0,False
2026-07-11,ST003,Mumbai,SKU003,Laundry Detergent 1kg,43,41.28,120,80,43,0,77,22.74,146.59,175,0,9460.0,False
2026-07-11,ST003,Mumbai,SKU004,Dishwash Liquid 500ml,52,43.45,71,0,52,0,19,16.58,146.92,124,110,5200.0,False
2026-07-11,ST003,Mumbai,SKU005,Instant Coffee 100g,38,26.3,62,0,38,0,24,17.56,96.47,80,70,7030.0,False
2026-07-11,ST004,Delhi,SKU001,Shampoo 340ml,28,24.68,43,0,28,0,15,15.5,89.55,137,0,9212.0,False
2026-07-11,ST004,Delhi,SKU002,Bath Soap 100g,37,45.04,141,0,37,0,104,25.03,160.17,104,147,2035.0,False
2026-07-11,ST004,Delhi,SKU003,Laundry Detergent 1kg,28,32.47,49,0,28,0,21,23.6,121.02,116,70,6160.0,False
2026-07-11,ST004,Delhi,SKU004,Dishwash Liquid 500ml,26,30.9,47,0,26,0,21,16.67,109.36,163,0,3250.0,False
2026-07-11,ST004,Delhi,SKU005,Instant Coffee 100g,17,21.44,69,43,17,0,52,10.44,74.76,52,66,3145.0,False
2026-07-11,ST005,Hyderabad,SKU001,Shampoo 340ml,29,23.65,80,60,29,0,51,14.3,85.24,51,82,9541.0,False
2026-07-11,ST005,Hyderabad,SKU002,Bath Soap 100g,51,43.12,87,0,51,0,36,16.12,145.49,144,88,2805.0,False
2026-07-11,ST005,Hyderabad,SKU003,Laundry Detergent 1kg,27,33.11,98,74,27,0,71,17.81,117.14,141,0,5940.0,False
2026-07-11,ST005,Hyderabad,SKU004,Dishwash Liquid 500ml,27,29.48,74,0,27,0,47,19.23,107.66,102,65,3375.0,False
2026-07-11,ST005,Hyderabad,SKU005,Instant Coffee 100g,25,23.17,59,0,25,0,34,12.88,82.38,76,53,4625.0,False
2026-07-12,ST001,Chennai,SKU001,Shampoo 340ml,24,27.7,60,0,24,0,36,16.56,99.66,87,69,7896.0,False
2026-07-12,ST001,Chennai,SKU002,Bath Soap 100g,49,50.06,98,0,49,0,49,20.04,170.21,207,0,2695.0,False
2026-07-12,ST001,Chennai,SKU003,Laundry Detergent 1kg,36,39.12,123,84,36,0,87,16.81,134.17,184,0,7920.0,False
2026-07-12,ST001,Chennai,SKU004,Dishwash Liquid 500ml,33,30.29,93,84,33,0,60,21.77,112.66,152,0,4125.0,False
2026-07-12,ST001,Chennai,SKU005,Instant Coffee 100g,28,24.74,74,0,28,0,46,15.08,89.31,108,0,5180.0,False
2026-07-12,ST002,Bengaluru,SKU001,Shampoo 340ml,23,30.28,87,56,23,0,64,20.72,111.57,178,0,7567.0,False
2026-07-12,ST002,Bengaluru,SKU002,Bath Soap 100g,40,48.93,144,92,40,0,104,21.25,168.02,232,0,2200.0,False
2026-07-12,ST002,Bengaluru,SKU003,Laundry Detergent 1kg,44,39.74,137,128,44,0,93,18.13,137.35,179,0,9680.0,False
2026-07-12,ST002,Bengaluru,SKU004,Dishwash Liquid 500ml,41,38.18,97,85,41,0,56,17.96,132.5,145,0,4868.75,False
2026-07-12,ST002,Bengaluru,SKU005,Instant Coffee 100g,19,23.42,61,0,19,0,42,15.26,85.52,87,0,3515.0,False
2026-07-12,ST003,Mumbai,SKU001,Shampoo 340ml,29,29.49,50,0,29,0,21,18.21,106.68,98,68,9541.0,False
2026-07-12,ST003,Mumbai,SKU002,Bath Soap 100g,45,49.05,75,0,45,0,30,23.6,170.76,161,108,2475.0,False
2026-07-12,ST003,Mumbai,SKU003,Laundry Detergent 1kg,44,43.37,175,98,44,0,131,22.82,152.94,131,109,9680.0,False
2026-07-12,ST003,Mumbai,SKU004,Dishwash Liquid 500ml,33,36.67,19,0,19,14,0,19.6,129.61,215,0,2375.0,True
2026-07-12,ST003,Mumbai,SKU005,Instant Coffee 100g,26,29.36,80,56,26,0,54,18.53,106.61,124,0,4810.0,False
2026-07-12,ST004,Delhi,SKU001,Shampoo 340ml,24,25.36,74,59,24,0,50,15.65,91.73,113,0,7896.0,False
2026-07-12,ST004,Delhi,SKU002,Bath Soap 100g,46,43.96,104,0,46,0,58,24.9,156.77,205,0,2530.0,False
2026-07-12,ST004,Delhi,SKU003,Laundry Detergent 1kg,30,35.82,116,95,30,0,86,23.85,131.31,156,0,6600.0,False
2026-07-12,ST004,Delhi,SKU004,Dishwash Liquid 500ml,38,35.56,88,67,38,0,50,16.54,123.24,125,0,4037.5,False
2026-07-12,ST004,Delhi,SKU005,Instant Coffee 100g,18,23.01,52,0,18,0,34,10.33,79.37,100,0,3330.0,False
2026-07-12,ST005,Hyderabad,SKU001,Shampoo 340ml,23,24.21,51,0,23,0,28,14.61,87.23,110,0,7567.0,False
2026-07-12,ST005,Hyderabad,SKU002,Bath Soap 100g,40,41.21,144,108,40,0,104,17.24,140.88,192,0,2200.0,False
2026-07-12,ST005,Hyderabad,SKU003,Laundry Detergent 1kg,26,32.03,71,0,26,0,45,17.81,113.9,115,0,5720.0,False
2026-07-12,ST005,Hyderabad,SKU004,Dishwash Liquid 500ml,36,29.22,102,55,36,0,66,19.02,106.67,131,0,4500.0,False
2026-07-12,ST005,Hyderabad,SKU005,Instant Coffee 100g,19,22.16,34,0,19,0,15,12.77,79.25,110,0,3515.0,False
2026-07-13,ST001,Chennai,SKU001,Shampoo 340ml,25,23.92,87,51,25,0,62,16.49,88.24,131,0,8225.0,False
2026-07-13,ST001,Chennai,SKU002,Bath Soap 100g,38,44.23,49,0,38,0,11,19.28,151.95,169,0,2090.0,False
2026-07-13,ST001,Chennai,SKU003,Laundry Detergent 1kg,44,40.23,87,0,44,0,43,16.7,137.38,140,0,8228.0,False
2026-07-13,ST001,Chennai,SKU004,Dishwash Liquid 500ml,36,27.96,60,0,36,0,24,21.74,105.62,116,0,4500.0,False
2026-07-13,ST001,Chennai,SKU005,Instant Coffee 100g,18,20.63,46,0,18,0,28,15.12,77.02,90,0,3330.0,False
2026-07-13,ST002,Bengaluru,SKU001,Shampoo 340ml,28,25.78,64,0,28,0,36,20.93,98.27,150,0,9212.0,False
2026-07-13,ST002,Bengaluru,SKU002,Bath Soap 100g,37,43.4,104,0,37,0,67,21.51,151.71,195,0,2035.0,False
2026-07-13,ST002,Bengaluru,SKU003,Laundry Detergent 1kg,28,36.77,93,0,28,0,65,18.38,128.68,151,0,6160.0,False
2026-07-13,ST002,Bengaluru,SKU004,Dishwash Liquid 500ml,42,30.87,56,0,42,0,14,18.06,110.67,103,70,5250.0,False
2026-07-13,ST002,Bengaluru,SKU005,Instant Coffee 100g,17,22.88,87,45,17,0,70,14.91,83.56,70,60,3145.0,False
2026-07-13,ST003,Mumbai,SKU001,Shampoo 340ml,27,25.57,98,77,27,0,71,18.22,94.94,139,0,8883.0,False
2026-07-13,ST003,Mumbai,SKU002,Bath Soap 100g,33,45.62,161,131,33,0,128,23.81,160.68,236,0,1815.0,False
2026-07-13,ST003,Mumbai,SKU003,Laundry Detergent 1kg,30,35.54,131,0,30,0,101,22.92,129.53,210,0,6600.0,False
2026-07-13,ST003,Mumbai,SKU004,Dishwash Liquid 500ml,31,31.29,105,105,31,0,74,18.9,112.76,184,0,3875.0,False
2026-07-13,ST003,Mumbai,SKU005,Instant Coffee 100g,25,24.01,54,0,25,0,29,17.81,89.84,99,0,4625.0,False
2026-07-13,ST004,Delhi,SKU001,Shampoo 340ml,23,22.3,113,63,23,0,90,14.39,81.29,90,0,7567.0,False
2026-07-13,ST004,Delhi,SKU002,Bath Soap 100g,41,40.56,58,0,41,0,17,22.67,144.35,164,0,2255.0,False
2026-07-13,ST004,Delhi,SKU003,Laundry Detergent 1kg,22,30.54,86,0,22,0,64,23.85,115.46,134,0,4840.0,False
2026-07-13,ST004,Delhi,SKU004,Dishwash Liquid 500ml,22,25.53,125,75,22,0,103,15.92,92.52,103,0,2750.0,False
2026-07-13,ST004,Delhi,SKU005,Instant Coffee 100g,16,19.59,34,0,16,0,18,9.99,68.75,84,0,2960.0,False
2026-07-13,ST005,Hyderabad,SKU001,Shampoo 340ml,29,20.91,28,0,28,1,0,14.62,77.36,82,0,9212.0,True
2026-07-13,ST005,Hyderabad,SKU002,Bath Soap 100g,30,37.2,104,0,30,0,74,17.14,128.75,162,0,1650.0,False
2026-07-13,ST005,Hyderabad,SKU003,Laundry Detergent 1kg,34,30.27,115,70,34,0,81,17.98,108.8,81,89,7480.0,False
2026-07-13,ST005,Hyderabad,SKU004,Dishwash Liquid 500ml,27,26.34,66,0,27,0,39,19.02,98.04,104,0,3375.0,False
2026-07-13,ST005,Hyderabad,SKU005,Instant Coffee 100g,23,19.96,57,42,23,0,34,12.7,72.56,87,0,4255.0,False
2026-07-14,ST001,Chennai,SKU001,Shampoo 340ml,21,23.33,62,0,21,0,41,15.02,85.01,110,0,6909.0,False
2026-07-14,ST001,Chennai,SKU002,Bath Soap 100g,45,42.56,169,158,45,0,124,19.51,147.19,124,109,2475.0,False
2026-07-14,ST001,Chennai,SKU003,Laundry Detergent 1kg,28,34.67,140,97,28,0,112,16.71,120.72,112,79,6160.0,False
2026-07-14,ST001,Chennai,SKU004,Dishwash Liquid 500ml,24,28.64,116,92,24,0,92,21.92,107.83,92,74,3000.0,False
2026-07-14,ST001,Chennai,SKU005,Instant Coffee 100g,24,20.61,90,62,24,0,66,14.96,76.77,66,52,4440.0,False
2026-07-14,ST002,Bengaluru,SKU001,Shampoo 340ml,23,25.69,150,114,23,0,127,20.92,97.99,127,0,7567.0,False
2026-07-14,ST002,Bengaluru,SKU002,Bath Soap 100g,48,44.43,195,128,48,0,147,22.18,155.48,147,98,2640.0,False
2026-07-14,ST002,Bengaluru,SKU003,Laundry Detergent 1kg,31,35.36,151,86,31,0,120,18.94,125.01,120,76,6820.0,False
2026-07-14,ST002,Bengaluru,SKU004,Dishwash Liquid 500ml,36,29.97,103,89,36,0,67,18.85,108.75,137,0,4500.0,False
2026-07-14,ST002,Bengaluru,SKU005,Instant Coffee 100g,25,21.62,70,0,25,0,45,15.02,79.89,105,0,4625.0,False
2026-07-14,ST003,Mumbai,SKU001,Shampoo 340ml,32,25.33,71,0,32,0,39,17.83,93.82,107,0,10528.0,False
2026-07-14,ST003,Mumbai,SKU002,Bath Soap 100g,37,45.29,128,0,37,0,91,25.56,161.44,199,0,2035.0,False
2026-07-14,ST003,Mumbai,SKU003,Laundry Detergent 1kg,37,38.32,101,0,37,0,64,23.35,138.31,173,0,7733.0,False
2026-07-14,ST003,Mumbai,SKU004,Dishwash Liquid 500ml,36,31.43,184,110,36,0,148,18.34,112.64,148,0,4500.0,False
2026-07-14,ST003,Mumbai,SKU005,Instant Coffee 100g,28,30.33,99,70,28,0,71,17.32,108.29,71,98,4144.0,False
2026-07-14,ST004,Delhi,SKU001,Shampoo 340ml,30,21.63,90,0,30,0,60,13.92,78.81,60,63,9870.0,False
2026-07-14,ST004,Delhi,SKU002,Bath Soap 100g,43,39.55,164,147,43,0,121,22.48,141.13,121,100,2365.0,False
2026-07-14,ST004,Delhi,SKU003,Laundry Detergent 1kg,26,30.7,134,70,26,0,108,24.53,116.64,108,71,5720.0,False
2026-07-14,ST004,Delhi,SKU004,Dishwash Liquid 500ml,35,26.88,103,0,35,0,68,16.24,96.87,68,83,4375.0,False
2026-07-14,ST004,Delhi,SKU005,Instant Coffee 100g,22,20.06,84,66,22,0,62,10.14,70.32,62,49,4070.0,False
2026-07-14,ST005,Hyderabad,SKU001,Shampoo 340ml,33,29.36,82,82,33,0,49,15.25,103.32,49,114,8685.6,False
2026-07-14,ST005,Hyderabad,SKU002,Bath Soap 100g,39,36.87,162,88,39,0,123,17.68,128.27,123,80,2145.0,False
2026-07-14,ST005,Hyderabad,SKU003,Laundry Detergent 1kg,30,30.63,81,0,30,0,51,17.42,109.3,140,0,6600.0,False
2026-07-14,ST005,Hyderabad,SKU004,Dishwash Liquid 500ml,36,26.22,104,65,36,0,68,18.83,97.48,68,82,4500.0,False
2026-07-14,ST005,Hyderabad,SKU005,Instant Coffee 100g,15,18.48,87,53,15,0,72,12.68,68.12,72,0,2775.0,False
2026-07-15,ST001,Chennai,SKU001,Shampoo 340ml,13,23.54,110,69,13,0,97,15.28,85.89,97,0,4277.0,False
2026-07-15,ST001,Chennai,SKU002,Bath Soap 100g,41,42.13,124,0,41,0,83,19.52,145.92,192,0,2255.0,False
2026-07-15,ST001,Chennai,SKU003,Laundry Detergent 1kg,36,32.48,112,0,36,0,76,16.97,114.4,155,0,7920.0,False
2026-07-15,ST001,Chennai,SKU004,Dishwash Liquid 500ml,23,29.13,92,0,23,0,69,22.08,109.48,143,0,2875.0,False
2026-07-15,ST001,Chennai,SKU005,Instant Coffee 100g,27,20.78,66,0,27,0,39,14.96,77.28,91,0,4995.0,False
2026-07-15,ST002,Bengaluru,SKU001,Shampoo 340ml,22,26.12,127,0,22,0,105,20.47,98.85,105,0,7238.0,False
2026-07-15,ST002,Bengaluru,SKU002,Bath Soap 100g,31,44.37,147,0,31,0,116,20.37,153.46,214,0,1705.0,False
2026-07-15,ST002,Bengaluru,SKU003,Laundry Detergent 1kg,36,35.59,120,0,36,0,84,19.16,125.94,160,0,7920.0,False
2026-07-15,ST002,Bengaluru,SKU004,Dishwash Liquid 500ml,37,30.08,67,0,37,0,30,18.9,109.13,100,70,4625.0,False
2026-07-15,ST002,Bengaluru,SKU005,Instant Coffee 100g,24,22.13,45,0,24,0,21,15.15,81.55,81,45,4440.0,False
2026-07-15,ST003,Mumbai,SKU001,Shampoo 340ml,27,25.57,107,68,27,0,80,17.92,94.64,80,66,8883.0,False
2026-07-15,ST003,Mumbai,SKU002,Bath Soap 100g,52,45.58,199,108,52,0,147,25.96,162.71,147,107,2860.0,False
2026-07-15,ST003,Mumbai,SKU003,Laundry Detergent 1kg,36,39.5,173,109,36,0,137,23.31,141.82,137,84,7920.0,False
2026-07-15,ST003,Mumbai,SKU004,Dishwash Liquid 500ml,35,31.3,148,0,35,0,113,18.08,111.97,113,0,4375.0,False
2026-07-15,ST003,Mumbai,SKU005,Instant Coffee 100g,20,24.05,71,0,20,0,51,17.4,89.55,149,0,3700.0,False
2026-07-15,ST004,Delhi,SKU001,Shampoo 340ml,22,20.54,60,0,22,0,38,14.21,75.82,101,0,7238.0,False
2026-07-15,ST004,Delhi,SKU002,Bath Soap 100g,47,38.79,121,0,47,0,74,22.48,138.84,174,0,2585.0,False
2026-07-15,ST004,Delhi,SKU003,Laundry Detergent 1kg,36,31.56,108,0,36,0,72,24.9,119.58,143,0,7920.0,False
2026-07-15,ST004,Delhi,SKU004,Dishwash Liquid 500ml,34,25.61,68,0,34,0,34,16.53,93.38,117,0,4250.0,False
2026-07-15,ST004,Delhi,SKU005,Instant Coffee 100g,18,19.74,62,0,18,0,44,10.18,69.4,93,0,3330.0,False
2026-07-15,ST005,Hyderabad,SKU001,Shampoo 340ml,20,21.55,49,0,20,0,29,16.52,81.18,143,0,6580.0,False
2026-07-15,ST005,Hyderabad,SKU002,Bath Soap 100g,39,37.82,123,0,39,0,84,17.68,131.15,164,0,2037.75,False
2026-07-15,ST005,Hyderabad,SKU003,Laundry Detergent 1kg,25,29.11,51,0,25,0,26,17.09,104.41,115,0,5500.0,False
2026-07-15,ST005,Hyderabad,SKU004,Dishwash Liquid 500ml,37,25.72,68,0,37,0,31,19.22,96.37,113,0,4625.0,False
2026-07-15,ST005,Hyderabad,SKU005,Instant Coffee 100g,19,19.26,72,0,19,0,53,12.7,70.49,53,57,3515.0,False
2026-07-16,ST001,Chennai,SKU001,Shampoo 340ml,39,30.22,97,0,39,0,58,16.81,107.48,58,110,10906.35,False
2026-07-16,ST001,Chennai,SKU002,Bath Soap 100g,47,41.75,83,0,47,0,36,18.29,143.53,145,0,2585.0,False
2026-07-16,ST001,Chennai,SKU003,Laundry Detergent 1kg,36,31.84,76,0,36,0,40,16.15,111.67,119,0,7920.0,False
2026-07-16,ST001,Chennai,SKU004,Dishwash Liquid 500ml,29,27.52,69,0,29,0,40,21.88,104.42,114,0,3625.0,False
2026-07-16,ST001,Chennai,SKU005,Instant Coffee 100g,23,19.65,39,0,23,0,16,14.6,73.54,68,45,4255.0,False
2026-07-16,ST002,Bengaluru,SKU001,Shampoo 340ml,38,31.23,105,0,38,0,67,19.15,112.83,67,109,11251.8,False
2026-07-16,ST002,Bengaluru,SKU002,Bath Soap 100g,55,51.1,116,0,55,0,61,21.8,175.09,159,119,2722.5,False
2026-07-16,ST002,Bengaluru,SKU003,Laundry Detergent 1kg,38,34.18,84,0,38,0,46,19.14,121.68,122,0,8360.0,False
2026-07-16,ST002,Bengaluru,SKU004,Dishwash Liquid 500ml,34,30.68,100,70,34,0,66,19.06,111.1,136,0,4250.0,False
2026-07-16,ST002,Bengaluru,SKU005,Instant Coffee 100g,29,23.42,81,60,29,0,52,15.2,85.45,97,0,5365.0,False
2026-07-16,ST003,Mumbai,SKU001,Shampoo 340ml,28,25.35,80,0,28,0,52,17.85,93.9,118,0,9212.0,False
2026-07-16,ST003,Mumbai,SKU002,Bath Soap 100g,38,49.44,147,0,38,0,109,25.96,174.27,216,0,2090.0,False
2026-07-16,ST003,Mumbai,SKU003,Laundry Detergent 1kg,30,35.24,137,0,30,0,107,21.81,127.53,191,0,6600.0,False
2026-07-16,ST003,Mumbai,SKU004,Dishwash Liquid 500ml,38,30.8,113,0,38,0,75,16.52,108.93,75,96,4750.0,False
2026-07-16,ST003,Mumbai,SKU005,Instant Coffee 100g,31,23.69,51,0,31,0,20,15.68,86.76,118,0,5735.0,False
2026-07-16,ST004,Delhi,SKU001,Shampoo 340ml,12,22.49,38,0,12,0,26,13.14,80.6,89,0,3948.0,False
2026-07-16,ST004,Delhi,SKU002,Bath Soap 100g,46,37.29,74,0,46,0,28,22.64,134.52,128,82,2530.0,False
2026-07-16,ST004,Delhi,SKU003,Laundry Detergent 1kg,24,31.49,72,0,24,0,48,24.92,119.39,119,64,5280.0,False
2026-07-16,ST004,Delhi,SKU004,Dishwash Liquid 500ml,19,25.13,34,0,19,0,15,16.42,91.8,98,0,2375.0,False
2026-07-16,ST004,Delhi,SKU005,Instant Coffee 100g,11,19.09,44,0,11,0,33,10.19,67.46,82,0,2035.0,False
2026-07-16,ST005,Hyderabad,SKU001,Shampoo 340ml,19,19.79,29,0,19,0,10,16.42,75.81,124,0,6251.0,False
2026-07-16,ST005,Hyderabad,SKU002,Bath Soap 100g,30,35.74,84,0,30,0,54,16.86,124.08,134,0,1650.0,False
2026-07-16,ST005,Hyderabad,SKU003,Laundry Detergent 1kg,40,37.33,115,89,40,0,75,16.98,128.98,75,129,7480.0,False
2026-07-16,ST005,Hyderabad,SKU004,Dishwash Liquid 500ml,20,25.05,31,0,20,0,11,19.89,95.03,93,53,2500.0,False
2026-07-16,ST005,Hyderabad,SKU005,Instant Coffee 100g,28,18.63,53,0,28,0,25,12.63,68.51,82,0,5180.0,False
2026-07-17,ST001,Chennai,SKU001,Shampoo 340ml,26,24.57,58,0,26,0,32,18.22,91.94,142,0,8554.0,False
2026-07-17,ST001,Chennai,SKU002,Bath Soap 100g,41,39.57,145,109,41,0,104,18.23,136.95,104,113,2255.0,False
2026-07-17,ST001,Chennai,SKU003,Laundry Detergent 1kg,36,33.75,119,79,36,0,83,15.39,116.65,83,102,7920.0,False
2026-07-17,ST001,Chennai,SKU004,Dishwash Liquid 500ml,24,27.77,114,74,24,0,90,21.79,105.09,90,71,3000.0,False
2026-07-17,ST001,Chennai,SKU005,Instant Coffee 100g,19,21.33,68,52,19,0,49,14.43,78.4,94,0,3515.0,False
2026-07-17,ST002,Bengaluru,SKU001,Shampoo 340ml,28,27.8,67,0,28,0,39,19.33,102.73,148,0,9212.0,False
2026-07-17,ST002,Bengaluru,SKU002,Bath Soap 100g,54,43.04,159,98,54,0,105,22.21,151.32,224,0,2970.0,False
2026-07-17,ST002,Bengaluru,SKU003,Laundry Detergent 1kg,46,35.32,122,76,46,0,76,18.87,124.84,76,120,10120.0,False
2026-07-17,ST002,Bengaluru,SKU004,Dishwash Liquid 500ml,26,30.05,66,0,26,0,40,18.6,108.74,110,0,3250.0,False
2026-07-17,ST002,Bengaluru,SKU005,Instant Coffee 100g,30,22.36,52,0,30,0,22,15.7,82.79,67,61,5550.0,False
2026-07-17,ST003,Mumbai,SKU001,Shampoo 340ml,35,25.25,52,0,35,0,17,17.85,93.61,83,62,11515.0,False
2026-07-17,ST003,Mumbai,SKU002,Bath Soap 100g,46,45.05,109,0,46,0,63,25.89,161.03,170,0,2530.0,False
2026-07-17,ST003,Mumbai,SKU003,Laundry Detergent 1kg,27,36.42,107,0,27,0,80,22.41,131.66,164,0,5940.0,False
2026-07-17,ST003,Mumbai,SKU004,Dishwash Liquid 500ml,26,33.8,75,0,26,0,49,16.56,117.96,145,0,3250.0,False
2026-07-17,ST003,Mumbai,SKU005,Instant Coffee 100g,18,29.67,118,98,18,0,100,16.08,105.09,100,65,2830.5,False
2026-07-17,ST004,Delhi,SKU001,Shampoo 340ml,27,22.32,89,63,27,0,62,14.7,81.67,62,65,8883.0,False
2026-07-17,ST004,Delhi,SKU002,Bath Soap 100g,37,40.61,128,100,37,0,91,22.55,144.39,173,0,2035.0,False
2026-07-17,ST004,Delhi,SKU003,Laundry Detergent 1kg,23,30.68,119,71,23,0,96,23.07,115.11,160,0,5060.0,False
2026-07-17,ST004,Delhi,SKU004,Dishwash Liquid 500ml,24,25.78,98,83,24,0,74,17.18,94.53,74,73,3000.0,False
2026-07-17,ST004,Delhi,SKU005,Instant Coffee 100g,15,20.36,82,49,15,0,67,11.18,72.25,67,46,2775.0,False
2026-07-17,ST005,Hyderabad,SKU001,Shampoo 340ml,20,20.76,124,114,20,0,104,16.47,78.75,104,0,6580.0,False
2026-07-17,ST005,Hyderabad,SKU002,Bath Soap 100g,34,37.15,134,80,34,0,100,17.57,129.02,100,104,1870.0,False
2026-07-17,ST005,Hyderabad,SKU003,Laundry Detergent 1kg,30,29.83,75,0,30,0,45,17.69,107.17,174,0,6600.0,False
2026-07-17,ST005,Hyderabad,SKU004,Dishwash Liquid 500ml,27,25.75,93,82,27,0,66,19.89,97.13,119,0,3375.0,False
2026-07-17,ST005,Hyderabad,SKU005,Instant Coffee 100g,32,18.41,25,0,25,7,0,13.38,68.6,57,49,4625.0,True
2026-07-18,ST001,Chennai,SKU001,Shampoo 340ml,24,27.81,32,0,24,0,8,16.71,100.13,118,0,7896.0,False
2026-07-18,ST001,Chennai,SKU002,Bath Soap 100g,56,46.09,104,0,56,0,48,17.77,156.04,161,0,3080.0,False
2026-07-18,ST001,Chennai,SKU003,Laundry Detergent 1kg,46,39.13,83,0,46,0,37,15.22,132.62,139,0,10120.0,False
2026-07-18,ST001,Chennai,SKU004,Dishwash Liquid 500ml,23,32.93,90,0,23,0,67,21.79,120.59,138,0,2875.0,False
2026-07-18,ST001,Chennai,SKU005,Instant Coffee 100g,20,24.44,49,0,20,0,29,14.9,88.23,74,64,3700.0,False
2026-07-18,ST002,Bengaluru,SKU001,Shampoo 340ml,26,30.87,39,0,26,0,13,19.33,111.94,122,0,8554.0,False
2026-07-18,ST002,Bengaluru,SKU002,Bath Soap 100g,59,49.63,105,0,59,0,46,22.45,171.34,165,106,3245.0,False
2026-07-18,ST002,Bengaluru,SKU003,Laundry Detergent 1kg,36,40.21,76,0,36,0,40,19.48,140.1,160,0,7920.0,False
2026-07-18,ST002,Bengaluru,SKU004,Dishwash Liquid 500ml,29,35.78,110,70,29,0,81,18.95,126.28,81,117,3625.0,False
2026-07-18,ST002,Bengaluru,SKU005,Instant Coffee 100g,24,24.97,67,45,24,0,43,15.43,90.33,104,0,4440.0,False
2026-07-18,ST003,Mumbai,SKU001,Shampoo 340ml,21,27.96,83,66,21,0,62,18.04,101.92,124,0,6909.0,False
2026-07-18,ST003,Mumbai,SKU002,Bath Soap 100g,50,51.49,170,107,50,0,120,25.76,180.22,120,164,2750.0,False
2026-07-18,ST003,Mumbai,SKU003,Laundry Detergent 1kg,44,44.39,164,84,44,0,120,23.35,156.51,120,126,9680.0,False
2026-07-18,ST003,Mumbai,SKU004,Dishwash Liquid 500ml,37,36.23,49,0,37,0,12,16.56,125.25,108,90,4625.0,False
2026-07-18,ST003,Mumbai,SKU005,Instant Coffee 100g,34,27.58,100,0,34,0,66,16.03,98.78,131,0,6290.0,False
2026-07-18,ST004,Delhi,SKU001,Shampoo 340ml,21,25.52,62,0,21,0,41,13.93,90.5,106,0,6909.0,False
2026-07-18,ST004,Delhi,SKU002,Bath Soap 100g,42,44.09,91,0,42,0,49,22.66,154.94,131,113,2310.0,False
2026-07-18,ST004,Delhi,SKU003,Laundry Detergent 1kg,41,36.87,96,0,41,0,55,23.32,133.94,119,89,9020.0,False
2026-07-18,ST004,Delhi,SKU004,Dishwash Liquid 500ml,36,29.82,74,0,36,0,38,16.73,106.18,111,0,4500.0,False
2026-07-18,ST004,Delhi,SKU005,Instant Coffee 100g,29,28.83,67,0,29,0,38,11.44,97.93,84,72,4828.5,False
2026-07-18,ST005,Hyderabad,SKU001,Shampoo 340ml,29,25.18,104,0,29,0,75,16.08,91.63,75,67,9541.0,False
2026-07-18,ST005,Hyderabad,SKU002,Bath Soap 100g,44,40.6,100,0,44,0,56,17.66,139.47,160,0,2420.0,False
2026-07-18,ST005,Hyderabad,SKU003,Laundry Detergent 1kg,39,34.16,45,0,39,0,6,16.97,119.46,135,0,8580.0,False
2026-07-18,ST005,Hyderabad,SKU004,Dishwash Liquid 500ml,31,29.99,66,0,31,0,35,19.41,109.38,88,82,3875.0,False
2026-07-18,ST005,Hyderabad,SKU005,Instant Coffee 100g,26,26.88,57,57,26,0,31,14.94,95.58,80,70,4329.0,False
2026-07-19,ST001,Chennai,SKU001,Shampoo 340ml,20,27.24,118,110,20,0,98,16.33,98.06,98,55,6580.0,False
2026-07-19,ST001,Chennai,SKU002,Bath Soap 100g,44,49.99,48,0,44,0,4,18.86,168.82,117,152,2420.0,False
2026-07-19,ST001,Chennai,SKU003,Laundry Detergent 1kg,42,43.54,37,0,37,5,0,16.19,146.82,102,132,7733.0,True
2026-07-19,ST001,Chennai,SKU004,Dishwash Liquid 500ml,32,34.77,67,0,32,0,35,21.24,125.55,106,90,4000.0,False
2026-07-19,ST001,Chennai,SKU005,Instant Coffee 100g,34,24.99,74,45,34,0,40,15.22,90.19,104,0,6290.0,False
2026-07-19,ST002,Bengaluru,SKU001,Shampoo 340ml,25,29.61,122,109,25,0,97,19.17,107.99,97,71,8225.0,False
2026-07-19,ST002,Bengaluru,SKU002,Bath Soap 100g,57,48.27,165,119,57,0,108,22.71,167.51,214,0,3135.0,False
2026-07-19,ST002,Bengaluru,SKU003,Laundry Detergent 1kg,38,40.62,40,0,38,0,2,19.44,141.28,122,101,8360.0,False
2026-07-19,ST002,Bengaluru,SKU004,Dishwash Liquid 500ml,40,34.34,81,0,40,0,41,17.7,120.72,158,0,5000.0,False
2026-07-19,ST002,Bengaluru,SKU005,Instant Coffee 100g,34,24.26,43,0,34,0,9,14.98,87.76,70,67,6290.0,False
2026-07-19,ST003,Mumbai,SKU001,Shampoo 340ml,35,29.17,62,0,35,0,27,17.78,105.3,89,75,11515.0,False
2026-07-19,ST003,Mumbai,SKU002,Bath Soap 100g,65,52.09,120,0,65,0,55,23.35,179.62,219,0,3575.0,False
2026-07-19,ST003,Mumbai,SKU003,Laundry Detergent 1kg,43,42.34,120,0,43,0,77,23.46,150.48,203,0,9460.0,False
2026-07-19,ST003,Mumbai,SKU004,Dishwash Liquid 500ml,38,35.48,108,96,38,0,70,16.51,122.95,160,0,4750.0,False
2026-07-19,ST003,Mumbai,SKU005,Instant Coffee 100g,29,27.52,66,0,29,0,37,16.52,99.08,102,0,5365.0,False
2026-07-19,ST004,Delhi,SKU001,Shampoo 340ml,17,26.09,41,0,17,0,24,14.02,92.3,89,56,5593.0,False
2026-07-19,ST004,Delhi,SKU002,Bath Soap 100g,49,43.39,131,82,49,0,82,22.64,152.8,195,0,2695.0,False
2026-07-19,ST004,Delhi,SKU003,Laundry Detergent 1kg,37,40.97,119,64,37,0,82,23.6,146.52,171,0,7733.0,False
2026-07-19,ST004,Delhi,SKU004,Dishwash Liquid 500ml,28,30.91,38,0,28,0,10,17.19,109.93,83,89,3500.0,False
2026-07-19,ST004,Delhi,SKU005,Instant Coffee 100g,25,23.16,38,0,25,0,13,12.41,81.89,131,0,4625.0,False
2026-07-19,ST005,Hyderabad,SKU001,Shampoo 340ml,24,24.48,75,0,24,0,51,14.87,88.32,118,0,7896.0,False
2026-07-19,ST005,Hyderabad,SKU002,Bath Soap 100g,42,42.36,56,0,42,0,14,17.73,144.81,118,112,2310.0,False
2026-07-19,ST005,Hyderabad,SKU003,Laundry Detergent 1kg,34,37.93,135,129,34,0,101,17.37,131.15,101,106,7106.0,False
2026-07-19,ST005,Hyderabad,SKU004,Dishwash Liquid 500ml,27,28.67,88,53,27,0,61,16.01,102.03,143,0,3375.0,False
2026-07-19,ST005,Hyderabad,SKU005,Instant Coffee 100g,18,22.57,31,0,18,0,13,15.25,82.95,132,0,3330.0,False
2026-07-20,ST001,Chennai,SKU001,Shampoo 340ml,28,23.56,98,0,28,0,70,16.55,87.21,125,0,9212.0,False
2026-07-20,ST001,Chennai,SKU002,Bath Soap 100g,52,51.17,117,113,52,0,65,17.69,171.19,217,0,2431.0,False
2026-07-20,ST001,Chennai,SKU003,Laundry Detergent 1kg,34,34.0,102,102,34,0,68,16.49,118.48,200,0,7480.0,False
2026-07-20,ST001,Chennai,SKU004,Dishwash Liquid 500ml,16,29.09,106,71,16,0,90,20.96,108.24,180,0,2000.0,False
2026-07-20,ST001,Chennai,SKU005,Instant Coffee 100g,24,21.55,40,0,24,0,16,15.5,80.15,80,44,4440.0,False
2026-07-20,ST002,Bengaluru,SKU001,Shampoo 340ml,18,26.39,97,0,18,0,79,19.24,98.41,150,0,5922.0,False
2026-07-20,ST002,Bengaluru,SKU002,Bath Soap 100g,43,46.11,108,0,43,0,65,21.21,159.52,171,0,2365.0,False
2026-07-20,ST002,Bengaluru,SKU003,Laundry Detergent 1kg,35,35.83,122,120,35,0,87,19.38,126.87,188,0,7700.0,False
2026-07-20,ST002,Bengaluru,SKU004,Dishwash Liquid 500ml,42,34.39,41,0,41,1,0,17.56,120.73,117,73,4612.5,True
2026-07-20,ST002,Bengaluru,SKU005,Instant Coffee 100g,31,22.51,70,61,31,0,39,15.6,83.14,106,0,5735.0,False
2026-07-20,ST003,Mumbai,SKU001,Shampoo 340ml,23,25.07,89,62,23,0,66,17.99,93.21,141,0,7567.0,False
2026-07-20,ST003,Mumbai,SKU002,Bath Soap 100g,36,46.88,55,0,36,0,19,25.08,165.74,183,0,1980.0,False
2026-07-20,ST003,Mumbai,SKU003,Laundry Detergent 1kg,37,37.22,77,0,37,0,40,23.54,135.2,166,0,8140.0,False
2026-07-20,ST003,Mumbai,SKU004,Dishwash Liquid 500ml,33,31.04,70,0,33,0,37,15.8,108.92,127,0,4125.0,False
2026-07-20,ST003,Mumbai,SKU005,Instant Coffee 100g,24,23.2,102,65,24,0,78,16.69,86.31,78,55,4440.0,False
2026-07-20,ST004,Delhi,SKU001,Shampoo 340ml,16,22.75,89,65,16,0,73,14.5,82.77,129,0,5264.0,False
2026-07-20,ST004,Delhi,SKU002,Bath Soap 100g,44,36.45,82,0,44,0,38,23.03,132.37,151,0,2299.0,False
2026-07-20,ST004,Delhi,SKU003,Laundry Detergent 1kg,33,30.72,82,0,33,0,49,23.68,115.83,138,0,7260.0,False
2026-07-20,ST004,Delhi,SKU004,Dishwash Liquid 500ml,31,31.89,83,73,31,0,52,16.71,112.39,141,0,3487.5,False
2026-07-20,ST004,Delhi,SKU005,Instant Coffee 100g,20,29.87,59,46,20,0,39,12.62,102.22,111,0,2960.0,False
2026-07-20,ST005,Hyderabad,SKU001,Shampoo 340ml,22,22.27,51,0,22,0,29,14.17,80.99,96,0,7238.0,False
2026-07-20,ST005,Hyderabad,SKU002,Bath Soap 100g,42,36.2,118,104,42,0,76,16.09,124.69,188,0,2310.0,False
2026-07-20,ST005,Hyderabad,SKU003,Laundry Detergent 1kg,26,31.07,101,0,26,0,75,17.31,110.5,181,0,5720.0,False
2026-07-20,ST005,Hyderabad,SKU004,Dishwash Liquid 500ml,33,28.06,61,0,33,0,28,16.01,100.19,110,0,3712.5,False
2026-07-20,ST005,Hyderabad,SKU005,Instant Coffee 100g,25,19.04,62,49,25,0,37,15.16,72.27,107,0,4625.0,False
2026-07-21,ST001,Chennai,SKU001,Shampoo 340ml,16,24.01,70,0,16,0,54,15.47,87.5,109,0,5264.0,False
2026-07-21,ST001,Chennai,SKU002,Bath Soap 100g,53,40.85,65,0,53,0,12,17.69,140.25,164,0,2915.0,False
2026-07-21,ST001,Chennai,SKU003,Laundry Detergent 1kg,37,39.42,68,0,37,0,31,16.03,134.29,163,0,6919.0,False
2026-07-21,ST001,Chennai,SKU004,Dishwash Liquid 500ml,29,29.19,90,0,29,0,61,22.21,109.77,151,0,3625.0,False
2026-07-21,ST001,Chennai,SKU005,Instant Coffee 100g,19,21.01,80,64,19,0,61,15.53,78.55,105,0,3515.0,False
2026-07-21,ST002,Bengaluru,SKU001,Shampoo 340ml,21,26.11,79,0,21,0,58,20.05,98.39,129,0,6909.0,False
2026-07-21,ST002,Bengaluru,SKU002,Bath Soap 100g,52,45.15,171,106,52,0,119,21.21,156.66,119,128,2860.0,False
2026-07-21,ST002,Bengaluru,SKU003,Laundry Detergent 1kg,43,34.8,87,0,43,0,44,18.4,122.8,145,0,9460.0,False
2026-07-21,ST002,Bengaluru,SKU004,Dishwash Liquid 500ml,26,30.93,117,117,26,0,91,18.37,111.15,164,0,3250.0,False
2026-07-21,ST002,Bengaluru,SKU005,Instant Coffee 100g,18,20.44,39,0,18,0,21,16.23,77.54,88,0,3330.0,False
2026-07-21,ST003,Mumbai,SKU001,Shampoo 340ml,29,26.46,66,0,29,0,37,17.5,96.87,112,0,9541.0,False
2026-07-21,ST003,Mumbai,SKU002,Bath Soap 100g,56,53.36,183,164,56,0,127,25.55,185.64,127,166,2618.0,False
2026-07-21,ST003,Mumbai,SKU003,Laundry Detergent 1kg,36,36.12,166,126,36,0,130,23.54,131.9,130,75,7920.0,False
2026-07-21,ST003,Mumbai,SKU004,Dishwash Liquid 500ml,25,31.29,127,90,25,0,102,15.39,109.26,102,70,3125.0,False
2026-07-21,ST003,Mumbai,SKU005,Instant Coffee 100g,32,23.18,78,0,32,0,46,16.39,85.94,101,0,5920.0,False
2026-07-21,ST004,Delhi,SKU001,Shampoo 340ml,18,23.34,73,0,18,0,55,14.79,84.82,111,0,5922.0,False
2026-07-21,ST004,Delhi,SKU002,Bath Soap 100g,39,36.1,151,113,39,0,112,22.79,131.08,112,92,2145.0,False
2026-07-21,ST004,Delhi,SKU003,Laundry Detergent 1kg,31,30.66,138,89,31,0,107,23.64,115.61,107,70,6820.0,False
2026-07-21,ST004,Delhi,SKU004,Dishwash Liquid 500ml,26,25.59,52,0,26,0,26,16.65,93.43,115,0,3250.0,False
2026-07-21,ST004,Delhi,SKU005,Instant Coffee 100g,20,19.83,111,72,20,0,91,12.62,72.11,91,0,3700.0,False
2026-07-21,ST005,Hyderabad,SKU001,Shampoo 340ml,22,21.18,96,67,22,0,74,13.97,77.51,74,46,7238.0,False
2026-07-21,ST005,Hyderabad,SKU002,Bath Soap 100g,30,34.74,76,0,30,0,46,15.56,119.79,158,0,1650.0,False
2026-07-21,ST005,Hyderabad,SKU003,Laundry Detergent 1kg,32,29.3,75,0,32,0,43,17.57,105.47,149,0,7040.0,False
2026-07-21,ST005,Hyderabad,SKU004,Dishwash Liquid 500ml,26,25.41,110,82,26,0,84,16.28,92.5,84,60,3250.0,False
2026-07-21,ST005,Hyderabad,SKU005,Instant Coffee 100g,30,27.04,107,70,30,0,77,13.75,94.86,77,72,4440.0,False
2026-07-22,ST001,Chennai,SKU001,Shampoo 340ml,26,23.3,109,55,26,0,83,15.88,85.76,83,50,8554.0,False
2026-07-22,ST001,Chennai,SKU002,Bath Soap 100g,51,41.45,164,152,51,0,113,17.78,142.14,113,113,2805.0,False
2026-07-22,ST001,Chennai,SKU003,Laundry Detergent 1kg,29,33.58,163,132,29,0,134,15.62,116.34,134,0,6380.0,False
2026-07-22,ST001,Chennai,SKU004,Dishwash Liquid 500ml,25,29.92,151,90,25,0,126,21.9,111.67,126,0,3125.0,False
2026-07-22,ST001,Chennai,SKU005,Instant Coffee 100g,33,20.77,61,0,33,0,28,15.65,77.95,72,48,6105.0,False
2026-07-22,ST002,Bengaluru,SKU001,Shampoo 340ml,23,26.82,129,71,23,0,106,20.05,100.5,106,0,7567.0,False
2026-07-22,ST002,Bengaluru,SKU002,Bath Soap 100g,46,45.99,119,0,46,0,73,20.93,158.91,201,0,2530.0,False
2026-07-22,ST002,Bengaluru,SKU003,Laundry Detergent 1kg,42,34.29,145,101,42,0,103,18.0,120.87,103,87,9240.0,False
2026-07-22,ST002,Bengaluru,SKU004,Dishwash Liquid 500ml,29,30.18,91,0,29,0,62,17.81,108.34,135,0,3625.0,False
2026-07-22,ST002,Bengaluru,SKU005,Instant Coffee 100g,29,21.4,88,67,29,0,59,16.14,80.32,59,65,5365.0,False
2026-07-22,ST003,Mumbai,SKU001,Shampoo 340ml,21,25.09,112,75,21,0,91,16.45,91.71,91,51,6909.0,False
2026-07-22,ST003,Mumbai,SKU002,Bath Soap 100g,41,45.87,127,0,41,0,86,25.85,163.46,252,0,2255.0,False
2026-07-22,ST003,Mumbai,SKU003,Laundry Detergent 1kg,41,36.79,130,0,41,0,89,23.5,133.88,164,0,9020.0,False
2026-07-22,ST003,Mumbai,SKU004,Dishwash Liquid 500ml,36,31.65,102,0,36,0,66,15.98,110.93,136,0,4500.0,False
2026-07-22,ST003,Mumbai,SKU005,Instant Coffee 100g,22,29.15,46,0,22,0,24,16.8,104.26,79,84,3663.0,False
2026-07-22,ST004,Delhi,SKU001,Shampoo 340ml,28,23.95,111,56,28,0,83,15.09,86.94,83,52,9212.0,False
2026-07-22,ST004,Delhi,SKU002,Bath Soap 100g,41,36.31,112,0,41,0,71,22.35,131.28,163,0,2255.0,False
2026-07-22,ST004,Delhi,SKU003,Laundry Detergent 1kg,33,30.81,107,0,33,0,74,23.61,116.02,144,0,7260.0,False
2026-07-22,ST004,Delhi,SKU004,Dishwash Liquid 500ml,35,27.5,115,89,35,0,80,16.19,98.68,80,74,4375.0,False
2026-07-22,ST004,Delhi,SKU005,Instant Coffee 100g,15,19.39,91,0,15,0,76,12.61,70.76,76,0,2775.0,False
2026-07-22,ST005,Hyderabad,SKU001,Shampoo 340ml,21,20.61,74,0,21,0,53,12.67,74.51,99,0,6909.0,False
2026-07-22,ST005,Hyderabad,SKU002,Bath Soap 100g,41,35.97,158,112,41,0,117,15.18,123.09,117,79,2255.0,False
2026-07-22,ST005,Hyderabad,SKU003,Laundry Detergent 1kg,23,30.13,149,106,23,0,126,17.07,107.47,126,0,5060.0,False
2026-07-22,ST005,Hyderabad,SKU004,Dishwash Liquid 500ml,15,25.76,84,0,15,0,69,15.18,92.47,129,0,1875.0,False
2026-07-22,ST005,Hyderabad,SKU005,Instant Coffee 100g,19,20.22,77,0,19,0,58,14.57,75.22,130,0,3515.0,False
2026-07-23,ST001,Chennai,SKU001,Shampoo 340ml,21,23.39,83,0,21,0,62,15.89,86.06,112,0,6909.0,False
2026-07-23,ST001,Chennai,SKU002,Bath Soap 100g,46,42.49,113,0,46,0,67,18.03,145.5,180,0,2530.0,False
2026-07-23,ST001,Chennai,SKU003,Laundry Detergent 1kg,42,33.22,134,0,42,0,92,15.75,115.41,92,90,9240.0,False
2026-07-23,ST001,Chennai,SKU004,Dishwash Liquid 500ml,24,31.22,126,0,24,0,102,21.56,115.22,102,76,3000.0,False
2026-07-23,ST001,Chennai,SKU005,Instant Coffee 100g,17,21.3,72,44,17,0,55,16.04,79.95,103,0,3145.0,False
2026-07-23,ST002,Bengaluru,SKU001,Shampoo 340ml,27,26.53,106,0,27,0,79,20.16,99.76,79,74,8883.0,False
2026-07-23,ST002,Bengaluru,SKU002,Bath Soap 100g,38,55.33,73,0,38,0,35,19.2,185.21,163,133,1672.0,False
2026-07-23,ST002,Bengaluru,SKU003,Laundry Detergent 1kg,31,34.06,103,0,31,0,72,17.4,119.57,159,0,6820.0,False
2026-07-23,ST002,Bengaluru,SKU004,Dishwash Liquid 500ml,24,29.91,135,73,24,0,111,17.79,107.52,111,0,3000.0,False
2026-07-23,ST002,Bengaluru,SKU005,Instant Coffee 100g,24,20.9,59,0,24,0,35,15.94,78.63,100,0,4440.0,False
2026-07-23,ST003,Mumbai,SKU001,Shampoo 340ml,33,25.94,91,0,33,0,58,16.57,94.38,109,0,10857.0,False
2026-07-23,ST003,Mumbai,SKU002,Bath Soap 100g,44,45.2,86,0,44,0,42,26.03,161.63,208,0,2420.0,False
2026-07-23,ST003,Mumbai,SKU003,Laundry Detergent 1kg,35,37.08,89,0,35,0,54,23.41,134.66,129,80,7700.0,False
2026-07-23,ST003,Mumbai,SKU004,Dishwash Liquid 500ml,29,31.05,66,0,29,0,37,15.72,108.86,107,64,3625.0,False
2026-07-23,ST003,Mumbai,SKU005,Instant Coffee 100g,18,23.55,79,55,18,0,61,16.8,87.44,145,0,3330.0,False
2026-07-23,ST004,Delhi,SKU001,Shampoo 340ml,21,22.44,83,0,21,0,62,15.06,82.38,114,0,6909.0,False
2026-07-23,ST004,Delhi,SKU002,Bath Soap 100g,36,36.11,71,0,36,0,35,22.14,130.46,127,76,1980.0,False
2026-07-23,ST004,Delhi,SKU003,Laundry Detergent 1kg,24,29.92,74,0,24,0,50,23.6,113.35,120,0,5280.0,False
2026-07-23,ST004,Delhi,SKU004,Dishwash Liquid 500ml,26,25.83,80,0,26,0,54,16.23,93.73,128,0,3250.0,False
2026-07-23,ST004,Delhi,SKU005,Instant Coffee 100g,16,18.66,76,0,16,0,60,12.81,68.79,60,47,2960.0,False
2026-07-23,ST005,Hyderabad,SKU001,Shampoo 340ml,32,28.51,53,0,32,0,21,12.64,98.17,67,89,8422.4,False
2026-07-23,ST005,Hyderabad,SKU002,Bath Soap 100g,35,37.54,117,0,35,0,82,15.15,127.78,161,0,1925.0,False
2026-07-23,ST005,Hyderabad,SKU003,Laundry Detergent 1kg,35,30.95,126,0,35,0,91,17.32,110.18,91,82,7700.0,False
2026-07-23,ST005,Hyderabad,SKU004,Dishwash Liquid 500ml,19,25.41,69,0,19,0,50,16.32,92.56,110,0,2375.0,False
2026-07-23,ST005,Hyderabad,SKU005,Instant Coffee 100g,20,18.46,58,0,20,0,38,14.62,70.0,110,0,3700.0,False
2026-07-24,ST001,Chennai,SKU001,Shampoo 340ml,23,22.74,62,0,23,0,39,15.92,84.13,89,0,7567.0,False
2026-07-24,ST001,Chennai,SKU002,Bath Soap 100g,42,39.73,67,0,42,0,25,17.88,137.06,138,0,2310.0,False
2026-07-24,ST001,Chennai,SKU003,Laundry Detergent 1kg,29,33.86,92,0,29,0,63,15.63,117.2,153,0,6380.0,False
2026-07-24,ST001,Chennai,SKU004,Dishwash Liquid 500ml,28,31.69,102,0,28,0,74,21.74,116.81,150,0,3325.0,False
2026-07-24,ST001,Chennai,SKU005,Instant Coffee 100g,13,21.67,55,0,13,0,42,16.38,81.38,90,0,2405.0,False
2026-07-24,ST002,Bengaluru,SKU001,Shampoo 340ml,27,25.03,79,0,27,0,52,19.69,94.78,126,0,8883.0,False
2026-07-24,ST002,Bengaluru,SKU002,Bath Soap 100g,38,42.14,163,128,38,0,125,19.33,145.75,258,0,2090.0,False
2026-07-24,ST002,Bengaluru,SKU003,Laundry Detergent 1kg,39,32.79,72,0,39,0,33,17.31,115.68,120,0,8580.0,False
2026-07-24,ST002,Bengaluru,SKU004,Dishwash Liquid 500ml,28,30.36,111,0,28,0,83,17.65,108.71,83,87,3500.0,False
2026-07-24,ST002,Bengaluru,SKU005,Instant Coffee 100g,31,22.53,35,0,31,0,4,15.95,83.53,69,60,5735.0,False
2026-07-24,ST003,Mumbai,SKU001,Shampoo 340ml,25,25.78,58,0,25,0,33,16.62,93.96,84,62,8225.0,False
2026-07-24,ST003,Mumbai,SKU002,Bath Soap 100g,47,45.68,208,166,47,0,161,25.56,162.6,161,93,2585.0,False
2026-07-24,ST003,Mumbai,SKU003,Laundry Detergent 1kg,32,35.67,129,75,32,0,97,23.52,130.53,177,0,7040.0,False
2026-07-24,ST003,Mumbai,SKU004,Dishwash Liquid 500ml,34,34.34,107,70,34,0,73,15.89,118.92,137,0,4037.5,False
2026-07-24,ST003,Mumbai,SKU005,Instant Coffee 100g,19,23.18,61,0,19,0,42,17.09,86.65,126,0,3515.0,False
2026-07-24,ST004,Delhi,SKU001,Shampoo 340ml,20,22.1,62,0,20,0,42,15.06,81.37,94,0,6580.0,False
2026-07-24,ST004,Delhi,SKU002,Bath Soap 100g,40,38.44,127,92,40,0,87,22.33,137.66,163,0,2200.0,False
2026-07-24,ST004,Delhi,SKU003,Laundry Detergent 1kg,34,30.47,120,70,34,0,86,24.03,115.43,86,91,7480.0,False
2026-07-24,ST004,Delhi,SKU004,Dishwash Liquid 500ml,34,26.99,54,0,34,0,20,16.31,97.29,94,58,4250.0,False
2026-07-24,ST004,Delhi,SKU005,Instant Coffee 100g,18,21.25,60,0,18,0,42,12.93,76.68,89,0,3330.0,False
2026-07-24,ST005,Hyderabad,SKU001,Shampoo 340ml,15,20.02,67,46,15,0,52,12.74,72.79,141,0,4935.0,False
2026-07-24,ST005,Hyderabad,SKU002,Bath Soap 100g,32,35.95,82,0,32,0,50,14.35,122.2,129,0,1760.0,False
2026-07-24,ST005,Hyderabad,SKU003,Laundry Detergent 1kg,33,30.26,91,0,33,0,58,15.29,106.06,140,0,7260.0,False
2026-07-24,ST005,Hyderabad,SKU004,Dishwash Liquid 500ml,31,26.59,110,60,31,0,79,17.0,96.77,79,71,3681.25,False
2026-07-24,ST005,Hyderabad,SKU005,Instant Coffee 100g,20,18.0,110,72,20,0,90,14.59,68.58,90,0,3700.0,False
2026-07-25,ST001,Chennai,SKU001,Shampoo 340ml,24,28.7,89,50,24,0,65,15.83,101.92,65,95,7501.2,False
2026-07-25,ST001,Chennai,SKU002,Bath Soap 100g,54,45.44,138,113,54,0,84,17.57,153.88,84,161,2970.0,False
2026-07-25,ST001,Chennai,SKU003,Laundry Detergent 1kg,43,39.78,63,0,43,0,20,16.12,135.46,110,106,9460.0,False
2026-07-25,ST001,Chennai,SKU004,Dishwash Liquid 500ml,38,32.92,74,0,38,0,36,21.57,120.35,112,75,4750.0,False
2026-07-25,ST001,Chennai,SKU005,Instant Coffee 100g,26,26.52,90,48,26,0,64,17.48,97.03,64,87,4810.0,False
2026-07-25,ST002,Bengaluru,SKU001,Shampoo 340ml,25,30.35,52,0,25,0,27,19.68,110.72,101,71,8225.0,False
2026-07-25,ST002,Bengaluru,SKU002,Bath Soap 100g,46,51.42,125,0,46,0,79,19.45,173.71,212,0,2530.0,False
2026-07-25,ST002,Bengaluru,SKU003,Laundry Detergent 1kg,35,38.77,120,87,35,0,85,16.86,133.16,85,126,7700.0,False
2026-07-25,ST002,Bengaluru,SKU004,Dishwash Liquid 500ml,37,36.33,83,0,37,0,46,17.21,126.21,133,0,4625.0,False
2026-07-25,ST002,Bengaluru,SKU005,Instant Coffee 100g,31,27.44,69,65,31,0,38,16.47,98.79,98,56,5735.0,False
2026-07-25,ST003,Mumbai,SKU001,Shampoo 340ml,25,29.07,84,51,25,0,59,16.65,103.85,121,0,8225.0,False
2026-07-25,ST003,Mumbai,SKU002,Bath Soap 100g,58,52.83,161,0,58,0,103,25.53,184.02,196,0,3190.0,False
2026-07-25,ST003,Mumbai,SKU003,Laundry Detergent 1kg,32,43.61,97,0,32,0,65,23.68,154.52,145,97,7040.0,False
2026-07-25,ST003,Mumbai,SKU004,Dishwash Liquid 500ml,45,36.49,73,0,45,0,28,15.76,125.23,92,107,5625.0,False
2026-07-25,ST003,Mumbai,SKU005,Instant Coffee 100g,31,27.64,126,84,31,0,95,17.33,100.25,95,61,5735.0,False
2026-07-25,ST004,Delhi,SKU001,Shampoo 340ml,35,26.12,94,52,35,0,59,15.2,93.56,59,87,11515.0,False
2026-07-25,ST004,Delhi,SKU002,Bath Soap 100g,41,43.29,87,0,41,0,46,20.89,150.75,122,116,2255.0,False
2026-07-25,ST004,Delhi,SKU003,Laundry Detergent 1kg,33,34.46,86,0,33,0,53,24.03,127.41,144,0,7260.0,False
2026-07-25,ST004,Delhi,SKU004,Dishwash Liquid 500ml,22,32.2,94,74,22,0,72,16.46,113.07,130,0,2750.0,False
2026-07-25,ST004,Delhi,SKU005,Instant Coffee 100g,23,23.57,42,0,23,0,19,12.71,83.43,66,65,4255.0,False
2026-07-25,ST005,Hyderabad,SKU001,Shampoo 340ml,24,24.35,52,0,24,0,28,13.05,86.11,117,0,7896.0,False
2026-07-25,ST005,Hyderabad,SKU002,Bath Soap 100g,37,44.58,129,79,37,0,92,14.77,148.51,92,146,1933.25,False
2026-07-25,ST005,Hyderabad,SKU003,Laundry Detergent 1kg,39,33.53,58,0,39,0,19,14.92,115.51,101,82,8580.0,False
2026-07-25,ST005,Hyderabad,SKU004,Dishwash Liquid 500ml,31,29.72,79,0,31,0,48,16.56,105.72,119,0,3875.0,False
2026-07-25,ST005,Hyderabad,SKU005,Instant Coffee 100g,22,22.18,90,0,22,0,68,14.05,80.6,68,57,4070.0,False
2026-07-26,ST001,Chennai,SKU001,Shampoo 340ml,30,26.7,65,0,30,0,35,14.39,94.5,130,0,9870.0,False
2026-07-26,ST001,Chennai,SKU002,Bath Soap 100g,44,47.03,84,0,44,0,40,18.2,159.29,201,0,2420.0,False
2026-07-26,ST001,Chennai,SKU003,Laundry Detergent 1kg,36,39.41,110,90,36,0,74,16.49,134.71,180,0,7920.0,False
2026-07-26,ST001,Chennai,SKU004,Dishwash Liquid 500ml,35,33.35,112,76,35,0,77,21.8,121.86,152,0,4375.0,False
2026-07-26,ST001,Chennai,SKU005,Instant Coffee 100g,28,26.13,64,0,28,0,36,17.48,95.86,123,0,5180.0,False
2026-07-26,ST002,Bengaluru,SKU001,Shampoo 340ml,22,29.85,101,74,22,0,79,19.7,109.26,150,0,7238.0,False
2026-07-26,ST002,Bengaluru,SKU002,Bath Soap 100g,61,50.94,212,133,61,0,151,19.45,172.28,151,124,3355.0,False
2026-07-26,ST002,Bengaluru,SKU003,Laundry Detergent 1kg,36,41.07,85,0,36,0,49,16.92,140.14,175,0,7920.0,False
2026-07-26,ST002,Bengaluru,SKU004,Dishwash Liquid 500ml,37,34.12,46,0,37,0,9,17.01,119.36,96,92,4625.0,False
2026-07-26,ST002,Bengaluru,SKU005,Instant Coffee 100g,29,26.91,38,0,29,0,9,16.97,97.69,125,0,5365.0,False
2026-07-26,ST003,Mumbai,SKU001,Shampoo 340ml,32,29.23,59,0,32,0,27,16.14,103.81,89,74,10528.0,False
2026-07-26,ST003,Mumbai,SKU002,Bath Soap 100g,56,50.61,103,0,56,0,47,26.19,178.02,140,140,3080.0,False
2026-07-26,ST003,Mumbai,SKU003,Laundry Detergent 1kg,48,42.93,145,80,48,0,97,23.71,152.49,194,0,10560.0,False
2026-07-26,ST003,Mumbai,SKU004,Dishwash Liquid 500ml,43,36.74,92,64,43,0,49,16.41,126.63,156,0,5375.0,False
2026-07-26,ST003,Mumbai,SKU005,Instant Coffee 100g,33,28.31,95,0,33,0,62,17.63,102.57,123,0,6105.0,False
2026-07-26,ST004,Delhi,SKU001,Shampoo 340ml,13,26.28,59,0,13,0,46,15.2,94.05,133,0,4277.0,False
2026-07-26,ST004,Delhi,SKU002,Bath Soap 100g,43,41.94,122,76,43,0,79,20.89,146.72,195,0,2365.0,False
2026-07-26,ST004,Delhi,SKU003,Laundry Detergent 1kg,37,35.03,53,0,37,0,16,21.46,126.54,107,90,8140.0,False
2026-07-26,ST004,Delhi,SKU004,Dishwash Liquid 500ml,37,30.49,72,0,37,0,35,16.89,108.35,93,77,4625.0,False
2026-07-26,ST004,Delhi,SKU005,Instant Coffee 100g,27,24.23,66,47,27,0,39,11.49,84.19,104,0,4995.0,False
2026-07-26,ST005,Hyderabad,SKU001,Shampoo 340ml,21,24.23,117,89,21,0,96,13.0,85.68,96,0,6909.0,False
2026-07-26,ST005,Hyderabad,SKU002,Bath Soap 100g,52,41.21,92,0,52,0,40,14.78,138.43,186,0,2860.0,False
2026-07-26,ST005,Hyderabad,SKU003,Laundry Detergent 1kg,36,33.77,101,82,36,0,65,14.74,116.05,147,0,7920.0,False
2026-07-26,ST005,Hyderabad,SKU004,Dishwash Liquid 500ml,26,29.37,48,0,26,0,22,16.41,104.53,93,71,3250.0,False
2026-07-26,ST005,Hyderabad,SKU005,Instant Coffee 100g,20,22.22,68,0,20,0,48,13.92,80.58,105,0,3700.0,False
2026-07-27,ST001,Chennai,SKU001,Shampoo 340ml,31,21.95,35,0,31,0,4,14.78,80.64,99,0,10199.0,False
2026-07-27,ST001,Chennai,SKU002,Bath Soap 100g,42,41.36,40,0,40,2,0,17.8,141.89,161,0,2200.0,True
2026-07-27,ST001,Chennai,SKU003,Laundry Detergent 1kg,39,33.83,74,0,39,0,35,16.5,117.97,141,0,8580.0,False
2026-07-27,ST001,Chennai,SKU004,Dishwash Liquid 500ml,27,27.21,77,0,27,0,50,21.97,103.6,125,0,3375.0,False
2026-07-27,ST001,Chennai,SKU005,Instant Coffee 100g,28,23.17,36,0,28,0,8,16.68,86.18,95,0,5180.0,False
2026-07-27,ST002,Bengaluru,SKU001,Shampoo 340ml,28,26.63,79,0,28,0,51,18.64,98.55,122,0,9212.0,False
2026-07-27,ST002,Bengaluru,SKU002,Bath Soap 100g,44,45.22,151,0,44,0,107,20.95,156.6,231,0,2420.0,False
2026-07-27,ST002,Bengaluru,SKU003,Laundry Detergent 1kg,42,33.93,49,0,42,0,7,16.93,118.73,133,0,9240.0,False
2026-07-27,ST002,Bengaluru,SKU004,Dishwash Liquid 500ml,34,29.94,96,87,34,0,62,17.01,106.82,154,0,4250.0,False
2026-07-27,ST002,Bengaluru,SKU005,Instant Coffee 100g,26,21.2,69,60,26,0,43,17.17,80.77,99,0,4810.0,False
2026-07-27,ST003,Mumbai,SKU001,Shampoo 340ml,25,25.71,89,62,25,0,64,15.49,92.61,138,0,8225.0,False
2026-07-27,ST003,Mumbai,SKU002,Bath Soap 100g,54,47.22,140,93,54,0,86,26.35,168.01,226,0,2970.0,False
2026-07-27,ST003,Mumbai,SKU003,Laundry Detergent 1kg,42,36.04,97,0,42,0,55,23.12,131.24,152,0,8778.0,False
2026-07-27,ST003,Mumbai,SKU004,Dishwash Liquid 500ml,26,32.68,49,0,26,0,23,16.99,115.04,130,0,3250.0,False
2026-07-27,ST003,Mumbai,SKU005,Instant Coffee 100g,22,23.89,62,0,22,0,40,18.13,89.8,101,0,4070.0,False
2026-07-27,ST004,Delhi,SKU001,Shampoo 340ml,19,22.15,46,0,19,0,27,15.69,82.14,114,0,6251.0,False
2026-07-27,ST004,Delhi,SKU002,Bath Soap 100g,33,39.91,79,0,33,0,46,20.6,140.32,162,0,1815.0,False
2026-07-27,ST004,Delhi,SKU003,Laundry Detergent 1kg,26,31.27,107,91,26,0,81,21.63,115.45,171,0,5720.0,False
2026-07-27,ST004,Delhi,SKU004,Dishwash Liquid 500ml,25,29.07,93,58,25,0,68,17.42,104.63,145,0,2968.75,False
2026-07-27,ST004,Delhi,SKU005,Instant Coffee 100g,14,21.19,39,0,14,0,25,12.06,75.63,90,0,2590.0,False
2026-07-27,ST005,Hyderabad,SKU001,Shampoo 340ml,22,20.38,96,0,22,0,74,12.89,74.03,74,41,7238.0,False
2026-07-27,ST005,Hyderabad,SKU002,Bath Soap 100g,37,36.45,40,0,37,0,3,16.19,125.56,149,0,2035.0,False
2026-07-27,ST005,Hyderabad,SKU003,Laundry Detergent 1kg,31,30.18,65,0,31,0,34,15.02,105.55,116,0,6820.0,False
2026-07-27,ST005,Hyderabad,SKU004,Dishwash Liquid 500ml,27,25.84,93,71,27,0,66,16.39,93.91,137,0,3375.0,False
2026-07-27,ST005,Hyderabad,SKU005,Instant Coffee 100g,26,21.28,48,0,26,0,22,12.36,76.21,79,0,4569.5,False
2026-07-28,ST001,Chennai,SKU001,Shampoo 340ml,27,22.79,99,95,27,0,72,15.22,83.61,72,58,8883.0,False
2026-07-28,ST001,Chennai,SKU002,Bath Soap 100g,44,41.07,161,161,44,0,117,17.84,141.04,117,107,2420.0,False
2026-07-28,ST001,Chennai,SKU003,Laundry Detergent 1kg,41,33.38,141,106,41,0,100,15.96,116.11,100,83,9020.0,False
2026-07-28,ST001,Chennai,SKU004,Dishwash Liquid 500ml,28,28.38,125,75,28,0,97,22.0,107.16,97,67,3500.0,False
2026-07-28,ST001,Chennai,SKU005,Instant Coffee 100g,26,21.97,95,87,26,0,69,16.53,82.45,69,58,4810.0,False
2026-07-28,ST002,Bengaluru,SKU001,Shampoo 340ml,30,26.55,122,71,30,0,92,18.24,97.89,92,59,9870.0,False
2026-07-28,ST002,Bengaluru,SKU002,Bath Soap 100g,56,44.23,107,0,56,0,51,20.82,153.5,175,0,3080.0,False
2026-07-28,ST002,Bengaluru,SKU003,Laundry Detergent 1kg,34,34.74,133,126,34,0,99,17.07,121.31,99,92,7480.0,False
2026-07-28,ST002,Bengaluru,SKU004,Dishwash Liquid 500ml,30,29.78,62,0,30,0,32,16.9,106.24,124,0,3750.0,False
2026-07-28,ST002,Bengaluru,SKU005,Instant Coffee 100g,20,21.93,99,56,20,0,79,17.18,82.97,79,48,3700.0,False
2026-07-28,ST003,Mumbai,SKU001,Shampoo 340ml,27,26.77,64,0,27,0,37,15.55,95.86,111,0,8883.0,False
2026-07-28,ST003,Mumbai,SKU002,Bath Soap 100g,40,46.68,86,0,40,0,46,25.99,166.05,186,0,2200.0,False
2026-07-28,ST003,Mumbai,SKU003,Laundry Detergent 1kg,38,36.34,152,97,38,0,114,22.58,131.59,114,91,8360.0,False
2026-07-28,ST003,Mumbai,SKU004,Dishwash Liquid 500ml,34,31.8,130,107,34,0,96,17.46,112.88,96,81,4250.0,False
2026-07-28,ST003,Mumbai,SKU005,Instant Coffee 100g,25,23.55,101,61,25,0,76,18.04,88.69,76,60,4625.0,False
2026-07-28,ST004,Delhi,SKU001,Shampoo 340ml,29,22.02,114,87,29,0,85,15.76,81.81,85,0,9541.0,False
2026-07-28,ST004,Delhi,SKU002,Bath Soap 100g,25,36.85,162,116,25,0,137,21.06,131.61,137,0,1375.0,False
2026-07-28,ST004,Delhi,SKU003,Laundry Detergent 1kg,27,30.6,81,0,27,0,54,21.88,113.69,144,0,5940.0,False
2026-07-28,ST004,Delhi,SKU004,Dishwash Liquid 500ml,26,27.13,68,0,26,0,42,17.56,98.96,119,0,3250.0,False
2026-07-28,ST004,Delhi,SKU005,Instant Coffee 100g,24,20.12,90,65,24,0,66,12.19,72.53,66,47,4440.0,False
2026-07-28,ST005,Hyderabad,SKU001,Shampoo 340ml,20,19.55,74,0,20,0,54,12.89,71.55,95,0,6580.0,False
2026-07-28,ST005,Hyderabad,SKU002,Bath Soap 100g,43,36.65,149,146,43,0,106,15.99,125.96,106,94,2365.0,False
2026-07-28,ST005,Hyderabad,SKU003,Laundry Detergent 1kg,42,30.16,116,82,42,0,74,14.97,105.44,74,92,9240.0,False
2026-07-28,ST005,Hyderabad,SKU004,Dishwash Liquid 500ml,23,25.24,66,0,23,0,43,16.38,92.09,114,0,2875.0,False
2026-07-28,ST005,Hyderabad,SKU005,Instant Coffee 100g,28,18.68,79,57,28,0,51,12.52,68.57,51,55,5180.0,False
2026-07-29,ST001,Chennai,SKU001,Shampoo 340ml,23,22.64,72,0,23,0,49,14.75,82.68,107,0,7567.0,False
2026-07-29,ST001,Chennai,SKU002,Bath Soap 100g,37,40.8,117,0,37,0,80,17.72,140.12,187,0,2035.0,False
2026-07-29,ST001,Chennai,SKU003,Laundry Detergent 1kg,30,33.61,100,0,30,0,70,15.83,116.66,153,0,6600.0,False
2026-07-29,ST001,Chennai,SKU004,Dishwash Liquid 500ml,32,28.69,97,0,32,0,65,21.89,107.97,132,0,4000.0,False
2026-07-29,ST001,Chennai,SKU005,Instant Coffee 100g,32,23.95,69,0,32,0,37,16.53,88.37,95,0,5624.0,False
2026-07-29,ST002,Bengaluru,SKU001,Shampoo 340ml,23,25.73,92,0,23,0,69,17.79,94.98,128,0,7567.0,False
2026-07-29,ST002,Bengaluru,SKU002,Bath Soap 100g,40,46.39,175,124,40,0,135,21.34,160.52,135,119,2200.0,False
2026-07-29,ST002,Bengaluru,SKU003,Laundry Detergent 1kg,19,35.38,99,0,19,0,80,17.0,123.14,172,0,4180.0,False
2026-07-29,ST002,Bengaluru,SKU004,Dishwash Liquid 500ml,24,29.5,124,92,24,0,100,16.96,105.47,100,65,3000.0,False
2026-07-29,ST002,Bengaluru,SKU005,Instant Coffee 100g,27,22.3,79,0,27,0,52,16.89,83.78,100,0,4995.0,False
2026-07-29,ST003,Mumbai,SKU001,Shampoo 340ml,24,25.9,111,74,24,0,87,14.39,92.09,87,57,7896.0,False
2026-07-29,ST003,Mumbai,SKU002,Bath Soap 100g,45,44.47,186,140,45,0,141,26.16,159.56,141,108,2475.0,False
2026-07-29,ST003,Mumbai,SKU003,Laundry Detergent 1kg,38,35.37,114,0,38,0,76,22.51,128.62,167,0,8360.0,False
2026-07-29,ST003,Mumbai,SKU004,Dishwash Liquid 500ml,32,31.23,96,0,32,0,64,17.34,111.03,145,0,4000.0,False
2026-07-29,ST003,Mumbai,SKU005,Instant Coffee 100g,30,24.11,76,0,30,0,46,18.01,90.33,106,0,5550.0,False
2026-07-29,ST004,Delhi,SKU001,Shampoo 340ml,24,21.89,85,0,24,0,61,15.49,81.15,61,64,7896.0,False
2026-07-29,ST004,Delhi,SKU002,Bath Soap 100g,51,39.5,137,0,51,0,86,22.81,141.3,86,135,2805.0,False
2026-07-29,ST004,Delhi,SKU003,Laundry Detergent 1kg,36,40.94,144,90,36,0,108,21.71,144.53,108,119,6732.0,False
2026-07-29,ST004,Delhi,SKU004,Dishwash Liquid 500ml,31,26.9,119,77,31,0,88,17.6,98.3,88,65,3875.0,False
2026-07-29,ST004,Delhi,SKU005,Instant Coffee 100g,15,19.49,66,0,15,0,51,12.36,70.83,98,0,2775.0,False
2026-07-29,ST005,Hyderabad,SKU001,Shampoo 340ml,15,19.61,54,0,15,0,39,12.89,71.72,80,0,4935.0,False
2026-07-29,ST005,Hyderabad,SKU002,Bath Soap 100g,35,36.26,106,0,35,0,71,15.91,124.68,165,0,1925.0,False
2026-07-29,ST005,Hyderabad,SKU003,Laundry Detergent 1kg,23,29.39,74,0,23,0,51,15.11,103.28,143,0,5060.0,False
2026-07-29,ST005,Hyderabad,SKU004,Dishwash Liquid 500ml,27,26.64,114,71,27,0,87,16.56,96.48,87,63,3375.0,False
2026-07-29,ST005,Hyderabad,SKU005,Instant Coffee 100g,26,19.66,51,0,26,0,25,12.88,71.85,80,0,4810.0,False
2026-07-30,ST001,Chennai,SKU001,Shampoo 340ml,26,25.68,49,0,26,0,23,14.77,91.81,81,63,8126.3,False
2026-07-30,ST001,Chennai,SKU002,Bath Soap 100g,51,49.1,80,0,51,0,29,17.9,165.19,136,128,2524.5,False
2026-07-30,ST001,Chennai,SKU003,Laundry Detergent 1kg,39,33.67,70,0,39,0,31,16.25,117.26,114,71,8580.0,False
2026-07-30,ST001,Chennai,SKU004,Dishwash Liquid 500ml,25,27.24,65,0,25,0,40,21.73,103.43,107,0,3125.0,False
2026-07-30,ST001,Chennai,SKU005,Instant Coffee 100g,25,23.3,37,0,25,0,12,16.96,86.86,70,64,4625.0,False
2026-07-30,ST002,Bengaluru,SKU001,Shampoo 340ml,33,26.48,69,0,33,0,36,17.84,97.28,95,56,10857.0,False
2026-07-30,ST002,Bengaluru,SKU002,Bath Soap 100g,45,43.99,135,0,45,0,90,21.51,153.47,209,0,2475.0,False
2026-07-30,ST002,Bengaluru,SKU003,Laundry Detergent 1kg,37,35.3,80,0,37,0,43,19.75,125.65,135,0,8140.0,False
2026-07-30,ST002,Bengaluru,SKU004,Dishwash Liquid 500ml,35,29.42,100,0,35,0,65,17.59,105.86,130,0,4375.0,False
2026-07-30,ST002,Bengaluru,SKU005,Instant Coffee 100g,20,23.6,52,0,20,0,32,16.49,87.28,80,55,3700.0,False
2026-07-30,ST003,Mumbai,SKU001,Shampoo 340ml,27,26.51,87,0,27,0,60,13.24,92.78,117,0,8438.85,False
2026-07-30,ST003,Mumbai,SKU002,Bath Soap 100g,37,46.18,141,0,37,0,104,23.72,162.26,212,0,2035.0,False
2026-07-30,ST003,Mumbai,SKU003,Laundry Detergent 1kg,30,35.98,76,0,30,0,46,22.03,129.97,137,0,6600.0,False
2026-07-30,ST003,Mumbai,SKU004,Dishwash Liquid 500ml,27,31.26,64,0,27,0,37,16.92,110.7,118,0,3375.0,False
2026-07-30,ST003,Mumbai,SKU005,Instant Coffee 100g,16,23.04,46,0,16,0,30,17.28,86.4,90,0,2960.0,False
2026-07-30,ST004,Delhi,SKU001,Shampoo 340ml,19,21.16,61,0,19,0,42,15.24,78.73,106,0,6251.0,False
2026-07-30,ST004,Delhi,SKU002,Bath Soap 100g,41,41.02,86,0,41,0,45,23.15,146.21,180,0,2255.0,False
2026-07-30,ST004,Delhi,SKU003,Laundry Detergent 1kg,48,31.86,108,0,48,0,60,19.68,115.28,179,0,10032.0,False
2026-07-30,ST004,Delhi,SKU004,Dishwash Liquid 500ml,29,26.1,88,0,29,0,59,17.6,95.89,124,0,3625.0,False
2026-07-30,ST004,Delhi,SKU005,Instant Coffee 100g,20,19.17,51,0,20,0,31,12.21,69.71,78,0,3700.0,False
2026-07-30,ST005,Hyderabad,SKU001,Shampoo 340ml,23,19.35,80,41,23,0,57,13.51,71.57,57,54,7567.0,False
2026-07-30,ST005,Hyderabad,SKU002,Bath Soap 100g,45,35.67,71,0,45,0,26,16.05,123.05,120,75,2475.0,False
2026-07-30,ST005,Hyderabad,SKU003,Laundry Detergent 1kg,31,29.73,51,0,31,0,20,15.8,104.99,112,0,6820.0,False
2026-07-30,ST005,Hyderabad,SKU004,Dishwash Liquid 500ml,31,24.56,87,0,31,0,56,15.86,89.55,119,0,3875.0,False
2026-07-30,ST005,Hyderabad,SKU005,Instant Coffee 100g,21,20.37,25,0,21,0,4,12.99,74.11,59,56,3885.0,False
2026-07-31,ST001,Chennai,SKU001,Shampoo 340ml,20,24.18,81,58,20,0,61,14.79,87.33,124,0,6580.0,False
2026-07-31,ST001,Chennai,SKU002,Bath Soap 100g,41,41.65,136,107,41,0,95,17.72,142.67,223,0,2255.0,False
2026-07-31,ST001,Chennai,SKU003,Laundry Detergent 1kg,31,34.02,114,83,31,0,83,16.03,118.09,154,0,6820.0,False
2026-07-31,ST001,Chennai,SKU004,Dishwash Liquid 500ml,31,35.56,107,67,31,0,76,21.83,128.5,76,124,3487.5,False
2026-07-31,ST001,Chennai,SKU005,Instant Coffee 100g,26,29.89,70,58,26,0,44,14.79,104.47,108,0,4088.5,False
2026-07-31,ST002,Bengaluru,SKU001,Shampoo 340ml,21,25.47,95,59,21,0,74,18.07,94.47,130,0,6909.0,False
2026-07-31,ST002,Bengaluru,SKU002,Bath Soap 100g,43,42.93,90,0,43,0,47,21.2,149.99,166,0,2365.0,False
2026-07-31,ST002,Bengaluru,SKU003,Laundry Detergent 1kg,35,34.54,135,92,35,0,100,18.92,122.54,100,92,7700.0,False
2026-07-31,ST002,Bengaluru,SKU004,Dishwash Liquid 500ml,26,30.77,65,0,26,0,39,16.81,109.12,104,67,3250.0,False
2026-07-31,ST002,Bengaluru,SKU005,Instant Coffee 100g,31,24.13,80,48,31,0,49,16.56,88.94,104,0,5735.0,False
2026-07-31,ST003,Mumbai,SKU001,Shampoo 340ml,17,25.03,60,0,17,0,43,12.49,87.59,100,0,5593.0,False
2026-07-31,ST003,Mumbai,SKU002,Bath Soap 100g,46,45.41,104,0,46,0,58,23.85,160.09,166,0,2530.0,False
2026-07-31,ST003,Mumbai,SKU003,Laundry Detergent 1kg,27,36.52,137,91,27,0,110,22.51,132.07,110,96,5940.0,False
2026-07-31,ST003,Mumbai,SKU004,Dishwash Liquid 500ml,24,31.29,118,81,24,0,94,17.16,111.03,94,80,3000.0,False
2026-07-31,ST003,Mumbai,SKU005,Instant Coffee 100g,23,23.64,90,60,23,0,67,17.99,88.9,67,70,4255.0,False
2026-07-31,ST004,Delhi,SKU001,Shampoo 340ml,19,31.38,42,0,19,0,23,15.37,109.5,87,86,5000.8,False
2026-07-31,ST004,Delhi,SKU002,Bath Soap 100g,50,38.92,45,0,45,5,0,20.64,137.41,135,81,2475.0,True
2026-07-31,ST004,Delhi,SKU003,Laundry Detergent 1kg,33,31.2,60,0,33,0,27,21.31,114.92,146,0,7260.0,False
2026-07-31,ST004,Delhi,SKU004,Dishwash Liquid 500ml,36,26.69,59,0,36,0,23,17.0,97.08,88,63,4500.0,False
2026-07-31,ST004,Delhi,SKU005,Instant Coffee 100g,21,20.81,78,47,21,0,57,12.18,74.62,57,60,3885.0,False
2026-07-31,ST005,Hyderabad,SKU001,Shampoo 340ml,24,21.66,57,0,24,0,33,13.39,78.37,87,0,7896.0,False
2026-07-31,ST005,Hyderabad,SKU002,Bath Soap 100g,32,37.2,120,94,32,0,88,16.35,127.94,163,0,1760.0,False
2026-07-31,ST005,Hyderabad,SKU003,Laundry Detergent 1kg,28,30.05,112,92,28,0,84,15.75,105.89,84,82,6160.0,False
2026-07-31,ST005,Hyderabad,SKU004,Dishwash Liquid 500ml,23,25.15,56,0,23,0,33,15.72,91.17,96,0,2875.0,False
2026-07-31,ST005,Hyderabad,SKU005,Instant Coffee 100g,13,20.67,59,55,13,0,46,12.99,75.0,102,0,2405.0,False
