date,store_id,city,sku_id,product_name,customer_demand,predicted_demand,absolute_error
2026-05-02,ST001,Chennai,SKU001,Shampoo 340ml,23,28.422377,5.42237663269043
2026-05-03,ST001,Chennai,SKU001,Shampoo 340ml,37,33.995087,3.004913330078125
2026-05-04,ST001,Chennai,SKU001,Shampoo 340ml,28,23.592562,4.407438278198242
2026-05-05,ST001,Chennai,SKU001,Shampoo 340ml,28,23.700285,4.299715042114258
2026-05-06,ST001,Chennai,SKU001,Shampoo 340ml,27,24.664812,2.3351879119873047
2026-05-07,ST001,Chennai,SKU001,Shampoo 340ml,22,24.55952,2.559520721435547
2026-05-08,ST001,Chennai,SKU001,Shampoo 340ml,28,24.288092,3.7119083404541016
2026-05-09,ST001,Chennai,SKU001,Shampoo 340ml,31,28.223055,2.776945114135742
2026-05-10,ST001,Chennai,SKU001,Shampoo 340ml,21,27.347279,6.347278594970703
2026-05-11,ST001,Chennai,SKU001,Shampoo 340ml,30,23.84176,6.158239364624023
2026-05-12,ST001,Chennai,SKU001,Shampoo 340ml,20,24.05085,4.050849914550781
2026-05-13,ST001,Chennai,SKU001,Shampoo 340ml,31,23.470182,7.529817581176758
2026-05-14,ST001,Chennai,SKU001,Shampoo 340ml,18,23.695236,5.6952362060546875
2026-05-15,ST001,Chennai,SKU001,Shampoo 340ml,18,24.465195,6.4651947021484375
2026-05-16,ST001,Chennai,SKU001,Shampoo 340ml,34,28.452173,5.547826766967773
2026-05-17,ST001,Chennai,SKU001,Shampoo 340ml,31,33.10135,2.101348876953125
2026-05-18,ST001,Chennai,SKU001,Shampoo 340ml,32,25.234903,6.765096664428711
2026-05-19,ST001,Chennai,SKU001,Shampoo 340ml,28,26.570286,1.4297142028808594
2026-05-20,ST001,Chennai,SKU001,Shampoo 340ml,21,24.440153,3.440153121948242
2026-05-21,ST001,Chennai,SKU001,Shampoo 340ml,28,24.385246,3.6147537231445312
2026-05-22,ST001,Chennai,SKU001,Shampoo 340ml,27,25.582186,1.4178142547607422
2026-05-23,ST001,Chennai,SKU001,Shampoo 340ml,33,28.198591,4.801408767700195
2026-05-24,ST001,Chennai,SKU001,Shampoo 340ml,29,31.095573,2.0955734252929688
2026-05-25,ST001,Chennai,SKU001,Shampoo 340ml,26,23.827164,2.1728363037109375
2026-05-26,ST001,Chennai,SKU001,Shampoo 340ml,20,24.803614,4.803613662719727
2026-05-27,ST001,Chennai,SKU001,Shampoo 340ml,14,24.140873,10.140872955322266
2026-05-28,ST001,Chennai,SKU001,Shampoo 340ml,18,23.986996,5.986995697021484
2026-05-29,ST001,Chennai,SKU001,Shampoo 340ml,17,24.368322,7.368322372436523
2026-05-30,ST001,Chennai,SKU001,Shampoo 340ml,27,27.145672,0.14567184448242188
2026-05-31,ST001,Chennai,SKU001,Shampoo 340ml,25,28.830992,3.830991744995117
2026-06-01,ST001,Chennai,SKU001,Shampoo 340ml,19,23.361847,4.361846923828125
2026-06-02,ST001,Chennai,SKU001,Shampoo 340ml,23,23.139584,0.13958358764648438
2026-06-03,ST001,Chennai,SKU001,Shampoo 340ml,25,23.999191,1.0008087158203125
2026-06-04,ST001,Chennai,SKU001,Shampoo 340ml,21,23.74552,2.7455196380615234
2026-06-05,ST001,Chennai,SKU001,Shampoo 340ml,23,24.420275,1.4202747344970703
2026-06-06,ST001,Chennai,SKU001,Shampoo 340ml,33,25.730236,7.269763946533203
2026-06-07,ST001,Chennai,SKU001,Shampoo 340ml,28,25.793432,2.2065677642822266
2026-06-08,ST001,Chennai,SKU001,Shampoo 340ml,23,24.03399,1.0339908599853516
2026-06-09,ST001,Chennai,SKU001,Shampoo 340ml,27,23.057652,3.9423484802246094
2026-06-10,ST001,Chennai,SKU001,Shampoo 340ml,25,23.752335,1.2476654052734375
2026-06-11,ST001,Chennai,SKU001,Shampoo 340ml,38,27.74391,10.25609016418457
2026-06-12,ST001,Chennai,SKU001,Shampoo 340ml,19,23.494562,4.494562149047852
2026-06-13,ST001,Chennai,SKU001,Shampoo 340ml,30,27.931335,2.06866455078125
2026-06-14,ST001,Chennai,SKU001,Shampoo 340ml,31,28.184647,2.8153533935546875
2026-06-15,ST001,Chennai,SKU001,Shampoo 340ml,39,23.994007,15.005992889404297
2026-06-16,ST001,Chennai,SKU001,Shampoo 340ml,27,23.5402,3.4598007202148438
2026-06-17,ST001,Chennai,SKU001,Shampoo 340ml,24,23.422403,0.5775966644287109
2026-06-18,ST001,Chennai,SKU001,Shampoo 340ml,29,24.142511,4.857488632202148
2026-06-19,ST001,Chennai,SKU001,Shampoo 340ml,39,31.969635,7.030364990234375
2026-06-20,ST001,Chennai,SKU001,Shampoo 340ml,32,28.221209,3.7787914276123047
2026-06-21,ST001,Chennai,SKU001,Shampoo 340ml,27,27.286608,0.2866077423095703
2026-06-22,ST001,Chennai,SKU001,Shampoo 340ml,36,23.399982,12.600017547607422
2026-06-23,ST001,Chennai,SKU001,Shampoo 340ml,30,22.701733,7.298267364501953
2026-06-24,ST001,Chennai,SKU001,Shampoo 340ml,23,22.411753,0.5882472991943359
2026-06-25,ST001,Chennai,SKU001,Shampoo 340ml,27,25.54063,1.4593696594238281
2026-06-26,ST001,Chennai,SKU001,Shampoo 340ml,21,25.574854,4.574853897094727
2026-06-27,ST001,Chennai,SKU001,Shampoo 340ml,36,30.30139,5.698610305786133
2026-06-28,ST001,Chennai,SKU001,Shampoo 340ml,24,28.408264,4.40826416015625
2026-06-29,ST001,Chennai,SKU001,Shampoo 340ml,26,24.789204,1.2107963562011719
2026-06-30,ST001,Chennai,SKU001,Shampoo 340ml,17,25.180529,8.18052864074707
2026-07-01,ST001,Chennai,SKU001,Shampoo 340ml,25,23.777561,1.2224388122558594
2026-07-02,ST001,Chennai,SKU001,Shampoo 340ml,25,24.325354,0.6746463775634766
2026-07-03,ST001,Chennai,SKU001,Shampoo 340ml,25,25.698238,0.6982383728027344
2026-07-04,ST001,Chennai,SKU001,Shampoo 340ml,25,29.358543,4.358543395996094
2026-07-05,ST001,Chennai,SKU001,Shampoo 340ml,27,27.501637,0.5016365051269531
2026-07-06,ST001,Chennai,SKU001,Shampoo 340ml,15,24.656746,9.656745910644531
2026-07-07,ST001,Chennai,SKU001,Shampoo 340ml,24,25.629293,1.629293441772461
2026-07-08,ST001,Chennai,SKU001,Shampoo 340ml,24,24.24337,0.24337005615234375
2026-07-09,ST001,Chennai,SKU001,Shampoo 340ml,22,24.477093,2.477092742919922
2026-07-10,ST001,Chennai,SKU001,Shampoo 340ml,25,25.184792,0.18479156494140625
2026-07-11,ST001,Chennai,SKU001,Shampoo 340ml,32,28.53456,3.4654407501220703
2026-07-12,ST001,Chennai,SKU001,Shampoo 340ml,24,27.698227,3.6982269287109375
2026-07-13,ST001,Chennai,SKU001,Shampoo 340ml,25,23.91572,1.084280014038086
2026-07-14,ST001,Chennai,SKU001,Shampoo 340ml,21,23.33082,2.330820083618164
2026-07-15,ST001,Chennai,SKU001,Shampoo 340ml,13,23.535303,10.535303115844727
2026-07-16,ST001,Chennai,SKU001,Shampoo 340ml,39,30.224758,8.77524185180664
2026-07-17,ST001,Chennai,SKU001,Shampoo 340ml,26,24.57341,1.4265899658203125
2026-07-18,ST001,Chennai,SKU001,Shampoo 340ml,24,27.808159,3.8081588745117188
2026-07-19,ST001,Chennai,SKU001,Shampoo 340ml,20,27.242342,7.242341995239258
2026-07-20,ST001,Chennai,SKU001,Shampoo 340ml,28,23.555996,4.444004058837891
2026-07-21,ST001,Chennai,SKU001,Shampoo 340ml,16,24.011185,8.011184692382812
2026-07-22,ST001,Chennai,SKU001,Shampoo 340ml,26,23.295616,2.7043838500976562
2026-07-23,ST001,Chennai,SKU001,Shampoo 340ml,21,23.39157,2.391569137573242
2026-07-24,ST001,Chennai,SKU001,Shampoo 340ml,23,22.736855,0.26314544677734375
2026-07-25,ST001,Chennai,SKU001,Shampoo 340ml,24,28.696749,4.696748733520508
2026-07-26,ST001,Chennai,SKU001,Shampoo 340ml,30,26.704096,3.2959041595458984
2026-07-27,ST001,Chennai,SKU001,Shampoo 340ml,31,21.954021,9.045978546142578
2026-07-28,ST001,Chennai,SKU001,Shampoo 340ml,27,22.794762,4.205238342285156
2026-07-29,ST001,Chennai,SKU001,Shampoo 340ml,23,22.643524,0.356475830078125
2026-07-30,ST001,Chennai,SKU001,Shampoo 340ml,26,25.681479,0.31852149963378906
2026-07-31,ST001,Chennai,SKU001,Shampoo 340ml,20,24.179853,4.179853439331055
2026-05-02,ST001,Chennai,SKU002,Bath Soap 100g,47,49.098843,2.0988426208496094
2026-05-03,ST001,Chennai,SKU002,Bath Soap 100g,44,45.090748,1.0907478332519531
2026-05-04,ST001,Chennai,SKU002,Bath Soap 100g,32,42.91977,10.919769287109375
2026-05-05,ST001,Chennai,SKU002,Bath Soap 100g,50,40.943256,9.056743621826172
2026-05-06,ST001,Chennai,SKU002,Bath Soap 100g,34,43.77529,9.775291442871094
2026-05-07,ST001,Chennai,SKU002,Bath Soap 100g,47,41.512768,5.487232208251953
2026-05-08,ST001,Chennai,SKU002,Bath Soap 100g,39,42.138844,3.138843536376953
2026-05-09,ST001,Chennai,SKU002,Bath Soap 100g,46,49.16105,3.1610488891601562
2026-05-10,ST001,Chennai,SKU002,Bath Soap 100g,46,48.919743,2.9197425842285156
2026-05-11,ST001,Chennai,SKU002,Bath Soap 100g,40,45.041733,5.0417327880859375
2026-05-12,ST001,Chennai,SKU002,Bath Soap 100g,44,41.55062,2.4493789672851562
2026-05-13,ST001,Chennai,SKU002,Bath Soap 100g,53,41.196865,11.80313491821289
2026-05-14,ST001,Chennai,SKU002,Bath Soap 100g,41,43.46119,2.4611892700195312
2026-05-15,ST001,Chennai,SKU002,Bath Soap 100g,49,42.485157,6.514842987060547
2026-05-16,ST001,Chennai,SKU002,Bath Soap 100g,52,48.77326,3.2267417907714844
2026-05-17,ST001,Chennai,SKU002,Bath Soap 100g,56,47.330776,8.66922378540039
2026-05-18,ST001,Chennai,SKU002,Bath Soap 100g,50,43.957306,6.042694091796875
2026-05-19,ST001,Chennai,SKU002,Bath Soap 100g,40,40.655853,0.655853271484375
2026-05-20,ST001,Chennai,SKU002,Bath Soap 100g,52,42.309998,9.69000244140625
2026-05-21,ST001,Chennai,SKU002,Bath Soap 100g,48,46.402462,1.5975379943847656
2026-05-22,ST001,Chennai,SKU002,Bath Soap 100g,42,40.597958,1.4020423889160156
2026-05-23,ST001,Chennai,SKU002,Bath Soap 100g,45,47.03883,2.038829803466797
2026-05-24,ST001,Chennai,SKU002,Bath Soap 100g,59,45.132328,13.867671966552734
2026-05-25,ST001,Chennai,SKU002,Bath Soap 100g,32,44.190296,12.190296173095703
2026-05-26,ST001,Chennai,SKU002,Bath Soap 100g,44,43.570114,0.4298858642578125
2026-05-27,ST001,Chennai,SKU002,Bath Soap 100g,49,43.180283,5.8197174072265625
2026-05-28,ST001,Chennai,SKU002,Bath Soap 100g,38,40.847233,2.8472328186035156
2026-05-29,ST001,Chennai,SKU002,Bath Soap 100g,43,43.53028,0.5302810668945312
2026-05-30,ST001,Chennai,SKU002,Bath Soap 100g,53,49.297276,3.7027244567871094
2026-05-31,ST001,Chennai,SKU002,Bath Soap 100g,44,47.132206,3.1322059631347656
2026-06-01,ST001,Chennai,SKU002,Bath Soap 100g,41,44.11692,3.1169204711914062
2026-06-02,ST001,Chennai,SKU002,Bath Soap 100g,32,39.868984,7.868984222412109
2026-06-03,ST001,Chennai,SKU002,Bath Soap 100g,45,45.374397,0.37439727783203125
2026-06-04,ST001,Chennai,SKU002,Bath Soap 100g,44,42.634445,1.3655548095703125
2026-06-05,ST001,Chennai,SKU002,Bath Soap 100g,57,40.1073,16.8927001953125
2026-06-06,ST001,Chennai,SKU002,Bath Soap 100g,60,47.24627,12.753730773925781
2026-06-07,ST001,Chennai,SKU002,Bath Soap 100g,53,50.023952,2.9760475158691406
2026-06-08,ST001,Chennai,SKU002,Bath Soap 100g,38,43.331974,5.331974029541016
2026-06-09,ST001,Chennai,SKU002,Bath Soap 100g,33,43.27066,10.270660400390625
2026-06-10,ST001,Chennai,SKU002,Bath Soap 100g,59,44.279255,14.720745086669922
2026-06-11,ST001,Chennai,SKU002,Bath Soap 100g,26,43.36729,17.367290496826172
2026-06-12,ST001,Chennai,SKU002,Bath Soap 100g,41,40.823902,0.17609786987304688
2026-06-13,ST001,Chennai,SKU002,Bath Soap 100g,40,51.053154,11.053153991699219
2026-06-14,ST001,Chennai,SKU002,Bath Soap 100g,55,46.48303,8.516971588134766
2026-06-15,ST001,Chennai,SKU002,Bath Soap 100g,44,42.394085,1.6059150695800781
2026-06-16,ST001,Chennai,SKU002,Bath Soap 100g,42,39.74507,2.2549285888671875
2026-06-17,ST001,Chennai,SKU002,Bath Soap 100g,31,41.792484,10.792484283447266
2026-06-18,ST001,Chennai,SKU002,Bath Soap 100g,48,43.65741,4.34259033203125
2026-06-19,ST001,Chennai,SKU002,Bath Soap 100g,36,41.447937,5.44793701171875
2026-06-20,ST001,Chennai,SKU002,Bath Soap 100g,47,47.731804,0.7318038940429688
2026-06-21,ST001,Chennai,SKU002,Bath Soap 100g,56,47.556633,8.443367004394531
2026-06-22,ST001,Chennai,SKU002,Bath Soap 100g,52,42.945377,9.054622650146484
2026-06-23,ST001,Chennai,SKU002,Bath Soap 100g,36,42.101055,6.101055145263672
2026-06-24,ST001,Chennai,SKU002,Bath Soap 100g,48,42.72399,5.276008605957031
2026-06-25,ST001,Chennai,SKU002,Bath Soap 100g,49,40.87455,8.125450134277344
2026-06-26,ST001,Chennai,SKU002,Bath Soap 100g,38,41.807194,3.8071937561035156
2026-06-27,ST001,Chennai,SKU002,Bath Soap 100g,48,48.92033,0.9203300476074219
2026-06-28,ST001,Chennai,SKU002,Bath Soap 100g,38,46.58778,8.587779998779297
2026-06-29,ST001,Chennai,SKU002,Bath Soap 100g,47,43.315132,3.6848678588867188
2026-06-30,ST001,Chennai,SKU002,Bath Soap 100g,41,42.32082,1.3208198547363281
2026-07-01,ST001,Chennai,SKU002,Bath Soap 100g,51,41.94728,9.052719116210938
2026-07-02,ST001,Chennai,SKU002,Bath Soap 100g,37,41.91048,4.910480499267578
2026-07-03,ST001,Chennai,SKU002,Bath Soap 100g,39,42.49765,3.497650146484375
2026-07-04,ST001,Chennai,SKU002,Bath Soap 100g,48,50.298782,2.2987823486328125
2026-07-05,ST001,Chennai,SKU002,Bath Soap 100g,37,47.633526,10.633525848388672
2026-07-06,ST001,Chennai,SKU002,Bath Soap 100g,39,43.316032,4.316032409667969
2026-07-07,ST001,Chennai,SKU002,Bath Soap 100g,44,41.362858,2.6371421813964844
2026-07-08,ST001,Chennai,SKU002,Bath Soap 100g,36,43.078667,7.078666687011719
2026-07-09,ST001,Chennai,SKU002,Bath Soap 100g,35,41.98212,6.982120513916016
2026-07-10,ST001,Chennai,SKU002,Bath Soap 100g,49,41.49644,7.503559112548828
2026-07-11,ST001,Chennai,SKU002,Bath Soap 100g,56,47.365433,8.634567260742188
2026-07-12,ST001,Chennai,SKU002,Bath Soap 100g,49,50.056526,1.0565261840820312
2026-07-13,ST001,Chennai,SKU002,Bath Soap 100g,38,44.225216,6.225215911865234
2026-07-14,ST001,Chennai,SKU002,Bath Soap 100g,45,42.560123,2.4398765563964844
2026-07-15,ST001,Chennai,SKU002,Bath Soap 100g,41,42.133713,1.1337127685546875
2026-07-16,ST001,Chennai,SKU002,Bath Soap 100g,47,41.747234,5.252765655517578
2026-07-17,ST001,Chennai,SKU002,Bath Soap 100g,41,39.57329,1.4267082214355469
2026-07-18,ST001,Chennai,SKU002,Bath Soap 100g,56,46.0885,9.9114990234375
2026-07-19,ST001,Chennai,SKU002,Bath Soap 100g,44,49.987583,5.987583160400391
2026-07-20,ST001,Chennai,SKU002,Bath Soap 100g,52,51.165867,0.8341331481933594
2026-07-21,ST001,Chennai,SKU002,Bath Soap 100g,53,40.85126,12.148738861083984
2026-07-22,ST001,Chennai,SKU002,Bath Soap 100g,51,41.453663,9.546337127685547
2026-07-23,ST001,Chennai,SKU002,Bath Soap 100g,46,42.4899,3.510101318359375
2026-07-24,ST001,Chennai,SKU002,Bath Soap 100g,42,39.726074,2.27392578125
2026-07-25,ST001,Chennai,SKU002,Bath Soap 100g,54,45.43778,8.56222152709961
2026-07-26,ST001,Chennai,SKU002,Bath Soap 100g,44,47.02828,3.028278350830078
2026-07-27,ST001,Chennai,SKU002,Bath Soap 100g,42,41.36047,0.6395301818847656
2026-07-28,ST001,Chennai,SKU002,Bath Soap 100g,44,41.06505,2.9349517822265625
2026-07-29,ST001,Chennai,SKU002,Bath Soap 100g,37,40.79903,3.799030303955078
2026-07-30,ST001,Chennai,SKU002,Bath Soap 100g,51,49.096176,1.9038238525390625
2026-07-31,ST001,Chennai,SKU002,Bath Soap 100g,41,41.650482,0.650482177734375
2026-05-02,ST001,Chennai,SKU003,Laundry Detergent 1kg,34,38.01808,4.0180816650390625
2026-05-03,ST001,Chennai,SKU003,Laundry Detergent 1kg,27,38.547436,11.547435760498047
2026-05-04,ST001,Chennai,SKU003,Laundry Detergent 1kg,40,30.871824,9.128175735473633
2026-05-05,ST001,Chennai,SKU003,Laundry Detergent 1kg,33,33.629578,0.62957763671875
2026-05-06,ST001,Chennai,SKU003,Laundry Detergent 1kg,21,34.52319,13.523189544677734
2026-05-07,ST001,Chennai,SKU003,Laundry Detergent 1kg,36,35.60914,0.39086151123046875
2026-05-08,ST001,Chennai,SKU003,Laundry Detergent 1kg,32,34.29898,2.298980712890625
2026-05-09,ST001,Chennai,SKU003,Laundry Detergent 1kg,34,38.031975,4.031974792480469
2026-05-10,ST001,Chennai,SKU003,Laundry Detergent 1kg,41,37.63714,3.3628616333007812
2026-05-11,ST001,Chennai,SKU003,Laundry Detergent 1kg,33,32.283028,0.7169723510742188
2026-05-12,ST001,Chennai,SKU003,Laundry Detergent 1kg,28,32.126495,4.126495361328125
2026-05-13,ST001,Chennai,SKU003,Laundry Detergent 1kg,32,32.50628,0.5062789916992188
2026-05-14,ST001,Chennai,SKU003,Laundry Detergent 1kg,26,31.873695,5.873695373535156
2026-05-15,ST001,Chennai,SKU003,Laundry Detergent 1kg,38,32.77818,5.221820831298828
2026-05-16,ST001,Chennai,SKU003,Laundry Detergent 1kg,52,37.70096,14.299041748046875
2026-05-17,ST001,Chennai,SKU003,Laundry Detergent 1kg,35,35.4873,0.4873008728027344
2026-05-18,ST001,Chennai,SKU003,Laundry Detergent 1kg,28,33.161148,5.1611480712890625
2026-05-19,ST001,Chennai,SKU003,Laundry Detergent 1kg,34,34.140488,0.1404876708984375
2026-05-20,ST001,Chennai,SKU003,Laundry Detergent 1kg,33,32.37961,0.620391845703125
2026-05-21,ST001,Chennai,SKU003,Laundry Detergent 1kg,31,33.83769,2.837688446044922
2026-05-22,ST001,Chennai,SKU003,Laundry Detergent 1kg,32,32.139664,0.1396636962890625
2026-05-23,ST001,Chennai,SKU003,Laundry Detergent 1kg,28,36.773663,8.773662567138672
2026-05-24,ST001,Chennai,SKU003,Laundry Detergent 1kg,43,38.34193,4.658069610595703
2026-05-25,ST001,Chennai,SKU003,Laundry Detergent 1kg,34,32.630917,1.3690834045410156
2026-05-26,ST001,Chennai,SKU003,Laundry Detergent 1kg,26,31.100027,5.100027084350586
2026-05-27,ST001,Chennai,SKU003,Laundry Detergent 1kg,35,32.68415,2.3158493041992188
2026-05-28,ST001,Chennai,SKU003,Laundry Detergent 1kg,43,32.06333,10.936668395996094
2026-05-29,ST001,Chennai,SKU003,Laundry Detergent 1kg,33,33.11902,0.1190185546875
2026-05-30,ST001,Chennai,SKU003,Laundry Detergent 1kg,42,37.656807,4.343193054199219
2026-05-31,ST001,Chennai,SKU003,Laundry Detergent 1kg,40,37.051254,2.9487457275390625
2026-06-01,ST001,Chennai,SKU003,Laundry Detergent 1kg,37,31.656876,5.3431243896484375
2026-06-02,ST001,Chennai,SKU003,Laundry Detergent 1kg,33,33.16402,0.16402053833007812
2026-06-03,ST001,Chennai,SKU003,Laundry Detergent 1kg,38,33.726177,4.273822784423828
2026-06-04,ST001,Chennai,SKU003,Laundry Detergent 1kg,37,34.776543,2.2234573364257812
2026-06-05,ST001,Chennai,SKU003,Laundry Detergent 1kg,36,39.410027,3.4100265502929688
2026-06-06,ST001,Chennai,SKU003,Laundry Detergent 1kg,45,52.859993,7.859992980957031
2026-06-07,ST001,Chennai,SKU003,Laundry Detergent 1kg,50,51.2308,1.2308006286621094
2026-06-08,ST001,Chennai,SKU003,Laundry Detergent 1kg,32,35.49693,3.496929168701172
2026-06-09,ST001,Chennai,SKU003,Laundry Detergent 1kg,38,35.180347,2.819652557373047
2026-06-10,ST001,Chennai,SKU003,Laundry Detergent 1kg,35,33.918385,1.0816154479980469
2026-06-11,ST001,Chennai,SKU003,Laundry Detergent 1kg,37,34.890053,2.1099472045898438
2026-06-12,ST001,Chennai,SKU003,Laundry Detergent 1kg,34,33.57034,0.4296607971191406
2026-06-13,ST001,Chennai,SKU003,Laundry Detergent 1kg,44,40.92378,3.076221466064453
2026-06-14,ST001,Chennai,SKU003,Laundry Detergent 1kg,33,38.637913,5.637912750244141
2026-06-15,ST001,Chennai,SKU003,Laundry Detergent 1kg,30,33.133865,3.1338653564453125
2026-06-16,ST001,Chennai,SKU003,Laundry Detergent 1kg,44,33.205093,10.794906616210938
2026-06-17,ST001,Chennai,SKU003,Laundry Detergent 1kg,46,34.665966,11.334033966064453
2026-06-18,ST001,Chennai,SKU003,Laundry Detergent 1kg,45,34.266617,10.733383178710938
2026-06-19,ST001,Chennai,SKU003,Laundry Detergent 1kg,40,34.149742,5.850257873535156
2026-06-20,ST001,Chennai,SKU003,Laundry Detergent 1kg,36,39.105446,3.1054458618164062
2026-06-21,ST001,Chennai,SKU003,Laundry Detergent 1kg,37,39.315037,2.3150367736816406
2026-06-22,ST001,Chennai,SKU003,Laundry Detergent 1kg,29,34.0888,5.088798522949219
2026-06-23,ST001,Chennai,SKU003,Laundry Detergent 1kg,43,35.2424,7.757598876953125
2026-06-24,ST001,Chennai,SKU003,Laundry Detergent 1kg,30,34.223576,4.223575592041016
2026-06-25,ST001,Chennai,SKU003,Laundry Detergent 1kg,30,32.38203,2.382030487060547
2026-06-26,ST001,Chennai,SKU003,Laundry Detergent 1kg,34,33.904747,0.09525299072265625
2026-06-27,ST001,Chennai,SKU003,Laundry Detergent 1kg,37,39.781734,2.7817344665527344
2026-06-28,ST001,Chennai,SKU003,Laundry Detergent 1kg,37,39.34167,2.3416709899902344
2026-06-29,ST001,Chennai,SKU003,Laundry Detergent 1kg,29,32.617516,3.6175155639648438
2026-06-30,ST001,Chennai,SKU003,Laundry Detergent 1kg,32,33.49629,1.4962882995605469
2026-07-01,ST001,Chennai,SKU003,Laundry Detergent 1kg,40,34.818844,5.181156158447266
2026-07-02,ST001,Chennai,SKU003,Laundry Detergent 1kg,32,31.890152,0.1098480224609375
2026-07-03,ST001,Chennai,SKU003,Laundry Detergent 1kg,36,33.3003,2.6996994018554688
2026-07-04,ST001,Chennai,SKU003,Laundry Detergent 1kg,47,39.326073,7.673927307128906
2026-07-05,ST001,Chennai,SKU003,Laundry Detergent 1kg,41,38.88938,2.1106185913085938
2026-07-06,ST001,Chennai,SKU003,Laundry Detergent 1kg,39,33.066414,5.933586120605469
2026-07-07,ST001,Chennai,SKU003,Laundry Detergent 1kg,29,34.374203,5.374202728271484
2026-07-08,ST001,Chennai,SKU003,Laundry Detergent 1kg,46,33.988857,12.01114273071289
2026-07-09,ST001,Chennai,SKU003,Laundry Detergent 1kg,33,35.0909,2.090900421142578
2026-07-10,ST001,Chennai,SKU003,Laundry Detergent 1kg,30,34.736366,4.736366271972656
2026-07-11,ST001,Chennai,SKU003,Laundry Detergent 1kg,40,40.42254,0.42253875732421875
2026-07-12,ST001,Chennai,SKU003,Laundry Detergent 1kg,36,39.117516,3.1175155639648438
2026-07-13,ST001,Chennai,SKU003,Laundry Detergent 1kg,44,40.22674,3.7732582092285156
2026-07-14,ST001,Chennai,SKU003,Laundry Detergent 1kg,28,34.67125,6.6712493896484375
2026-07-15,ST001,Chennai,SKU003,Laundry Detergent 1kg,36,32.47635,3.523651123046875
2026-07-16,ST001,Chennai,SKU003,Laundry Detergent 1kg,36,31.842993,4.157007217407227
2026-07-17,ST001,Chennai,SKU003,Laundry Detergent 1kg,36,33.752686,2.247314453125
2026-07-18,ST001,Chennai,SKU003,Laundry Detergent 1kg,46,39.132317,6.867683410644531
2026-07-19,ST001,Chennai,SKU003,Laundry Detergent 1kg,42,43.5435,1.5434989929199219
2026-07-20,ST001,Chennai,SKU003,Laundry Detergent 1kg,34,33.99692,0.003078460693359375
2026-07-21,ST001,Chennai,SKU003,Laundry Detergent 1kg,37,39.423126,2.423126220703125
2026-07-22,ST001,Chennai,SKU003,Laundry Detergent 1kg,29,33.575287,4.575286865234375
2026-07-23,ST001,Chennai,SKU003,Laundry Detergent 1kg,42,33.219547,8.780452728271484
2026-07-24,ST001,Chennai,SKU003,Laundry Detergent 1kg,29,33.85627,4.856269836425781
2026-07-25,ST001,Chennai,SKU003,Laundry Detergent 1kg,43,39.778645,3.221355438232422
2026-07-26,ST001,Chennai,SKU003,Laundry Detergent 1kg,36,39.406937,3.4069366455078125
2026-07-27,ST001,Chennai,SKU003,Laundry Detergent 1kg,39,33.825478,5.174522399902344
2026-07-28,ST001,Chennai,SKU003,Laundry Detergent 1kg,41,33.38315,7.616851806640625
2026-07-29,ST001,Chennai,SKU003,Laundry Detergent 1kg,30,33.61066,3.6106605529785156
2026-07-30,ST001,Chennai,SKU003,Laundry Detergent 1kg,39,33.670944,5.3290557861328125
2026-07-31,ST001,Chennai,SKU003,Laundry Detergent 1kg,31,34.019295,3.0192947387695312
2026-05-02,ST001,Chennai,SKU004,Dishwash Liquid 500ml,34,36.065514,2.0655136108398438
2026-05-03,ST001,Chennai,SKU004,Dishwash Liquid 500ml,39,33.09565,5.904350280761719
2026-05-04,ST001,Chennai,SKU004,Dishwash Liquid 500ml,27,29.903206,2.9032058715820312
2026-05-05,ST001,Chennai,SKU004,Dishwash Liquid 500ml,20,35.95106,15.951061248779297
2026-05-06,ST001,Chennai,SKU004,Dishwash Liquid 500ml,38,28.40108,9.598920822143555
2026-05-07,ST001,Chennai,SKU004,Dishwash Liquid 500ml,34,29.748857,4.251142501831055
2026-05-08,ST001,Chennai,SKU004,Dishwash Liquid 500ml,42,29.751637,12.248363494873047
2026-05-09,ST001,Chennai,SKU004,Dishwash Liquid 500ml,29,34.390465,5.390464782714844
2026-05-10,ST001,Chennai,SKU004,Dishwash Liquid 500ml,48,34.558224,13.441776275634766
2026-05-11,ST001,Chennai,SKU004,Dishwash Liquid 500ml,31,29.267656,1.7323436737060547
2026-05-12,ST001,Chennai,SKU004,Dishwash Liquid 500ml,33,28.884722,4.115278244018555
2026-05-13,ST001,Chennai,SKU004,Dishwash Liquid 500ml,37,29.821955,7.178045272827148
2026-05-14,ST001,Chennai,SKU004,Dishwash Liquid 500ml,33,29.697157,3.3028430938720703
2026-05-15,ST001,Chennai,SKU004,Dishwash Liquid 500ml,28,29.176327,1.1763267517089844
2026-05-16,ST001,Chennai,SKU004,Dishwash Liquid 500ml,28,35.00864,7.008640289306641
2026-05-17,ST001,Chennai,SKU004,Dishwash Liquid 500ml,35,34.193264,0.8067359924316406
2026-05-18,ST001,Chennai,SKU004,Dishwash Liquid 500ml,25,30.12285,5.12285041809082
2026-05-19,ST001,Chennai,SKU004,Dishwash Liquid 500ml,25,30.01319,5.013189315795898
2026-05-20,ST001,Chennai,SKU004,Dishwash Liquid 500ml,31,29.38758,1.6124191284179688
2026-05-21,ST001,Chennai,SKU004,Dishwash Liquid 500ml,26,30.492176,4.492176055908203
2026-05-22,ST001,Chennai,SKU004,Dishwash Liquid 500ml,23,32.307335,9.307334899902344
2026-05-23,ST001,Chennai,SKU004,Dishwash Liquid 500ml,29,32.629196,3.6291961669921875
2026-05-24,ST001,Chennai,SKU004,Dishwash Liquid 500ml,37,35.344173,1.6558265686035156
2026-05-25,ST001,Chennai,SKU004,Dishwash Liquid 500ml,15,29.358423,14.358423233032227
2026-05-26,ST001,Chennai,SKU004,Dishwash Liquid 500ml,33,29.083487,3.916513442993164
2026-05-27,ST001,Chennai,SKU004,Dishwash Liquid 500ml,19,29.378637,10.378637313842773
2026-05-28,ST001,Chennai,SKU004,Dishwash Liquid 500ml,33,29.122087,3.8779125213623047
2026-05-29,ST001,Chennai,SKU004,Dishwash Liquid 500ml,26,29.169273,3.1692733764648438
2026-05-30,ST001,Chennai,SKU004,Dishwash Liquid 500ml,38,36.348064,1.6519355773925781
2026-05-31,ST001,Chennai,SKU004,Dishwash Liquid 500ml,30,32.98419,2.98419189453125
2026-06-01,ST001,Chennai,SKU004,Dishwash Liquid 500ml,26,28.124971,2.124971389770508
2026-06-02,ST001,Chennai,SKU004,Dishwash Liquid 500ml,16,29.6076,13.607599258422852
2026-06-03,ST001,Chennai,SKU004,Dishwash Liquid 500ml,33,30.3938,2.606199264526367
2026-06-04,ST001,Chennai,SKU004,Dishwash Liquid 500ml,35,29.542904,5.457096099853516
2026-06-05,ST001,Chennai,SKU004,Dishwash Liquid 500ml,32,30.20221,1.79779052734375
2026-06-06,ST001,Chennai,SKU004,Dishwash Liquid 500ml,39,33.329178,5.6708221435546875
2026-06-07,ST001,Chennai,SKU004,Dishwash Liquid 500ml,37,35.149914,1.8500862121582031
2026-06-08,ST001,Chennai,SKU004,Dishwash Liquid 500ml,28,26.764025,1.2359752655029297
2026-06-09,ST001,Chennai,SKU004,Dishwash Liquid 500ml,24,28.107588,4.107587814331055
2026-06-10,ST001,Chennai,SKU004,Dishwash Liquid 500ml,29,28.58955,0.4104499816894531
2026-06-11,ST001,Chennai,SKU004,Dishwash Liquid 500ml,26,28.296408,2.296407699584961
2026-06-12,ST001,Chennai,SKU004,Dishwash Liquid 500ml,22,27.421143,5.421142578125
2026-06-13,ST001,Chennai,SKU004,Dishwash Liquid 500ml,37,31.520369,5.479631423950195
2026-06-14,ST001,Chennai,SKU004,Dishwash Liquid 500ml,34,32.8883,1.1116981506347656
2026-06-15,ST001,Chennai,SKU004,Dishwash Liquid 500ml,31,26.658783,4.341217041015625
2026-06-16,ST001,Chennai,SKU004,Dishwash Liquid 500ml,26,27.603998,1.6039981842041016
2026-06-17,ST001,Chennai,SKU004,Dishwash Liquid 500ml,40,28.230152,11.769847869873047
2026-06-18,ST001,Chennai,SKU004,Dishwash Liquid 500ml,34,27.434752,6.565248489379883
2026-06-19,ST001,Chennai,SKU004,Dishwash Liquid 500ml,24,27.530819,3.5308189392089844
2026-06-20,ST001,Chennai,SKU004,Dishwash Liquid 500ml,41,33.649994,7.350006103515625
2026-06-21,ST001,Chennai,SKU004,Dishwash Liquid 500ml,23,33.65544,10.655441284179688
2026-06-22,ST001,Chennai,SKU004,Dishwash Liquid 500ml,27,28.464157,1.4641571044921875
2026-06-23,ST001,Chennai,SKU004,Dishwash Liquid 500ml,36,29.220781,6.779218673706055
2026-06-24,ST001,Chennai,SKU004,Dishwash Liquid 500ml,21,29.50331,8.50330924987793
2026-06-25,ST001,Chennai,SKU004,Dishwash Liquid 500ml,30,29.760347,0.2396526336669922
2026-06-26,ST001,Chennai,SKU004,Dishwash Liquid 500ml,34,28.592867,5.407133102416992
2026-06-27,ST001,Chennai,SKU004,Dishwash Liquid 500ml,36,33.084663,2.9153366088867188
2026-06-28,ST001,Chennai,SKU004,Dishwash Liquid 500ml,26,31.80862,5.808620452880859
2026-06-29,ST001,Chennai,SKU004,Dishwash Liquid 500ml,29,29.922869,0.9228687286376953
2026-06-30,ST001,Chennai,SKU004,Dishwash Liquid 500ml,25,29.000687,4.0006866455078125
2026-07-01,ST001,Chennai,SKU004,Dishwash Liquid 500ml,24,29.827486,5.827486038208008
2026-07-02,ST001,Chennai,SKU004,Dishwash Liquid 500ml,27,28.77843,1.7784309387207031
2026-07-03,ST001,Chennai,SKU004,Dishwash Liquid 500ml,18,29.141815,11.141815185546875
2026-07-04,ST001,Chennai,SKU004,Dishwash Liquid 500ml,27,34.67315,7.673149108886719
2026-07-05,ST001,Chennai,SKU004,Dishwash Liquid 500ml,47,33.345993,13.654006958007812
2026-07-06,ST001,Chennai,SKU004,Dishwash Liquid 500ml,32,29.42921,2.570789337158203
2026-07-07,ST001,Chennai,SKU004,Dishwash Liquid 500ml,20,28.217724,8.217723846435547
2026-07-08,ST001,Chennai,SKU004,Dishwash Liquid 500ml,37,30.685398,6.314601898193359
2026-07-09,ST001,Chennai,SKU004,Dishwash Liquid 500ml,45,28.412031,16.587968826293945
2026-07-10,ST001,Chennai,SKU004,Dishwash Liquid 500ml,28,27.97771,0.022289276123046875
2026-07-11,ST001,Chennai,SKU004,Dishwash Liquid 500ml,42,32.63374,9.366260528564453
2026-07-12,ST001,Chennai,SKU004,Dishwash Liquid 500ml,33,30.294033,2.7059669494628906
2026-07-13,ST001,Chennai,SKU004,Dishwash Liquid 500ml,36,27.96076,8.039239883422852
2026-07-14,ST001,Chennai,SKU004,Dishwash Liquid 500ml,24,28.636343,4.636343002319336
2026-07-15,ST001,Chennai,SKU004,Dishwash Liquid 500ml,23,29.134144,6.134143829345703
2026-07-16,ST001,Chennai,SKU004,Dishwash Liquid 500ml,29,27.516052,1.48394775390625
2026-07-17,ST001,Chennai,SKU004,Dishwash Liquid 500ml,24,27.766132,3.766132354736328
2026-07-18,ST001,Chennai,SKU004,Dishwash Liquid 500ml,23,32.93486,9.934860229492188
2026-07-19,ST001,Chennai,SKU004,Dishwash Liquid 500ml,32,34.769417,2.7694168090820312
2026-07-20,ST001,Chennai,SKU004,Dishwash Liquid 500ml,16,29.092653,13.092653274536133
2026-07-21,ST001,Chennai,SKU004,Dishwash Liquid 500ml,29,29.186302,0.18630218505859375
2026-07-22,ST001,Chennai,SKU004,Dishwash Liquid 500ml,25,29.920757,4.920757293701172
2026-07-23,ST001,Chennai,SKU004,Dishwash Liquid 500ml,24,31.222631,7.222631454467773
2026-07-24,ST001,Chennai,SKU004,Dishwash Liquid 500ml,28,31.688158,3.6881580352783203
2026-07-25,ST001,Chennai,SKU004,Dishwash Liquid 500ml,38,32.92389,5.07611083984375
2026-07-26,ST001,Chennai,SKU004,Dishwash Liquid 500ml,35,33.352932,1.6470680236816406
2026-07-27,ST001,Chennai,SKU004,Dishwash Liquid 500ml,27,27.209816,0.20981597900390625
2026-07-28,ST001,Chennai,SKU004,Dishwash Liquid 500ml,28,28.384596,0.3845958709716797
2026-07-29,ST001,Chennai,SKU004,Dishwash Liquid 500ml,32,28.691875,3.308124542236328
2026-07-30,ST001,Chennai,SKU004,Dishwash Liquid 500ml,25,27.235239,2.235239028930664
2026-07-31,ST001,Chennai,SKU004,Dishwash Liquid 500ml,31,35.559166,4.559165954589844
2026-05-02,ST001,Chennai,SKU005,Instant Coffee 100g,32,23.836515,8.163484573364258
2026-05-03,ST001,Chennai,SKU005,Instant Coffee 100g,21,23.17385,2.173849105834961
2026-05-04,ST001,Chennai,SKU005,Instant Coffee 100g,19,21.386227,2.3862266540527344
2026-05-05,ST001,Chennai,SKU005,Instant Coffee 100g,22,21.168009,0.8319911956787109
2026-05-06,ST001,Chennai,SKU005,Instant Coffee 100g,23,21.06578,1.9342193603515625
2026-05-07,ST001,Chennai,SKU005,Instant Coffee 100g,22,21.046574,0.9534263610839844
2026-05-08,ST001,Chennai,SKU005,Instant Coffee 100g,27,29.054262,2.054262161254883
2026-05-09,ST001,Chennai,SKU005,Instant Coffee 100g,20,24.239061,4.23906135559082
2026-05-10,ST001,Chennai,SKU005,Instant Coffee 100g,26,24.509005,1.4909954071044922
2026-05-11,ST001,Chennai,SKU005,Instant Coffee 100g,20,30.33364,10.333639144897461
2026-05-12,ST001,Chennai,SKU005,Instant Coffee 100g,21,28.22568,7.225679397583008
2026-05-13,ST001,Chennai,SKU005,Instant Coffee 100g,26,22.3178,3.682199478149414
2026-05-14,ST001,Chennai,SKU005,Instant Coffee 100g,23,20.922272,2.077728271484375
2026-05-15,ST001,Chennai,SKU005,Instant Coffee 100g,15,21.175976,6.175975799560547
2026-05-16,ST001,Chennai,SKU005,Instant Coffee 100g,34,25.013342,8.986658096313477
2026-05-17,ST001,Chennai,SKU005,Instant Coffee 100g,30,27.265686,2.73431396484375
2026-05-18,ST001,Chennai,SKU005,Instant Coffee 100g,22,22.78173,0.7817306518554688
2026-05-19,ST001,Chennai,SKU005,Instant Coffee 100g,27,25.088093,1.9119071960449219
2026-05-20,ST001,Chennai,SKU005,Instant Coffee 100g,18,22.22775,4.227750778198242
2026-05-21,ST001,Chennai,SKU005,Instant Coffee 100g,15,21.706429,6.706428527832031
2026-05-22,ST001,Chennai,SKU005,Instant Coffee 100g,15,21.867151,6.867151260375977
2026-05-23,ST001,Chennai,SKU005,Instant Coffee 100g,16,24.954023,8.954023361206055
2026-05-24,ST001,Chennai,SKU005,Instant Coffee 100g,30,25.043217,4.956783294677734
2026-05-25,ST001,Chennai,SKU005,Instant Coffee 100g,24,21.860788,2.139211654663086
2026-05-26,ST001,Chennai,SKU005,Instant Coffee 100g,24,21.721188,2.2788124084472656
2026-05-27,ST001,Chennai,SKU005,Instant Coffee 100g,13,22.042576,9.04257583618164
2026-05-28,ST001,Chennai,SKU005,Instant Coffee 100g,17,21.152592,4.152591705322266
2026-05-29,ST001,Chennai,SKU005,Instant Coffee 100g,28,21.36459,6.635410308837891
2026-05-30,ST001,Chennai,SKU005,Instant Coffee 100g,26,24.507914,1.492086410522461
2026-05-31,ST001,Chennai,SKU005,Instant Coffee 100g,28,24.122223,3.877777099609375
2026-06-01,ST001,Chennai,SKU005,Instant Coffee 100g,24,22.151886,1.848114013671875
2026-06-02,ST001,Chennai,SKU005,Instant Coffee 100g,21,21.198784,0.19878387451171875
2026-06-03,ST001,Chennai,SKU005,Instant Coffee 100g,30,21.158764,8.841236114501953
2026-06-04,ST001,Chennai,SKU005,Instant Coffee 100g,20,21.899817,1.8998165130615234
2026-06-05,ST001,Chennai,SKU005,Instant Coffee 100g,20,20.902822,0.9028224945068359
2026-06-06,ST001,Chennai,SKU005,Instant Coffee 100g,26,22.714087,3.2859134674072266
2026-06-07,ST001,Chennai,SKU005,Instant Coffee 100g,23,23.35272,0.3527202606201172
2026-06-08,ST001,Chennai,SKU005,Instant Coffee 100g,18,26.135847,8.135847091674805
2026-06-09,ST001,Chennai,SKU005,Instant Coffee 100g,36,28.248695,7.751304626464844
2026-06-10,ST001,Chennai,SKU005,Instant Coffee 100g,17,21.525387,4.525386810302734
2026-06-11,ST001,Chennai,SKU005,Instant Coffee 100g,17,21.351927,4.351926803588867
2026-06-12,ST001,Chennai,SKU005,Instant Coffee 100g,25,21.042782,3.9572181701660156
2026-06-13,ST001,Chennai,SKU005,Instant Coffee 100g,27,24.82255,2.177450180053711
2026-06-14,ST001,Chennai,SKU005,Instant Coffee 100g,25,24.096788,0.9032115936279297
2026-06-15,ST001,Chennai,SKU005,Instant Coffee 100g,17,21.709442,4.709442138671875
2026-06-16,ST001,Chennai,SKU005,Instant Coffee 100g,24,21.242722,2.7572784423828125
2026-06-17,ST001,Chennai,SKU005,Instant Coffee 100g,20,20.478788,0.4787883758544922
2026-06-18,ST001,Chennai,SKU005,Instant Coffee 100g,21,20.713274,0.2867259979248047
2026-06-19,ST001,Chennai,SKU005,Instant Coffee 100g,24,21.130737,2.8692626953125
2026-06-20,ST001,Chennai,SKU005,Instant Coffee 100g,24,23.861872,0.13812828063964844
2026-06-21,ST001,Chennai,SKU005,Instant Coffee 100g,32,24.211143,7.788856506347656
2026-06-22,ST001,Chennai,SKU005,Instant Coffee 100g,26,24.231113,1.7688865661621094
2026-06-23,ST001,Chennai,SKU005,Instant Coffee 100g,20,20.811447,0.8114471435546875
2026-06-24,ST001,Chennai,SKU005,Instant Coffee 100g,29,21.897436,7.102563858032227
2026-06-25,ST001,Chennai,SKU005,Instant Coffee 100g,32,24.12796,7.872039794921875
2026-06-26,ST001,Chennai,SKU005,Instant Coffee 100g,20,22.503706,2.5037059783935547
2026-06-27,ST001,Chennai,SKU005,Instant Coffee 100g,26,24.589636,1.4103641510009766
2026-06-28,ST001,Chennai,SKU005,Instant Coffee 100g,35,27.105549,7.894451141357422
2026-06-29,ST001,Chennai,SKU005,Instant Coffee 100g,30,22.471003,7.528997421264648
2026-06-30,ST001,Chennai,SKU005,Instant Coffee 100g,26,22.99945,3.00054931640625
2026-07-01,ST001,Chennai,SKU005,Instant Coffee 100g,24,21.385416,2.614583969116211
2026-07-02,ST001,Chennai,SKU005,Instant Coffee 100g,40,28.11152,11.888479232788086
2026-07-03,ST001,Chennai,SKU005,Instant Coffee 100g,32,25.037287,6.962713241577148
2026-07-04,ST001,Chennai,SKU005,Instant Coffee 100g,28,26.384966,1.6150341033935547
2026-07-05,ST001,Chennai,SKU005,Instant Coffee 100g,25,27.071009,2.0710086822509766
2026-07-06,ST001,Chennai,SKU005,Instant Coffee 100g,26,21.159094,4.840906143188477
2026-07-07,ST001,Chennai,SKU005,Instant Coffee 100g,21,21.561302,0.5613021850585938
2026-07-08,ST001,Chennai,SKU005,Instant Coffee 100g,17,26.828884,9.82888412475586
2026-07-09,ST001,Chennai,SKU005,Instant Coffee 100g,25,22.926977,2.0730228424072266
2026-07-10,ST001,Chennai,SKU005,Instant Coffee 100g,25,20.264368,4.735631942749023
2026-07-11,ST001,Chennai,SKU005,Instant Coffee 100g,26,24.076057,1.9239425659179688
2026-07-12,ST001,Chennai,SKU005,Instant Coffee 100g,28,24.74291,3.257089614868164
2026-07-13,ST001,Chennai,SKU005,Instant Coffee 100g,18,20.633162,2.6331615447998047
2026-07-14,ST001,Chennai,SKU005,Instant Coffee 100g,24,20.605158,3.3948421478271484
2026-07-15,ST001,Chennai,SKU005,Instant Coffee 100g,27,20.776194,6.223806381225586
2026-07-16,ST001,Chennai,SKU005,Instant Coffee 100g,23,19.647385,3.3526153564453125
2026-07-17,ST001,Chennai,SKU005,Instant Coffee 100g,19,21.3256,2.3255996704101562
2026-07-18,ST001,Chennai,SKU005,Instant Coffee 100g,20,24.442438,4.442438125610352
2026-07-19,ST001,Chennai,SKU005,Instant Coffee 100g,34,24.991224,9.00877571105957
2026-07-20,ST001,Chennai,SKU005,Instant Coffee 100g,24,21.549894,2.450105667114258
2026-07-21,ST001,Chennai,SKU005,Instant Coffee 100g,19,21.005465,2.005464553833008
2026-07-22,ST001,Chennai,SKU005,Instant Coffee 100g,33,20.765211,12.23478889465332
2026-07-23,ST001,Chennai,SKU005,Instant Coffee 100g,17,21.30168,4.301679611206055
2026-07-24,ST001,Chennai,SKU005,Instant Coffee 100g,13,21.666693,8.666692733764648
2026-07-25,ST001,Chennai,SKU005,Instant Coffee 100g,26,26.516644,0.5166435241699219
2026-07-26,ST001,Chennai,SKU005,Instant Coffee 100g,28,26.125021,1.874979019165039
2026-07-27,ST001,Chennai,SKU005,Instant Coffee 100g,28,23.167822,4.832178115844727
2026-07-28,ST001,Chennai,SKU005,Instant Coffee 100g,26,21.972132,4.027868270874023
2026-07-29,ST001,Chennai,SKU005,Instant Coffee 100g,32,23.945772,8.054227828979492
2026-07-30,ST001,Chennai,SKU005,Instant Coffee 100g,25,23.299044,1.7009563446044922
2026-07-31,ST001,Chennai,SKU005,Instant Coffee 100g,26,29.894968,3.894968032836914
2026-05-02,ST002,Bengaluru,SKU001,Shampoo 340ml,28,29.996386,1.9963855743408203
2026-05-03,ST002,Bengaluru,SKU001,Shampoo 340ml,28,30.09566,2.0956592559814453
2026-05-04,ST002,Bengaluru,SKU001,Shampoo 340ml,34,28.660397,5.339603424072266
2026-05-05,ST002,Bengaluru,SKU001,Shampoo 340ml,24,25.412754,1.4127540588378906
2026-05-06,ST002,Bengaluru,SKU001,Shampoo 340ml,27,25.82992,1.1700801849365234
2026-05-07,ST002,Bengaluru,SKU001,Shampoo 340ml,27,26.081694,0.9183063507080078
2026-05-08,ST002,Bengaluru,SKU001,Shampoo 340ml,18,25.320934,7.320934295654297
2026-05-09,ST002,Bengaluru,SKU001,Shampoo 340ml,31,29.275911,1.7240886688232422
2026-05-10,ST002,Bengaluru,SKU001,Shampoo 340ml,30,28.746033,1.25396728515625
2026-05-11,ST002,Bengaluru,SKU001,Shampoo 340ml,27,25.238283,1.7617168426513672
2026-05-12,ST002,Bengaluru,SKU001,Shampoo 340ml,13,24.996805,11.996805191040039
2026-05-13,ST002,Bengaluru,SKU001,Shampoo 340ml,23,25.601454,2.6014537811279297
2026-05-14,ST002,Bengaluru,SKU001,Shampoo 340ml,30,25.57571,4.424289703369141
2026-05-15,ST002,Bengaluru,SKU001,Shampoo 340ml,20,26.670567,6.670566558837891
2026-05-16,ST002,Bengaluru,SKU001,Shampoo 340ml,32,28.941683,3.058317184448242
2026-05-17,ST002,Bengaluru,SKU001,Shampoo 340ml,23,29.042183,6.042182922363281
2026-05-18,ST002,Bengaluru,SKU001,Shampoo 340ml,20,25.521374,5.521373748779297
2026-05-19,ST002,Bengaluru,SKU001,Shampoo 340ml,27,26.886322,0.113677978515625
2026-05-20,ST002,Bengaluru,SKU001,Shampoo 340ml,18,25.25319,7.2531890869140625
2026-05-21,ST002,Bengaluru,SKU001,Shampoo 340ml,34,25.446308,8.553691864013672
2026-05-22,ST002,Bengaluru,SKU001,Shampoo 340ml,27,25.11433,1.8856697082519531
2026-05-23,ST002,Bengaluru,SKU001,Shampoo 340ml,33,28.244936,4.755064010620117
2026-05-24,ST002,Bengaluru,SKU001,Shampoo 340ml,24,28.529003,4.529003143310547
2026-05-25,ST002,Bengaluru,SKU001,Shampoo 340ml,29,25.797316,3.2026844024658203
2026-05-26,ST002,Bengaluru,SKU001,Shampoo 340ml,21,24.10596,3.1059608459472656
2026-05-27,ST002,Bengaluru,SKU001,Shampoo 340ml,27,25.257229,1.7427711486816406
2026-05-28,ST002,Bengaluru,SKU001,Shampoo 340ml,21,25.440182,4.440181732177734
2026-05-29,ST002,Bengaluru,SKU001,Shampoo 340ml,28,24.836172,3.163827896118164
2026-05-30,ST002,Bengaluru,SKU001,Shampoo 340ml,29,28.84596,0.1540393829345703
2026-05-31,ST002,Bengaluru,SKU001,Shampoo 340ml,34,30.161291,3.8387088775634766
2026-06-01,ST002,Bengaluru,SKU001,Shampoo 340ml,25,23.779482,1.2205181121826172
2026-06-02,ST002,Bengaluru,SKU001,Shampoo 340ml,24,24.41321,0.4132099151611328
2026-06-03,ST002,Bengaluru,SKU001,Shampoo 340ml,30,24.913769,5.086231231689453
2026-06-04,ST002,Bengaluru,SKU001,Shampoo 340ml,18,24.74827,6.748270034790039
2026-06-05,ST002,Bengaluru,SKU001,Shampoo 340ml,23,26.383606,3.38360595703125
2026-06-06,ST002,Bengaluru,SKU001,Shampoo 340ml,34,28.44168,5.558319091796875
2026-06-07,ST002,Bengaluru,SKU001,Shampoo 340ml,25,29.4826,4.482599258422852
2026-06-08,ST002,Bengaluru,SKU001,Shampoo 340ml,27,24.663612,2.3363876342773438
2026-06-09,ST002,Bengaluru,SKU001,Shampoo 340ml,30,24.74491,5.255090713500977
2026-06-10,ST002,Bengaluru,SKU001,Shampoo 340ml,32,25.012234,6.987766265869141
2026-06-11,ST002,Bengaluru,SKU001,Shampoo 340ml,29,27.021664,1.9783363342285156
2026-06-12,ST002,Bengaluru,SKU001,Shampoo 340ml,25,24.567722,0.4322776794433594
2026-06-13,ST002,Bengaluru,SKU001,Shampoo 340ml,30,28.27736,1.7226390838623047
2026-06-14,ST002,Bengaluru,SKU001,Shampoo 340ml,27,27.490112,0.4901123046875
2026-06-15,ST002,Bengaluru,SKU001,Shampoo 340ml,30,25.021572,4.978427886962891
2026-06-16,ST002,Bengaluru,SKU001,Shampoo 340ml,19,24.517168,5.517168045043945
2026-06-17,ST002,Bengaluru,SKU001,Shampoo 340ml,14,25.734123,11.734123229980469
2026-06-18,ST002,Bengaluru,SKU001,Shampoo 340ml,22,25.227,3.226999282836914
2026-06-19,ST002,Bengaluru,SKU001,Shampoo 340ml,28,26.455582,1.5444183349609375
2026-06-20,ST002,Bengaluru,SKU001,Shampoo 340ml,35,29.604088,5.395912170410156
2026-06-21,ST002,Bengaluru,SKU001,Shampoo 340ml,32,29.88542,2.1145801544189453
2026-06-22,ST002,Bengaluru,SKU001,Shampoo 340ml,32,25.050985,6.949014663696289
2026-06-23,ST002,Bengaluru,SKU001,Shampoo 340ml,21,25.187788,4.187788009643555
2026-06-24,ST002,Bengaluru,SKU001,Shampoo 340ml,32,26.710161,5.289838790893555
2026-06-25,ST002,Bengaluru,SKU001,Shampoo 340ml,36,25.508541,10.491458892822266
2026-06-26,ST002,Bengaluru,SKU001,Shampoo 340ml,29,25.31941,3.6805896759033203
2026-06-27,ST002,Bengaluru,SKU001,Shampoo 340ml,30,29.866127,0.13387298583984375
2026-06-28,ST002,Bengaluru,SKU001,Shampoo 340ml,40,29.167635,10.832365036010742
2026-06-29,ST002,Bengaluru,SKU001,Shampoo 340ml,20,24.696148,4.696147918701172
2026-06-30,ST002,Bengaluru,SKU001,Shampoo 340ml,35,25.7932,9.20680046081543
2026-07-01,ST002,Bengaluru,SKU001,Shampoo 340ml,30,25.22565,4.774349212646484
2026-07-02,ST002,Bengaluru,SKU001,Shampoo 340ml,24,26.483856,2.483856201171875
2026-07-03,ST002,Bengaluru,SKU001,Shampoo 340ml,22,25.961103,3.9611034393310547
2026-07-04,ST002,Bengaluru,SKU001,Shampoo 340ml,31,28.683323,2.3166770935058594
2026-07-05,ST002,Bengaluru,SKU001,Shampoo 340ml,35,31.815207,3.184793472290039
2026-07-06,ST002,Bengaluru,SKU001,Shampoo 340ml,37,24.642406,12.357593536376953
2026-07-07,ST002,Bengaluru,SKU001,Shampoo 340ml,24,26.813995,2.813995361328125
2026-07-08,ST002,Bengaluru,SKU001,Shampoo 340ml,39,25.81354,13.186460494995117
2026-07-09,ST002,Bengaluru,SKU001,Shampoo 340ml,27,24.614368,2.385631561279297
2026-07-10,ST002,Bengaluru,SKU001,Shampoo 340ml,15,25.054546,10.054546356201172
2026-07-11,ST002,Bengaluru,SKU001,Shampoo 340ml,40,36.212368,3.7876319885253906
2026-07-12,ST002,Bengaluru,SKU001,Shampoo 340ml,23,30.283154,7.283153533935547
2026-07-13,ST002,Bengaluru,SKU001,Shampoo 340ml,28,25.78064,2.2193603515625
2026-07-14,ST002,Bengaluru,SKU001,Shampoo 340ml,23,25.691364,2.691364288330078
2026-07-15,ST002,Bengaluru,SKU001,Shampoo 340ml,22,26.12449,4.124490737915039
2026-07-16,ST002,Bengaluru,SKU001,Shampoo 340ml,38,31.226225,6.773775100708008
2026-07-17,ST002,Bengaluru,SKU001,Shampoo 340ml,28,27.801868,0.19813156127929688
2026-07-18,ST002,Bengaluru,SKU001,Shampoo 340ml,26,30.871784,4.871784210205078
2026-07-19,ST002,Bengaluru,SKU001,Shampoo 340ml,25,29.607124,4.607124328613281
2026-07-20,ST002,Bengaluru,SKU001,Shampoo 340ml,18,26.390919,8.390918731689453
2026-07-21,ST002,Bengaluru,SKU001,Shampoo 340ml,21,26.111536,5.111536026000977
2026-07-22,ST002,Bengaluru,SKU001,Shampoo 340ml,23,26.81743,3.8174304962158203
2026-07-23,ST002,Bengaluru,SKU001,Shampoo 340ml,27,26.531235,0.4687652587890625
2026-07-24,ST002,Bengaluru,SKU001,Shampoo 340ml,27,25.030632,1.9693679809570312
2026-07-25,ST002,Bengaluru,SKU001,Shampoo 340ml,25,30.347136,5.347135543823242
2026-07-26,ST002,Bengaluru,SKU001,Shampoo 340ml,22,29.854338,7.854337692260742
2026-07-27,ST002,Bengaluru,SKU001,Shampoo 340ml,28,26.634806,1.365194320678711
2026-07-28,ST002,Bengaluru,SKU001,Shampoo 340ml,30,26.552359,3.447641372680664
2026-07-29,ST002,Bengaluru,SKU001,Shampoo 340ml,23,25.731096,2.7310962677001953
2026-07-30,ST002,Bengaluru,SKU001,Shampoo 340ml,33,26.47976,6.520240783691406
2026-07-31,ST002,Bengaluru,SKU001,Shampoo 340ml,21,25.467617,4.467617034912109
2026-05-02,ST002,Bengaluru,SKU002,Bath Soap 100g,47,49.52829,2.528289794921875
2026-05-03,ST002,Bengaluru,SKU002,Bath Soap 100g,58,48.38538,9.614620208740234
2026-05-04,ST002,Bengaluru,SKU002,Bath Soap 100g,47,46.26099,0.7390098571777344
2026-05-05,ST002,Bengaluru,SKU002,Bath Soap 100g,48,42.844326,5.155673980712891
2026-05-06,ST002,Bengaluru,SKU002,Bath Soap 100g,42,43.938606,1.9386062622070312
2026-05-07,ST002,Bengaluru,SKU002,Bath Soap 100g,41,43.023117,2.0231170654296875
2026-05-08,ST002,Bengaluru,SKU002,Bath Soap 100g,46,42.904026,3.0959739685058594
2026-05-09,ST002,Bengaluru,SKU002,Bath Soap 100g,67,50.494743,16.50525665283203
2026-05-10,ST002,Bengaluru,SKU002,Bath Soap 100g,55,53.801437,1.1985626220703125
2026-05-11,ST002,Bengaluru,SKU002,Bath Soap 100g,51,46.711414,4.288585662841797
2026-05-12,ST002,Bengaluru,SKU002,Bath Soap 100g,43,46.763454,3.7634544372558594
2026-05-13,ST002,Bengaluru,SKU002,Bath Soap 100g,46,43.76735,2.2326507568359375
2026-05-14,ST002,Bengaluru,SKU002,Bath Soap 100g,58,44.976757,13.023242950439453
2026-05-15,ST002,Bengaluru,SKU002,Bath Soap 100g,51,44.97961,6.020389556884766
2026-05-16,ST002,Bengaluru,SKU002,Bath Soap 100g,52,53.585503,1.5855026245117188
2026-05-17,ST002,Bengaluru,SKU002,Bath Soap 100g,50,51.726902,1.7269020080566406
2026-05-18,ST002,Bengaluru,SKU002,Bath Soap 100g,40,44.51114,4.511138916015625
2026-05-19,ST002,Bengaluru,SKU002,Bath Soap 100g,38,42.985035,4.985034942626953
2026-05-20,ST002,Bengaluru,SKU002,Bath Soap 100g,47,42.223896,4.776103973388672
2026-05-21,ST002,Bengaluru,SKU002,Bath Soap 100g,45,42.28791,2.7120895385742188
2026-05-22,ST002,Bengaluru,SKU002,Bath Soap 100g,49,41.79067,7.209331512451172
2026-05-23,ST002,Bengaluru,SKU002,Bath Soap 100g,45,51.211506,6.211505889892578
2026-05-24,ST002,Bengaluru,SKU002,Bath Soap 100g,37,48.49764,11.497638702392578
2026-05-25,ST002,Bengaluru,SKU002,Bath Soap 100g,36,42.379425,6.379425048828125
2026-05-26,ST002,Bengaluru,SKU002,Bath Soap 100g,40,42.707806,2.707805633544922
2026-05-27,ST002,Bengaluru,SKU002,Bath Soap 100g,54,44.049274,9.950725555419922
2026-05-28,ST002,Bengaluru,SKU002,Bath Soap 100g,40,43.347687,3.347686767578125
2026-05-29,ST002,Bengaluru,SKU002,Bath Soap 100g,49,43.418068,5.581932067871094
2026-05-30,ST002,Bengaluru,SKU002,Bath Soap 100g,58,49.071938,8.928062438964844
2026-05-31,ST002,Bengaluru,SKU002,Bath Soap 100g,54,49.49691,4.503089904785156
2026-06-01,ST002,Bengaluru,SKU002,Bath Soap 100g,28,42.527138,14.527137756347656
2026-06-02,ST002,Bengaluru,SKU002,Bath Soap 100g,36,44.568974,8.568973541259766
2026-06-03,ST002,Bengaluru,SKU002,Bath Soap 100g,41,43.19433,2.1943283081054688
2026-06-04,ST002,Bengaluru,SKU002,Bath Soap 100g,42,42.616413,0.6164131164550781
2026-06-05,ST002,Bengaluru,SKU002,Bath Soap 100g,35,43.814148,8.81414794921875
2026-06-06,ST002,Bengaluru,SKU002,Bath Soap 100g,63,49.9712,13.028800964355469
2026-06-07,ST002,Bengaluru,SKU002,Bath Soap 100g,52,50.335884,1.6641159057617188
2026-06-08,ST002,Bengaluru,SKU002,Bath Soap 100g,46,43.254887,2.7451133728027344
2026-06-09,ST002,Bengaluru,SKU002,Bath Soap 100g,44,42.352528,1.6474723815917969
2026-06-10,ST002,Bengaluru,SKU002,Bath Soap 100g,50,43.718178,6.281822204589844
2026-06-11,ST002,Bengaluru,SKU002,Bath Soap 100g,46,44.00221,1.9977912902832031
2026-06-12,ST002,Bengaluru,SKU002,Bath Soap 100g,46,46.009167,0.009166717529296875
2026-06-13,ST002,Bengaluru,SKU002,Bath Soap 100g,57,50.174194,6.8258056640625
2026-06-14,ST002,Bengaluru,SKU002,Bath Soap 100g,43,51.81912,8.81911849975586
2026-06-15,ST002,Bengaluru,SKU002,Bath Soap 100g,44,44.619846,0.6198463439941406
2026-06-16,ST002,Bengaluru,SKU002,Bath Soap 100g,63,43.74588,19.254119873046875
2026-06-17,ST002,Bengaluru,SKU002,Bath Soap 100g,40,43.69085,3.6908493041992188
2026-06-18,ST002,Bengaluru,SKU002,Bath Soap 100g,50,44.049236,5.950763702392578
2026-06-19,ST002,Bengaluru,SKU002,Bath Soap 100g,51,44.47574,6.524261474609375
2026-06-20,ST002,Bengaluru,SKU002,Bath Soap 100g,37,49.314774,12.314773559570312
2026-06-21,ST002,Bengaluru,SKU002,Bath Soap 100g,65,48.449677,16.550323486328125
2026-06-22,ST002,Bengaluru,SKU002,Bath Soap 100g,43,48.02097,5.020969390869141
2026-06-23,ST002,Bengaluru,SKU002,Bath Soap 100g,55,45.682312,9.31768798828125
2026-06-24,ST002,Bengaluru,SKU002,Bath Soap 100g,62,56.2902,5.709800720214844
2026-06-25,ST002,Bengaluru,SKU002,Bath Soap 100g,39,44.602512,5.602512359619141
2026-06-26,ST002,Bengaluru,SKU002,Bath Soap 100g,39,43.93931,4.939308166503906
2026-06-27,ST002,Bengaluru,SKU002,Bath Soap 100g,46,49.977333,3.9773330688476562
2026-06-28,ST002,Bengaluru,SKU002,Bath Soap 100g,45,51.983562,6.983562469482422
2026-06-29,ST002,Bengaluru,SKU002,Bath Soap 100g,52,43.62612,8.373878479003906
2026-06-30,ST002,Bengaluru,SKU002,Bath Soap 100g,44,38.780178,5.219821929931641
2026-07-01,ST002,Bengaluru,SKU002,Bath Soap 100g,52,42.541187,9.458812713623047
2026-07-02,ST002,Bengaluru,SKU002,Bath Soap 100g,40,43.392307,3.3923072814941406
2026-07-03,ST002,Bengaluru,SKU002,Bath Soap 100g,45,42.62009,2.3799095153808594
2026-07-04,ST002,Bengaluru,SKU002,Bath Soap 100g,53,49.795414,3.2045860290527344
2026-07-05,ST002,Bengaluru,SKU002,Bath Soap 100g,50,49.47893,0.5210685729980469
2026-07-06,ST002,Bengaluru,SKU002,Bath Soap 100g,39,44.16724,5.167240142822266
2026-07-07,ST002,Bengaluru,SKU002,Bath Soap 100g,48,43.78869,4.211311340332031
2026-07-08,ST002,Bengaluru,SKU002,Bath Soap 100g,44,44.55028,0.5502815246582031
2026-07-09,ST002,Bengaluru,SKU002,Bath Soap 100g,53,42.878105,10.121894836425781
2026-07-10,ST002,Bengaluru,SKU002,Bath Soap 100g,43,44.765697,1.7656974792480469
2026-07-11,ST002,Bengaluru,SKU002,Bath Soap 100g,49,50.006775,1.00677490234375
2026-07-12,ST002,Bengaluru,SKU002,Bath Soap 100g,40,48.92513,8.925128936767578
2026-07-13,ST002,Bengaluru,SKU002,Bath Soap 100g,37,43.40059,6.4005889892578125
2026-07-14,ST002,Bengaluru,SKU002,Bath Soap 100g,48,44.434937,3.5650634765625
2026-07-15,ST002,Bengaluru,SKU002,Bath Soap 100g,31,44.365913,13.365913391113281
2026-07-16,ST002,Bengaluru,SKU002,Bath Soap 100g,55,51.097996,3.9020042419433594
2026-07-17,ST002,Bengaluru,SKU002,Bath Soap 100g,54,43.036697,10.963302612304688
2026-07-18,ST002,Bengaluru,SKU002,Bath Soap 100g,59,49.629715,9.370285034179688
2026-07-19,ST002,Bengaluru,SKU002,Bath Soap 100g,57,48.268055,8.731945037841797
2026-07-20,ST002,Bengaluru,SKU002,Bath Soap 100g,43,46.105488,3.105487823486328
2026-07-21,ST002,Bengaluru,SKU002,Bath Soap 100g,52,45.151993,6.8480072021484375
2026-07-22,ST002,Bengaluru,SKU002,Bath Soap 100g,46,45.99296,0.007038116455078125
2026-07-23,ST002,Bengaluru,SKU002,Bath Soap 100g,38,55.334362,17.334362030029297
2026-07-24,ST002,Bengaluru,SKU002,Bath Soap 100g,38,42.14118,4.141178131103516
2026-07-25,ST002,Bengaluru,SKU002,Bath Soap 100g,46,51.417576,5.417575836181641
2026-07-26,ST002,Bengaluru,SKU002,Bath Soap 100g,61,50.941208,10.058792114257812
2026-07-27,ST002,Bengaluru,SKU002,Bath Soap 100g,44,45.215546,1.215545654296875
2026-07-28,ST002,Bengaluru,SKU002,Bath Soap 100g,56,44.225655,11.774345397949219
2026-07-29,ST002,Bengaluru,SKU002,Bath Soap 100g,40,46.390472,6.390472412109375
2026-07-30,ST002,Bengaluru,SKU002,Bath Soap 100g,45,43.98832,1.0116806030273438
2026-07-31,ST002,Bengaluru,SKU002,Bath Soap 100g,43,42.930832,0.0691680908203125
2026-05-02,ST002,Bengaluru,SKU003,Laundry Detergent 1kg,43,34.85239,8.14760971069336
2026-05-03,ST002,Bengaluru,SKU003,Laundry Detergent 1kg,29,37.278236,8.278236389160156
2026-05-04,ST002,Bengaluru,SKU003,Laundry Detergent 1kg,28,33.366943,5.366943359375
2026-05-05,ST002,Bengaluru,SKU003,Laundry Detergent 1kg,57,37.14899,19.851009368896484
2026-05-06,ST002,Bengaluru,SKU003,Laundry Detergent 1kg,46,34.45914,11.54085922241211
2026-05-07,ST002,Bengaluru,SKU003,Laundry Detergent 1kg,39,36.7824,2.217601776123047
2026-05-08,ST002,Bengaluru,SKU003,Laundry Detergent 1kg,30,36.110973,6.110973358154297
2026-05-09,ST002,Bengaluru,SKU003,Laundry Detergent 1kg,38,40.99785,2.9978485107421875
2026-05-10,ST002,Bengaluru,SKU003,Laundry Detergent 1kg,58,39.860867,18.13913345336914
2026-05-11,ST002,Bengaluru,SKU003,Laundry Detergent 1kg,38,35.34309,2.656909942626953
2026-05-12,ST002,Bengaluru,SKU003,Laundry Detergent 1kg,37,31.773859,5.226140975952148
2026-05-13,ST002,Bengaluru,SKU003,Laundry Detergent 1kg,31,33.83215,2.8321495056152344
2026-05-14,ST002,Bengaluru,SKU003,Laundry Detergent 1kg,35,37.322525,2.3225250244140625
2026-05-15,ST002,Bengaluru,SKU003,Laundry Detergent 1kg,33,36.708958,3.7089576721191406
2026-05-16,ST002,Bengaluru,SKU003,Laundry Detergent 1kg,38,41.66606,3.6660614013671875
2026-05-17,ST002,Bengaluru,SKU003,Laundry Detergent 1kg,33,40.021416,7.021415710449219
2026-05-18,ST002,Bengaluru,SKU003,Laundry Detergent 1kg,31,35.72341,4.723411560058594
2026-05-19,ST002,Bengaluru,SKU003,Laundry Detergent 1kg,42,37.861794,4.138206481933594
2026-05-20,ST002,Bengaluru,SKU003,Laundry Detergent 1kg,45,36.0858,8.914199829101562
2026-05-21,ST002,Bengaluru,SKU003,Laundry Detergent 1kg,50,43.27361,6.726390838623047
2026-05-22,ST002,Bengaluru,SKU003,Laundry Detergent 1kg,37,36.30822,0.6917800903320312
2026-05-23,ST002,Bengaluru,SKU003,Laundry Detergent 1kg,47,42.089256,4.910743713378906
2026-05-24,ST002,Bengaluru,SKU003,Laundry Detergent 1kg,48,38.836037,9.163963317871094
2026-05-25,ST002,Bengaluru,SKU003,Laundry Detergent 1kg,26,36.180508,10.18050765991211
2026-05-26,ST002,Bengaluru,SKU003,Laundry Detergent 1kg,44,43.92197,0.07802963256835938
2026-05-27,ST002,Bengaluru,SKU003,Laundry Detergent 1kg,38,33.964275,4.035724639892578
2026-05-28,ST002,Bengaluru,SKU003,Laundry Detergent 1kg,50,33.73266,16.26734161376953
2026-05-29,ST002,Bengaluru,SKU003,Laundry Detergent 1kg,35,35.56254,0.5625381469726562
2026-05-30,ST002,Bengaluru,SKU003,Laundry Detergent 1kg,34,38.891846,4.891845703125
2026-05-31,ST002,Bengaluru,SKU003,Laundry Detergent 1kg,30,39.209557,9.209556579589844
2026-06-01,ST002,Bengaluru,SKU003,Laundry Detergent 1kg,29,36.876736,7.876735687255859
2026-06-02,ST002,Bengaluru,SKU003,Laundry Detergent 1kg,37,41.67878,4.678779602050781
2026-06-03,ST002,Bengaluru,SKU003,Laundry Detergent 1kg,28,36.01396,8.013961791992188
2026-06-04,ST002,Bengaluru,SKU003,Laundry Detergent 1kg,42,34.006767,7.993232727050781
2026-06-05,ST002,Bengaluru,SKU003,Laundry Detergent 1kg,43,34.02714,8.972858428955078
2026-06-06,ST002,Bengaluru,SKU003,Laundry Detergent 1kg,36,41.288757,5.28875732421875
2026-06-07,ST002,Bengaluru,SKU003,Laundry Detergent 1kg,42,41.979973,0.02002716064453125
2026-06-08,ST002,Bengaluru,SKU003,Laundry Detergent 1kg,41,34.559032,6.440967559814453
2026-06-09,ST002,Bengaluru,SKU003,Laundry Detergent 1kg,36,35.791008,0.20899200439453125
2026-06-10,ST002,Bengaluru,SKU003,Laundry Detergent 1kg,29,36.06103,7.061031341552734
2026-06-11,ST002,Bengaluru,SKU003,Laundry Detergent 1kg,33,36.2651,3.2650985717773438
2026-06-12,ST002,Bengaluru,SKU003,Laundry Detergent 1kg,28,35.794907,7.7949066162109375
2026-06-13,ST002,Bengaluru,SKU003,Laundry Detergent 1kg,44,40.98782,3.0121803283691406
2026-06-14,ST002,Bengaluru,SKU003,Laundry Detergent 1kg,41,40.66763,0.3323707580566406
2026-06-15,ST002,Bengaluru,SKU003,Laundry Detergent 1kg,33,33.874714,0.8747138977050781
2026-06-16,ST002,Bengaluru,SKU003,Laundry Detergent 1kg,34,33.494408,0.5055923461914062
2026-06-17,ST002,Bengaluru,SKU003,Laundry Detergent 1kg,35,33.53591,1.4640884399414062
2026-06-18,ST002,Bengaluru,SKU003,Laundry Detergent 1kg,43,34.53812,8.46187973022461
2026-06-19,ST002,Bengaluru,SKU003,Laundry Detergent 1kg,37,34.9515,2.0485000610351562
2026-06-20,ST002,Bengaluru,SKU003,Laundry Detergent 1kg,40,43.152916,3.1529159545898438
2026-06-21,ST002,Bengaluru,SKU003,Laundry Detergent 1kg,40,41.809273,1.8092727661132812
2026-06-22,ST002,Bengaluru,SKU003,Laundry Detergent 1kg,26,35.26614,9.26613998413086
2026-06-23,ST002,Bengaluru,SKU003,Laundry Detergent 1kg,29,34.37873,5.378730773925781
2026-06-24,ST002,Bengaluru,SKU003,Laundry Detergent 1kg,29,34.393375,5.393375396728516
2026-06-25,ST002,Bengaluru,SKU003,Laundry Detergent 1kg,46,35.57741,10.422588348388672
2026-06-26,ST002,Bengaluru,SKU003,Laundry Detergent 1kg,45,36.018272,8.981727600097656
2026-06-27,ST002,Bengaluru,SKU003,Laundry Detergent 1kg,37,39.292255,2.292255401611328
2026-06-28,ST002,Bengaluru,SKU003,Laundry Detergent 1kg,39,41.315098,2.3150978088378906
2026-06-29,ST002,Bengaluru,SKU003,Laundry Detergent 1kg,36,35.915466,0.08453369140625
2026-06-30,ST002,Bengaluru,SKU003,Laundry Detergent 1kg,33,34.89786,1.8978614807128906
2026-07-01,ST002,Bengaluru,SKU003,Laundry Detergent 1kg,35,34.92536,0.07463836669921875
2026-07-02,ST002,Bengaluru,SKU003,Laundry Detergent 1kg,27,33.11296,6.1129608154296875
2026-07-03,ST002,Bengaluru,SKU003,Laundry Detergent 1kg,27,34.323093,7.323093414306641
2026-07-04,ST002,Bengaluru,SKU003,Laundry Detergent 1kg,39,40.449005,1.449005126953125
2026-07-05,ST002,Bengaluru,SKU003,Laundry Detergent 1kg,40,39.621365,0.3786354064941406
2026-07-06,ST002,Bengaluru,SKU003,Laundry Detergent 1kg,36,34.326355,1.67364501953125
2026-07-07,ST002,Bengaluru,SKU003,Laundry Detergent 1kg,39,34.367844,4.6321563720703125
2026-07-08,ST002,Bengaluru,SKU003,Laundry Detergent 1kg,40,35.257057,4.742942810058594
2026-07-09,ST002,Bengaluru,SKU003,Laundry Detergent 1kg,45,43.11559,1.8844108581542969
2026-07-10,ST002,Bengaluru,SKU003,Laundry Detergent 1kg,42,36.030106,5.9698944091796875
2026-07-11,ST002,Bengaluru,SKU003,Laundry Detergent 1kg,53,41.16706,11.832939147949219
2026-07-12,ST002,Bengaluru,SKU003,Laundry Detergent 1kg,44,39.738827,4.261173248291016
2026-07-13,ST002,Bengaluru,SKU003,Laundry Detergent 1kg,28,36.76648,8.7664794921875
2026-07-14,ST002,Bengaluru,SKU003,Laundry Detergent 1kg,31,35.35543,4.355430603027344
2026-07-15,ST002,Bengaluru,SKU003,Laundry Detergent 1kg,36,35.591522,0.408477783203125
2026-07-16,ST002,Bengaluru,SKU003,Laundry Detergent 1kg,38,34.18204,3.8179588317871094
2026-07-17,ST002,Bengaluru,SKU003,Laundry Detergent 1kg,46,35.324272,10.675727844238281
2026-07-18,ST002,Bengaluru,SKU003,Laundry Detergent 1kg,36,40.20815,4.208148956298828
2026-07-19,ST002,Bengaluru,SKU003,Laundry Detergent 1kg,38,40.61586,2.6158599853515625
2026-07-20,ST002,Bengaluru,SKU003,Laundry Detergent 1kg,35,35.83097,0.8309707641601562
2026-07-21,ST002,Bengaluru,SKU003,Laundry Detergent 1kg,43,34.801254,8.198745727539062
2026-07-22,ST002,Bengaluru,SKU003,Laundry Detergent 1kg,42,34.289776,7.710224151611328
2026-07-23,ST002,Bengaluru,SKU003,Laundry Detergent 1kg,31,34.056736,3.0567359924316406
2026-07-24,ST002,Bengaluru,SKU003,Laundry Detergent 1kg,39,32.790295,6.209705352783203
2026-07-25,ST002,Bengaluru,SKU003,Laundry Detergent 1kg,35,38.765232,3.7652320861816406
2026-07-26,ST002,Bengaluru,SKU003,Laundry Detergent 1kg,36,41.071415,5.071414947509766
2026-07-27,ST002,Bengaluru,SKU003,Laundry Detergent 1kg,42,33.933372,8.066627502441406
2026-07-28,ST002,Bengaluru,SKU003,Laundry Detergent 1kg,34,34.744926,0.7449264526367188
2026-07-29,ST002,Bengaluru,SKU003,Laundry Detergent 1kg,19,35.379444,16.379444122314453
2026-07-30,ST002,Bengaluru,SKU003,Laundry Detergent 1kg,37,35.29993,1.7000694274902344
2026-07-31,ST002,Bengaluru,SKU003,Laundry Detergent 1kg,35,34.54203,0.45796966552734375
2026-05-02,ST002,Bengaluru,SKU004,Dishwash Liquid 500ml,33,35.974377,2.974376678466797
2026-05-03,ST002,Bengaluru,SKU004,Dishwash Liquid 500ml,38,35.42141,2.5785903930664062
2026-05-04,ST002,Bengaluru,SKU004,Dishwash Liquid 500ml,29,30.494846,1.4948463439941406
2026-05-05,ST002,Bengaluru,SKU004,Dishwash Liquid 500ml,30,31.23024,1.2302398681640625
2026-05-06,ST002,Bengaluru,SKU004,Dishwash Liquid 500ml,25,30.860252,5.860252380371094
2026-05-07,ST002,Bengaluru,SKU004,Dishwash Liquid 500ml,30,29.734531,0.2654685974121094
2026-05-08,ST002,Bengaluru,SKU004,Dishwash Liquid 500ml,38,36.662434,1.3375663757324219
2026-05-09,ST002,Bengaluru,SKU004,Dishwash Liquid 500ml,27,34.768753,7.7687530517578125
2026-05-10,ST002,Bengaluru,SKU004,Dishwash Liquid 500ml,31,35.15992,4.159919738769531
2026-05-11,ST002,Bengaluru,SKU004,Dishwash Liquid 500ml,27,30.055325,3.0553245544433594
2026-05-12,ST002,Bengaluru,SKU004,Dishwash Liquid 500ml,28,29.731155,1.7311553955078125
2026-05-13,ST002,Bengaluru,SKU004,Dishwash Liquid 500ml,32,30.797981,1.2020187377929688
2026-05-14,ST002,Bengaluru,SKU004,Dishwash Liquid 500ml,32,37.957672,5.957672119140625
2026-05-15,ST002,Bengaluru,SKU004,Dishwash Liquid 500ml,48,38.21959,9.780410766601562
2026-05-16,ST002,Bengaluru,SKU004,Dishwash Liquid 500ml,30,35.14195,5.141948699951172
2026-05-17,ST002,Bengaluru,SKU004,Dishwash Liquid 500ml,25,34.592335,9.592334747314453
2026-05-18,ST002,Bengaluru,SKU004,Dishwash Liquid 500ml,28,29.572096,1.5720958709716797
2026-05-19,ST002,Bengaluru,SKU004,Dishwash Liquid 500ml,33,29.553535,3.4464645385742188
2026-05-20,ST002,Bengaluru,SKU004,Dishwash Liquid 500ml,27,28.980864,1.9808635711669922
2026-05-21,ST002,Bengaluru,SKU004,Dishwash Liquid 500ml,31,29.512598,1.4874019622802734
2026-05-22,ST002,Bengaluru,SKU004,Dishwash Liquid 500ml,32,28.804249,3.195751190185547
2026-05-23,ST002,Bengaluru,SKU004,Dishwash Liquid 500ml,29,33.814407,4.8144073486328125
2026-05-24,ST002,Bengaluru,SKU004,Dishwash Liquid 500ml,27,33.42897,6.4289703369140625
2026-05-25,ST002,Bengaluru,SKU004,Dishwash Liquid 500ml,40,37.36742,2.632579803466797
2026-05-26,ST002,Bengaluru,SKU004,Dishwash Liquid 500ml,40,38.89956,1.1004409790039062
2026-05-27,ST002,Bengaluru,SKU004,Dishwash Liquid 500ml,44,38.152706,5.847293853759766
2026-05-28,ST002,Bengaluru,SKU004,Dishwash Liquid 500ml,37,29.798023,7.201976776123047
2026-05-29,ST002,Bengaluru,SKU004,Dishwash Liquid 500ml,32,29.586142,2.413858413696289
2026-05-30,ST002,Bengaluru,SKU004,Dishwash Liquid 500ml,34,34.122387,0.12238693237304688
2026-05-31,ST002,Bengaluru,SKU004,Dishwash Liquid 500ml,33,33.01712,0.017120361328125
2026-06-01,ST002,Bengaluru,SKU004,Dishwash Liquid 500ml,26,29.689919,3.6899185180664062
2026-06-02,ST002,Bengaluru,SKU004,Dishwash Liquid 500ml,30,29.365772,0.6342277526855469
2026-06-03,ST002,Bengaluru,SKU004,Dishwash Liquid 500ml,36,30.48873,5.511270523071289
2026-06-04,ST002,Bengaluru,SKU004,Dishwash Liquid 500ml,31,30.8631,0.1368999481201172
2026-06-05,ST002,Bengaluru,SKU004,Dishwash Liquid 500ml,20,29.84121,9.841209411621094
2026-06-06,ST002,Bengaluru,SKU004,Dishwash Liquid 500ml,33,34.24923,1.2492294311523438
2026-06-07,ST002,Bengaluru,SKU004,Dishwash Liquid 500ml,41,34.07709,6.922908782958984
2026-06-08,ST002,Bengaluru,SKU004,Dishwash Liquid 500ml,26,30.429161,4.429161071777344
2026-06-09,ST002,Bengaluru,SKU004,Dishwash Liquid 500ml,28,30.417946,2.4179458618164062
2026-06-10,ST002,Bengaluru,SKU004,Dishwash Liquid 500ml,39,30.761824,8.238176345825195
2026-06-11,ST002,Bengaluru,SKU004,Dishwash Liquid 500ml,31,29.976936,1.0230636596679688
2026-06-12,ST002,Bengaluru,SKU004,Dishwash Liquid 500ml,23,39.833576,16.833576202392578
2026-06-13,ST002,Bengaluru,SKU004,Dishwash Liquid 500ml,31,33.93595,2.9359512329101562
2026-06-14,ST002,Bengaluru,SKU004,Dishwash Liquid 500ml,23,33.806698,10.806697845458984
2026-06-15,ST002,Bengaluru,SKU004,Dishwash Liquid 500ml,33,29.804907,3.1950931549072266
2026-06-16,ST002,Bengaluru,SKU004,Dishwash Liquid 500ml,35,36.75732,1.7573204040527344
2026-06-17,ST002,Bengaluru,SKU004,Dishwash Liquid 500ml,32,28.551374,3.4486255645751953
2026-06-18,ST002,Bengaluru,SKU004,Dishwash Liquid 500ml,25,29.537117,4.537117004394531
2026-06-19,ST002,Bengaluru,SKU004,Dishwash Liquid 500ml,34,30.355019,3.6449813842773438
2026-06-20,ST002,Bengaluru,SKU004,Dishwash Liquid 500ml,45,34.28323,10.71677017211914
2026-06-21,ST002,Bengaluru,SKU004,Dishwash Liquid 500ml,41,31.930231,9.069768905639648
2026-06-22,ST002,Bengaluru,SKU004,Dishwash Liquid 500ml,32,30.174107,1.8258934020996094
2026-06-23,ST002,Bengaluru,SKU004,Dishwash Liquid 500ml,22,29.693794,7.693794250488281
2026-06-24,ST002,Bengaluru,SKU004,Dishwash Liquid 500ml,36,30.005423,5.994577407836914
2026-06-25,ST002,Bengaluru,SKU004,Dishwash Liquid 500ml,23,30.470774,7.470773696899414
2026-06-26,ST002,Bengaluru,SKU004,Dishwash Liquid 500ml,24,29.118523,5.118522644042969
2026-06-27,ST002,Bengaluru,SKU004,Dishwash Liquid 500ml,39,32.33236,6.667640686035156
2026-06-28,ST002,Bengaluru,SKU004,Dishwash Liquid 500ml,28,35.803257,7.803256988525391
2026-06-29,ST002,Bengaluru,SKU004,Dishwash Liquid 500ml,29,36.277935,7.277935028076172
2026-06-30,ST002,Bengaluru,SKU004,Dishwash Liquid 500ml,32,29.775482,2.224517822265625
2026-07-01,ST002,Bengaluru,SKU004,Dishwash Liquid 500ml,31,29.94339,1.056610107421875
2026-07-02,ST002,Bengaluru,SKU004,Dishwash Liquid 500ml,23,30.098822,7.098821640014648
2026-07-03,ST002,Bengaluru,SKU004,Dishwash Liquid 500ml,27,30.914488,3.914487838745117
2026-07-04,ST002,Bengaluru,SKU004,Dishwash Liquid 500ml,43,34.173553,8.826446533203125
2026-07-05,ST002,Bengaluru,SKU004,Dishwash Liquid 500ml,37,35.355564,1.6444358825683594
2026-07-06,ST002,Bengaluru,SKU004,Dishwash Liquid 500ml,32,29.30414,2.695859909057617
2026-07-07,ST002,Bengaluru,SKU004,Dishwash Liquid 500ml,23,30.013884,7.013883590698242
2026-07-08,ST002,Bengaluru,SKU004,Dishwash Liquid 500ml,30,30.145702,0.14570236206054688
2026-07-09,ST002,Bengaluru,SKU004,Dishwash Liquid 500ml,31,29.17517,1.8248291015625
2026-07-10,ST002,Bengaluru,SKU004,Dishwash Liquid 500ml,33,30.247578,2.752422332763672
2026-07-11,ST002,Bengaluru,SKU004,Dishwash Liquid 500ml,35,33.49004,1.5099601745605469
2026-07-12,ST002,Bengaluru,SKU004,Dishwash Liquid 500ml,41,38.179054,2.8209457397460938
2026-07-13,ST002,Bengaluru,SKU004,Dishwash Liquid 500ml,42,30.871258,11.128742218017578
2026-07-14,ST002,Bengaluru,SKU004,Dishwash Liquid 500ml,36,29.967451,6.032548904418945
2026-07-15,ST002,Bengaluru,SKU004,Dishwash Liquid 500ml,37,30.077875,6.922124862670898
2026-07-16,ST002,Bengaluru,SKU004,Dishwash Liquid 500ml,34,30.678457,3.321542739868164
2026-07-17,ST002,Bengaluru,SKU004,Dishwash Liquid 500ml,26,30.048756,4.048755645751953
2026-07-18,ST002,Bengaluru,SKU004,Dishwash Liquid 500ml,29,35.778076,6.778076171875
2026-07-19,ST002,Bengaluru,SKU004,Dishwash Liquid 500ml,40,34.33849,5.661510467529297
2026-07-20,ST002,Bengaluru,SKU004,Dishwash Liquid 500ml,42,34.39116,7.6088409423828125
2026-07-21,ST002,Bengaluru,SKU004,Dishwash Liquid 500ml,26,30.925547,4.925546646118164
2026-07-22,ST002,Bengaluru,SKU004,Dishwash Liquid 500ml,29,30.176313,1.1763134002685547
2026-07-23,ST002,Bengaluru,SKU004,Dishwash Liquid 500ml,24,29.909548,5.909547805786133
2026-07-24,ST002,Bengaluru,SKU004,Dishwash Liquid 500ml,28,30.35539,2.3553905487060547
2026-07-25,ST002,Bengaluru,SKU004,Dishwash Liquid 500ml,37,36.3347,0.6652984619140625
2026-07-26,ST002,Bengaluru,SKU004,Dishwash Liquid 500ml,37,34.11635,2.8836517333984375
2026-07-27,ST002,Bengaluru,SKU004,Dishwash Liquid 500ml,34,29.937275,4.062725067138672
2026-07-28,ST002,Bengaluru,SKU004,Dishwash Liquid 500ml,30,29.781113,0.2188873291015625
2026-07-29,ST002,Bengaluru,SKU004,Dishwash Liquid 500ml,24,29.50071,5.500709533691406
2026-07-30,ST002,Bengaluru,SKU004,Dishwash Liquid 500ml,35,29.424025,5.57597541809082
2026-07-31,ST002,Bengaluru,SKU004,Dishwash Liquid 500ml,26,30.772024,4.772024154663086
2026-05-02,ST002,Bengaluru,SKU005,Instant Coffee 100g,28,24.460285,3.539714813232422
2026-05-03,ST002,Bengaluru,SKU005,Instant Coffee 100g,25,25.640863,0.6408634185791016
2026-05-04,ST002,Bengaluru,SKU005,Instant Coffee 100g,34,26.50938,7.490619659423828
2026-05-05,ST002,Bengaluru,SKU005,Instant Coffee 100g,19,22.429667,3.429666519165039
2026-05-06,ST002,Bengaluru,SKU005,Instant Coffee 100g,31,22.809433,8.190567016601562
2026-05-07,ST002,Bengaluru,SKU005,Instant Coffee 100g,28,21.577362,6.422637939453125
2026-05-08,ST002,Bengaluru,SKU005,Instant Coffee 100g,30,24.26591,5.734090805053711
2026-05-09,ST002,Bengaluru,SKU005,Instant Coffee 100g,22,25.446707,3.446706771850586
2026-05-10,ST002,Bengaluru,SKU005,Instant Coffee 100g,31,26.195082,4.80491828918457
2026-05-11,ST002,Bengaluru,SKU005,Instant Coffee 100g,19,23.14782,4.147819519042969
2026-05-12,ST002,Bengaluru,SKU005,Instant Coffee 100g,22,22.886814,0.8868141174316406
2026-05-13,ST002,Bengaluru,SKU005,Instant Coffee 100g,20,22.116858,2.1168575286865234
2026-05-14,ST002,Bengaluru,SKU005,Instant Coffee 100g,17,22.485846,5.485845565795898
2026-05-15,ST002,Bengaluru,SKU005,Instant Coffee 100g,34,21.605381,12.39461898803711
2026-05-16,ST002,Bengaluru,SKU005,Instant Coffee 100g,24,26.716959,2.716958999633789
2026-05-17,ST002,Bengaluru,SKU005,Instant Coffee 100g,27,25.484053,1.5159473419189453
2026-05-18,ST002,Bengaluru,SKU005,Instant Coffee 100g,24,23.286379,0.7136211395263672
2026-05-19,ST002,Bengaluru,SKU005,Instant Coffee 100g,21,27.73659,6.736589431762695
2026-05-20,ST002,Bengaluru,SKU005,Instant Coffee 100g,20,23.33371,3.333709716796875
2026-05-21,ST002,Bengaluru,SKU005,Instant Coffee 100g,22,23.850683,1.8506832122802734
2026-05-22,ST002,Bengaluru,SKU005,Instant Coffee 100g,18,22.270397,4.270397186279297
2026-05-23,ST002,Bengaluru,SKU005,Instant Coffee 100g,15,24.901005,9.901004791259766
2026-05-24,ST002,Bengaluru,SKU005,Instant Coffee 100g,18,25.351063,7.351062774658203
2026-05-25,ST002,Bengaluru,SKU005,Instant Coffee 100g,24,22.848076,1.1519241333007812
2026-05-26,ST002,Bengaluru,SKU005,Instant Coffee 100g,28,23.654284,4.34571647644043
2026-05-27,ST002,Bengaluru,SKU005,Instant Coffee 100g,22,25.219383,3.2193832397460938
2026-05-28,ST002,Bengaluru,SKU005,Instant Coffee 100g,19,24.18153,5.181529998779297
2026-05-29,ST002,Bengaluru,SKU005,Instant Coffee 100g,27,25.633993,1.366006851196289
2026-05-30,ST002,Bengaluru,SKU005,Instant Coffee 100g,21,26.644316,5.644315719604492
2026-05-31,ST002,Bengaluru,SKU005,Instant Coffee 100g,31,28.434084,2.565916061401367
2026-06-01,ST002,Bengaluru,SKU005,Instant Coffee 100g,17,23.294096,6.294095993041992
2026-06-02,ST002,Bengaluru,SKU005,Instant Coffee 100g,18,23.080032,5.0800323486328125
2026-06-03,ST002,Bengaluru,SKU005,Instant Coffee 100g,28,22.757284,5.242715835571289
2026-06-04,ST002,Bengaluru,SKU005,Instant Coffee 100g,25,24.071674,0.9283256530761719
2026-06-05,ST002,Bengaluru,SKU005,Instant Coffee 100g,27,22.285542,4.714458465576172
2026-06-06,ST002,Bengaluru,SKU005,Instant Coffee 100g,26,24.001328,1.9986724853515625
2026-06-07,ST002,Bengaluru,SKU005,Instant Coffee 100g,21,24.652624,3.6526241302490234
2026-06-08,ST002,Bengaluru,SKU005,Instant Coffee 100g,22,22.56334,0.5633392333984375
2026-06-09,ST002,Bengaluru,SKU005,Instant Coffee 100g,23,21.123802,1.8761978149414062
2026-06-10,ST002,Bengaluru,SKU005,Instant Coffee 100g,27,25.023006,1.9769935607910156
2026-06-11,ST002,Bengaluru,SKU005,Instant Coffee 100g,25,22.480642,2.519357681274414
2026-06-12,ST002,Bengaluru,SKU005,Instant Coffee 100g,17,23.041788,6.041788101196289
2026-06-13,ST002,Bengaluru,SKU005,Instant Coffee 100g,20,24.342583,4.342582702636719
2026-06-14,ST002,Bengaluru,SKU005,Instant Coffee 100g,28,23.976194,4.023805618286133
2026-06-15,ST002,Bengaluru,SKU005,Instant Coffee 100g,24,21.446062,2.5539379119873047
2026-06-16,ST002,Bengaluru,SKU005,Instant Coffee 100g,22,20.82607,1.173929214477539
2026-06-17,ST002,Bengaluru,SKU005,Instant Coffee 100g,23,21.030989,1.9690113067626953
2026-06-18,ST002,Bengaluru,SKU005,Instant Coffee 100g,24,22.077122,1.9228782653808594
2026-06-19,ST002,Bengaluru,SKU005,Instant Coffee 100g,12,22.518877,10.518877029418945
2026-06-20,ST002,Bengaluru,SKU005,Instant Coffee 100g,29,25.394163,3.605836868286133
2026-06-21,ST002,Bengaluru,SKU005,Instant Coffee 100g,31,26.568619,4.4313812255859375
2026-06-22,ST002,Bengaluru,SKU005,Instant Coffee 100g,19,23.448,4.447999954223633
2026-06-23,ST002,Bengaluru,SKU005,Instant Coffee 100g,17,22.79515,5.7951507568359375
2026-06-24,ST002,Bengaluru,SKU005,Instant Coffee 100g,15,21.809721,6.809720993041992
2026-06-25,ST002,Bengaluru,SKU005,Instant Coffee 100g,23,26.45561,3.4556102752685547
2026-06-26,ST002,Bengaluru,SKU005,Instant Coffee 100g,21,23.553892,2.553892135620117
2026-06-27,ST002,Bengaluru,SKU005,Instant Coffee 100g,23,24.648214,1.648214340209961
2026-06-28,ST002,Bengaluru,SKU005,Instant Coffee 100g,26,26.3903,0.3903007507324219
2026-06-29,ST002,Bengaluru,SKU005,Instant Coffee 100g,22,23.672506,1.672506332397461
2026-06-30,ST002,Bengaluru,SKU005,Instant Coffee 100g,17,25.275764,8.275764465332031
2026-07-01,ST002,Bengaluru,SKU005,Instant Coffee 100g,17,20.960846,3.960845947265625
2026-07-02,ST002,Bengaluru,SKU005,Instant Coffee 100g,21,22.416222,1.4162216186523438
2026-07-03,ST002,Bengaluru,SKU005,Instant Coffee 100g,21,22.570984,1.57098388671875
2026-07-04,ST002,Bengaluru,SKU005,Instant Coffee 100g,32,25.065372,6.934627532958984
2026-07-05,ST002,Bengaluru,SKU005,Instant Coffee 100g,30,31.620935,1.6209354400634766
2026-07-06,ST002,Bengaluru,SKU005,Instant Coffee 100g,12,22.503998,10.503997802734375
2026-07-07,ST002,Bengaluru,SKU005,Instant Coffee 100g,25,20.546564,4.453435897827148
2026-07-08,ST002,Bengaluru,SKU005,Instant Coffee 100g,16,21.394093,5.394092559814453
2026-07-09,ST002,Bengaluru,SKU005,Instant Coffee 100g,17,22.11666,5.116659164428711
2026-07-10,ST002,Bengaluru,SKU005,Instant Coffee 100g,22,21.758238,0.2417621612548828
2026-07-11,ST002,Bengaluru,SKU005,Instant Coffee 100g,19,22.309011,3.309011459350586
2026-07-12,ST002,Bengaluru,SKU005,Instant Coffee 100g,19,23.419472,4.419471740722656
2026-07-13,ST002,Bengaluru,SKU005,Instant Coffee 100g,17,22.882887,5.88288688659668
2026-07-14,ST002,Bengaluru,SKU005,Instant Coffee 100g,25,21.624489,3.3755111694335938
2026-07-15,ST002,Bengaluru,SKU005,Instant Coffee 100g,24,22.13179,1.8682098388671875
2026-07-16,ST002,Bengaluru,SKU005,Instant Coffee 100g,29,23.418165,5.58183479309082
2026-07-17,ST002,Bengaluru,SKU005,Instant Coffee 100g,30,22.362352,7.63764762878418
2026-07-18,ST002,Bengaluru,SKU005,Instant Coffee 100g,24,24.967377,0.967376708984375
2026-07-19,ST002,Bengaluru,SKU005,Instant Coffee 100g,34,24.258562,9.741437911987305
2026-07-20,ST002,Bengaluru,SKU005,Instant Coffee 100g,31,22.51292,8.487079620361328
2026-07-21,ST002,Bengaluru,SKU005,Instant Coffee 100g,18,20.436182,2.4361820220947266
2026-07-22,ST002,Bengaluru,SKU005,Instant Coffee 100g,29,21.395275,7.604724884033203
2026-07-23,ST002,Bengaluru,SKU005,Instant Coffee 100g,24,20.895346,3.104654312133789
2026-07-24,ST002,Bengaluru,SKU005,Instant Coffee 100g,31,22.525448,8.474552154541016
2026-07-25,ST002,Bengaluru,SKU005,Instant Coffee 100g,31,27.43916,3.560840606689453
2026-07-26,ST002,Bengaluru,SKU005,Instant Coffee 100g,29,26.907204,2.0927963256835938
2026-07-27,ST002,Bengaluru,SKU005,Instant Coffee 100g,26,21.198294,4.801706314086914
2026-07-28,ST002,Bengaluru,SKU005,Instant Coffee 100g,20,21.928164,1.9281635284423828
2026-07-29,ST002,Bengaluru,SKU005,Instant Coffee 100g,27,22.296312,4.70368766784668
2026-07-30,ST002,Bengaluru,SKU005,Instant Coffee 100g,20,23.598307,3.598306655883789
2026-07-31,ST002,Bengaluru,SKU005,Instant Coffee 100g,31,24.127544,6.872455596923828
2026-05-02,ST003,Mumbai,SKU001,Shampoo 340ml,38,29.350615,8.649385452270508
2026-05-03,ST003,Mumbai,SKU001,Shampoo 340ml,41,30.524748,10.475252151489258
2026-05-04,ST003,Mumbai,SKU001,Shampoo 340ml,26,25.998589,0.00141143798828125
2026-05-05,ST003,Mumbai,SKU001,Shampoo 340ml,30,27.007664,2.9923362731933594
2026-05-06,ST003,Mumbai,SKU001,Shampoo 340ml,25,26.711752,1.711751937866211
2026-05-07,ST003,Mumbai,SKU001,Shampoo 340ml,29,27.412127,1.5878734588623047
2026-05-08,ST003,Mumbai,SKU001,Shampoo 340ml,25,27.296625,2.2966251373291016
2026-05-09,ST003,Mumbai,SKU001,Shampoo 340ml,30,29.47348,0.526519775390625
2026-05-10,ST003,Mumbai,SKU001,Shampoo 340ml,27,29.545382,2.545381546020508
2026-05-11,ST003,Mumbai,SKU001,Shampoo 340ml,36,28.955946,7.04405403137207
2026-05-12,ST003,Mumbai,SKU001,Shampoo 340ml,18,25.802284,7.802284240722656
2026-05-13,ST003,Mumbai,SKU001,Shampoo 340ml,29,25.64978,3.3502197265625
2026-05-14,ST003,Mumbai,SKU001,Shampoo 340ml,31,26.44207,4.557929992675781
2026-05-15,ST003,Mumbai,SKU001,Shampoo 340ml,37,35.078304,1.9216957092285156
2026-05-16,ST003,Mumbai,SKU001,Shampoo 340ml,35,29.704588,5.295412063598633
2026-05-17,ST003,Mumbai,SKU001,Shampoo 340ml,33,29.388515,3.6114845275878906
2026-05-18,ST003,Mumbai,SKU001,Shampoo 340ml,32,25.80024,6.199760437011719
2026-05-19,ST003,Mumbai,SKU001,Shampoo 340ml,26,24.627392,1.3726081848144531
2026-05-20,ST003,Mumbai,SKU001,Shampoo 340ml,36,28.66695,7.333049774169922
2026-05-21,ST003,Mumbai,SKU001,Shampoo 340ml,30,26.244179,3.7558212280273438
2026-05-22,ST003,Mumbai,SKU001,Shampoo 340ml,48,31.62118,16.378820419311523
2026-05-23,ST003,Mumbai,SKU001,Shampoo 340ml,28,32.80419,4.804191589355469
2026-05-24,ST003,Mumbai,SKU001,Shampoo 340ml,31,32.244247,1.2442474365234375
2026-05-25,ST003,Mumbai,SKU001,Shampoo 340ml,21,26.637794,5.637794494628906
2026-05-26,ST003,Mumbai,SKU001,Shampoo 340ml,37,29.215458,7.784542083740234
2026-05-27,ST003,Mumbai,SKU001,Shampoo 340ml,34,32.443886,1.5561141967773438
2026-05-28,ST003,Mumbai,SKU001,Shampoo 340ml,24,26.919138,2.919137954711914
2026-05-29,ST003,Mumbai,SKU001,Shampoo 340ml,21,26.419039,5.419038772583008
2026-05-30,ST003,Mumbai,SKU001,Shampoo 340ml,25,31.780067,6.780067443847656
2026-05-31,ST003,Mumbai,SKU001,Shampoo 340ml,25,29.68332,4.683319091796875
2026-06-01,ST003,Mumbai,SKU001,Shampoo 340ml,32,27.229136,4.770864486694336
2026-06-02,ST003,Mumbai,SKU001,Shampoo 340ml,24,26.403906,2.4039058685302734
2026-06-03,ST003,Mumbai,SKU001,Shampoo 340ml,34,27.259956,6.740043640136719
2026-06-04,ST003,Mumbai,SKU001,Shampoo 340ml,36,34.147778,1.8522224426269531
2026-06-05,ST003,Mumbai,SKU001,Shampoo 340ml,32,26.726719,5.273281097412109
2026-06-06,ST003,Mumbai,SKU001,Shampoo 340ml,36,31.668772,4.331228256225586
2026-06-07,ST003,Mumbai,SKU001,Shampoo 340ml,26,29.092556,3.0925559997558594
2026-06-08,ST003,Mumbai,SKU001,Shampoo 340ml,25,28.141108,3.1411075592041016
2026-06-09,ST003,Mumbai,SKU001,Shampoo 340ml,22,26.80406,4.804059982299805
2026-06-10,ST003,Mumbai,SKU001,Shampoo 340ml,24,26.259825,2.259824752807617
2026-06-11,ST003,Mumbai,SKU001,Shampoo 340ml,28,27.184044,0.8159561157226562
2026-06-12,ST003,Mumbai,SKU001,Shampoo 340ml,17,27.677452,10.677452087402344
2026-06-13,ST003,Mumbai,SKU001,Shampoo 340ml,43,35.64647,7.3535308837890625
2026-06-14,ST003,Mumbai,SKU001,Shampoo 340ml,28,32.179142,4.179141998291016
2026-06-15,ST003,Mumbai,SKU001,Shampoo 340ml,21,26.964712,5.964712142944336
2026-06-16,ST003,Mumbai,SKU001,Shampoo 340ml,26,27.34867,1.3486690521240234
2026-06-17,ST003,Mumbai,SKU001,Shampoo 340ml,25,26.547464,1.547464370727539
2026-06-18,ST003,Mumbai,SKU001,Shampoo 340ml,28,25.64338,2.3566207885742188
2026-06-19,ST003,Mumbai,SKU001,Shampoo 340ml,33,26.545689,6.454311370849609
2026-06-20,ST003,Mumbai,SKU001,Shampoo 340ml,37,29.765547,7.234453201293945
2026-06-21,ST003,Mumbai,SKU001,Shampoo 340ml,23,28.990152,5.990152359008789
2026-06-22,ST003,Mumbai,SKU001,Shampoo 340ml,37,26.408098,10.591901779174805
2026-06-23,ST003,Mumbai,SKU001,Shampoo 340ml,17,24.854977,7.854976654052734
2026-06-24,ST003,Mumbai,SKU001,Shampoo 340ml,22,26.658707,4.6587066650390625
2026-06-25,ST003,Mumbai,SKU001,Shampoo 340ml,24,25.81952,1.8195209503173828
2026-06-26,ST003,Mumbai,SKU001,Shampoo 340ml,31,26.616974,4.383026123046875
2026-06-27,ST003,Mumbai,SKU001,Shampoo 340ml,36,30.67884,5.321159362792969
2026-06-28,ST003,Mumbai,SKU001,Shampoo 340ml,37,29.855804,7.144195556640625
2026-06-29,ST003,Mumbai,SKU001,Shampoo 340ml,27,27.199286,0.19928550720214844
2026-06-30,ST003,Mumbai,SKU001,Shampoo 340ml,17,25.63678,8.63677978515625
2026-07-01,ST003,Mumbai,SKU001,Shampoo 340ml,17,26.896662,9.896661758422852
2026-07-02,ST003,Mumbai,SKU001,Shampoo 340ml,36,25.494328,10.505672454833984
2026-07-03,ST003,Mumbai,SKU001,Shampoo 340ml,30,26.180536,3.8194637298583984
2026-07-04,ST003,Mumbai,SKU001,Shampoo 340ml,34,30.210861,3.7891387939453125
2026-07-05,ST003,Mumbai,SKU001,Shampoo 340ml,32,30.779425,1.2205753326416016
2026-07-06,ST003,Mumbai,SKU001,Shampoo 340ml,34,26.009714,7.990285873413086
2026-07-07,ST003,Mumbai,SKU001,Shampoo 340ml,25,25.522957,0.5229568481445312
2026-07-08,ST003,Mumbai,SKU001,Shampoo 340ml,20,26.38826,6.3882598876953125
2026-07-09,ST003,Mumbai,SKU001,Shampoo 340ml,23,25.53159,2.5315895080566406
2026-07-10,ST003,Mumbai,SKU001,Shampoo 340ml,28,26.79089,1.2091102600097656
2026-07-11,ST003,Mumbai,SKU001,Shampoo 340ml,28,29.887156,1.887155532836914
2026-07-12,ST003,Mumbai,SKU001,Shampoo 340ml,29,29.491203,0.49120330810546875
2026-07-13,ST003,Mumbai,SKU001,Shampoo 340ml,27,25.574146,1.4258537292480469
2026-07-14,ST003,Mumbai,SKU001,Shampoo 340ml,32,25.329704,6.670295715332031
2026-07-15,ST003,Mumbai,SKU001,Shampoo 340ml,27,25.572176,1.4278240203857422
2026-07-16,ST003,Mumbai,SKU001,Shampoo 340ml,28,25.348957,2.651042938232422
2026-07-17,ST003,Mumbai,SKU001,Shampoo 340ml,35,25.254293,9.745706558227539
2026-07-18,ST003,Mumbai,SKU001,Shampoo 340ml,21,27.959635,6.959634780883789
2026-07-19,ST003,Mumbai,SKU001,Shampoo 340ml,35,29.172222,5.827777862548828
2026-07-20,ST003,Mumbai,SKU001,Shampoo 340ml,23,25.07178,2.071779251098633
2026-07-21,ST003,Mumbai,SKU001,Shampoo 340ml,29,26.457212,2.542787551879883
2026-07-22,ST003,Mumbai,SKU001,Shampoo 340ml,21,25.087048,4.087047576904297
2026-07-23,ST003,Mumbai,SKU001,Shampoo 340ml,33,25.93595,7.064050674438477
2026-07-24,ST003,Mumbai,SKU001,Shampoo 340ml,25,25.781988,0.7819881439208984
2026-07-25,ST003,Mumbai,SKU001,Shampoo 340ml,25,29.066584,4.066583633422852
2026-07-26,ST003,Mumbai,SKU001,Shampoo 340ml,32,29.225594,2.7744064331054688
2026-07-27,ST003,Mumbai,SKU001,Shampoo 340ml,25,25.70954,0.7095394134521484
2026-07-28,ST003,Mumbai,SKU001,Shampoo 340ml,27,26.769913,0.2300872802734375
2026-07-29,ST003,Mumbai,SKU001,Shampoo 340ml,24,25.8994,1.8994007110595703
2026-07-30,ST003,Mumbai,SKU001,Shampoo 340ml,27,26.512594,0.48740577697753906
2026-07-31,ST003,Mumbai,SKU001,Shampoo 340ml,17,25.030266,8.030265808105469
2026-05-02,ST003,Mumbai,SKU002,Bath Soap 100g,37,49.86643,12.86642837524414
2026-05-03,ST003,Mumbai,SKU002,Bath Soap 100g,46,50.948433,4.948432922363281
2026-05-04,ST003,Mumbai,SKU002,Bath Soap 100g,45,44.498207,0.5017929077148438
2026-05-05,ST003,Mumbai,SKU002,Bath Soap 100g,47,45.623447,1.3765525817871094
2026-05-06,ST003,Mumbai,SKU002,Bath Soap 100g,45,45.638798,0.6387977600097656
2026-05-07,ST003,Mumbai,SKU002,Bath Soap 100g,38,45.43407,7.434070587158203
2026-05-08,ST003,Mumbai,SKU002,Bath Soap 100g,54,45.813744,8.186256408691406
2026-05-09,ST003,Mumbai,SKU002,Bath Soap 100g,62,51.674194,10.3258056640625
2026-05-10,ST003,Mumbai,SKU002,Bath Soap 100g,61,61.189796,0.18979644775390625
2026-05-11,ST003,Mumbai,SKU002,Bath Soap 100g,54,48.978508,5.021492004394531
2026-05-12,ST003,Mumbai,SKU002,Bath Soap 100g,54,62.22658,8.226581573486328
2026-05-13,ST003,Mumbai,SKU002,Bath Soap 100g,37,46.15124,9.151241302490234
2026-05-14,ST003,Mumbai,SKU002,Bath Soap 100g,57,56.77721,0.22278976440429688
2026-05-15,ST003,Mumbai,SKU002,Bath Soap 100g,53,45.52752,7.472480773925781
2026-05-16,ST003,Mumbai,SKU002,Bath Soap 100g,47,52.55577,5.5557708740234375
2026-05-17,ST003,Mumbai,SKU002,Bath Soap 100g,56,51.250053,4.749946594238281
2026-05-18,ST003,Mumbai,SKU002,Bath Soap 100g,52,60.91671,8.916709899902344
2026-05-19,ST003,Mumbai,SKU002,Bath Soap 100g,57,47.467106,9.532894134521484
2026-05-20,ST003,Mumbai,SKU002,Bath Soap 100g,53,46.887367,6.112632751464844
2026-05-21,ST003,Mumbai,SKU002,Bath Soap 100g,35,46.756733,11.756732940673828
2026-05-22,ST003,Mumbai,SKU002,Bath Soap 100g,47,46.499043,0.5009574890136719
2026-05-23,ST003,Mumbai,SKU002,Bath Soap 100g,62,54.29591,7.704090118408203
2026-05-24,ST003,Mumbai,SKU002,Bath Soap 100g,60,53.432423,6.567577362060547
2026-05-25,ST003,Mumbai,SKU002,Bath Soap 100g,56,59.299843,3.2998428344726562
2026-05-26,ST003,Mumbai,SKU002,Bath Soap 100g,50,46.23126,3.7687416076660156
2026-05-27,ST003,Mumbai,SKU002,Bath Soap 100g,52,44.7946,7.2053985595703125
2026-05-28,ST003,Mumbai,SKU002,Bath Soap 100g,42,49.086437,7.086437225341797
2026-05-29,ST003,Mumbai,SKU002,Bath Soap 100g,50,45.45225,4.547748565673828
2026-05-30,ST003,Mumbai,SKU002,Bath Soap 100g,54,51.83907,2.160930633544922
2026-05-31,ST003,Mumbai,SKU002,Bath Soap 100g,39,47.37847,8.378471374511719
2026-06-01,ST003,Mumbai,SKU002,Bath Soap 100g,55,46.623882,8.376117706298828
2026-06-02,ST003,Mumbai,SKU002,Bath Soap 100g,39,50.51872,11.518718719482422
2026-06-03,ST003,Mumbai,SKU002,Bath Soap 100g,47,44.472996,2.5270042419433594
2026-06-04,ST003,Mumbai,SKU002,Bath Soap 100g,38,44.25154,6.2515411376953125
2026-06-05,ST003,Mumbai,SKU002,Bath Soap 100g,44,44.215534,0.21553421020507812
2026-06-06,ST003,Mumbai,SKU002,Bath Soap 100g,49,53.01693,4.016929626464844
2026-06-07,ST003,Mumbai,SKU002,Bath Soap 100g,56,54.635857,1.3641433715820312
2026-06-08,ST003,Mumbai,SKU002,Bath Soap 100g,38,47.270657,9.27065658569336
2026-06-09,ST003,Mumbai,SKU002,Bath Soap 100g,54,47.393246,6.606754302978516
2026-06-10,ST003,Mumbai,SKU002,Bath Soap 100g,38,45.642807,7.6428070068359375
2026-06-11,ST003,Mumbai,SKU002,Bath Soap 100g,47,52.681957,5.681957244873047
2026-06-12,ST003,Mumbai,SKU002,Bath Soap 100g,46,45.618534,0.3814659118652344
2026-06-13,ST003,Mumbai,SKU002,Bath Soap 100g,58,52.20326,5.796741485595703
2026-06-14,ST003,Mumbai,SKU002,Bath Soap 100g,51,54.064014,3.064014434814453
2026-06-15,ST003,Mumbai,SKU002,Bath Soap 100g,54,45.172592,8.827407836914062
2026-06-16,ST003,Mumbai,SKU002,Bath Soap 100g,59,46.56274,12.437259674072266
2026-06-17,ST003,Mumbai,SKU002,Bath Soap 100g,52,50.99003,1.0099716186523438
2026-06-18,ST003,Mumbai,SKU002,Bath Soap 100g,60,60.80654,0.8065414428710938
2026-06-19,ST003,Mumbai,SKU002,Bath Soap 100g,43,43.40395,0.4039497375488281
2026-06-20,ST003,Mumbai,SKU002,Bath Soap 100g,68,52.1614,15.838600158691406
2026-06-21,ST003,Mumbai,SKU002,Bath Soap 100g,51,59.164845,8.164844512939453
2026-06-22,ST003,Mumbai,SKU002,Bath Soap 100g,56,44.70489,11.295108795166016
2026-06-23,ST003,Mumbai,SKU002,Bath Soap 100g,52,43.860645,8.139354705810547
2026-06-24,ST003,Mumbai,SKU002,Bath Soap 100g,44,42.057384,1.9426155090332031
2026-06-25,ST003,Mumbai,SKU002,Bath Soap 100g,57,45.360764,11.639236450195312
2026-06-26,ST003,Mumbai,SKU002,Bath Soap 100g,45,47.494537,2.494537353515625
2026-06-27,ST003,Mumbai,SKU002,Bath Soap 100g,48,51.676025,3.676025390625
2026-06-28,ST003,Mumbai,SKU002,Bath Soap 100g,54,53.065445,0.9345550537109375
2026-06-29,ST003,Mumbai,SKU002,Bath Soap 100g,38,46.45194,8.45193862915039
2026-06-30,ST003,Mumbai,SKU002,Bath Soap 100g,42,44.550343,2.550342559814453
2026-07-01,ST003,Mumbai,SKU002,Bath Soap 100g,68,46.079136,21.92086410522461
2026-07-02,ST003,Mumbai,SKU002,Bath Soap 100g,38,43.45525,5.455249786376953
2026-07-03,ST003,Mumbai,SKU002,Bath Soap 100g,44,46.830486,2.830486297607422
2026-07-04,ST003,Mumbai,SKU002,Bath Soap 100g,36,54.38618,18.386180877685547
2026-07-05,ST003,Mumbai,SKU002,Bath Soap 100g,59,52.79531,6.204689025878906
2026-07-06,ST003,Mumbai,SKU002,Bath Soap 100g,53,51.576054,1.4239463806152344
2026-07-07,ST003,Mumbai,SKU002,Bath Soap 100g,58,48.931778,9.068222045898438
2026-07-08,ST003,Mumbai,SKU002,Bath Soap 100g,44,45.61791,1.6179084777832031
2026-07-09,ST003,Mumbai,SKU002,Bath Soap 100g,47,46.74315,0.2568511962890625
2026-07-10,ST003,Mumbai,SKU002,Bath Soap 100g,53,46.39474,6.605258941650391
2026-07-11,ST003,Mumbai,SKU002,Bath Soap 100g,51,54.471924,3.471923828125
2026-07-12,ST003,Mumbai,SKU002,Bath Soap 100g,45,49.054344,4.054344177246094
2026-07-13,ST003,Mumbai,SKU002,Bath Soap 100g,33,45.62366,12.623661041259766
2026-07-14,ST003,Mumbai,SKU002,Bath Soap 100g,37,45.291576,8.291576385498047
2026-07-15,ST003,Mumbai,SKU002,Bath Soap 100g,52,45.584423,6.415576934814453
2026-07-16,ST003,Mumbai,SKU002,Bath Soap 100g,38,49.436428,11.43642807006836
2026-07-17,ST003,Mumbai,SKU002,Bath Soap 100g,46,45.045803,0.9541969299316406
2026-07-18,ST003,Mumbai,SKU002,Bath Soap 100g,50,51.487675,1.4876747131347656
2026-07-19,ST003,Mumbai,SKU002,Bath Soap 100g,65,52.09129,12.908710479736328
2026-07-20,ST003,Mumbai,SKU002,Bath Soap 100g,36,46.884663,10.884662628173828
2026-07-21,ST003,Mumbai,SKU002,Bath Soap 100g,56,53.360676,2.639324188232422
2026-07-22,ST003,Mumbai,SKU002,Bath Soap 100g,41,45.870834,4.8708343505859375
2026-07-23,ST003,Mumbai,SKU002,Bath Soap 100g,44,45.19868,1.1986808776855469
2026-07-24,ST003,Mumbai,SKU002,Bath Soap 100g,47,45.679764,1.3202362060546875
2026-07-25,ST003,Mumbai,SKU002,Bath Soap 100g,58,52.82891,5.171089172363281
2026-07-26,ST003,Mumbai,SKU002,Bath Soap 100g,56,50.6129,5.3871002197265625
2026-07-27,ST003,Mumbai,SKU002,Bath Soap 100g,54,47.218224,6.781776428222656
2026-07-28,ST003,Mumbai,SKU002,Bath Soap 100g,40,46.684982,6.6849822998046875
2026-07-29,ST003,Mumbai,SKU002,Bath Soap 100g,45,44.46754,0.5324592590332031
2026-07-30,ST003,Mumbai,SKU002,Bath Soap 100g,37,46.180206,9.180206298828125
2026-07-31,ST003,Mumbai,SKU002,Bath Soap 100g,46,45.41358,0.5864181518554688
2026-05-02,ST003,Mumbai,SKU003,Laundry Detergent 1kg,52,50.79092,1.2090797424316406
2026-05-03,ST003,Mumbai,SKU003,Laundry Detergent 1kg,44,41.896523,2.1034774780273438
2026-05-04,ST003,Mumbai,SKU003,Laundry Detergent 1kg,29,37.78822,8.788219451904297
2026-05-05,ST003,Mumbai,SKU003,Laundry Detergent 1kg,36,37.98718,1.9871788024902344
2026-05-06,ST003,Mumbai,SKU003,Laundry Detergent 1kg,34,36.79732,2.797321319580078
2026-05-07,ST003,Mumbai,SKU003,Laundry Detergent 1kg,28,37.282383,9.28238296508789
2026-05-08,ST003,Mumbai,SKU003,Laundry Detergent 1kg,35,38.205288,3.2052879333496094
2026-05-09,ST003,Mumbai,SKU003,Laundry Detergent 1kg,45,37.834938,7.165061950683594
2026-05-10,ST003,Mumbai,SKU003,Laundry Detergent 1kg,43,40.51483,2.48516845703125
2026-05-11,ST003,Mumbai,SKU003,Laundry Detergent 1kg,37,35.44452,1.55548095703125
2026-05-12,ST003,Mumbai,SKU003,Laundry Detergent 1kg,38,36.500607,1.4993934631347656
2026-05-13,ST003,Mumbai,SKU003,Laundry Detergent 1kg,44,36.377193,7.622806549072266
2026-05-14,ST003,Mumbai,SKU003,Laundry Detergent 1kg,36,40.21663,4.2166290283203125
2026-05-15,ST003,Mumbai,SKU003,Laundry Detergent 1kg,35,35.99029,0.9902915954589844
2026-05-16,ST003,Mumbai,SKU003,Laundry Detergent 1kg,60,54.668068,5.331932067871094
2026-05-17,ST003,Mumbai,SKU003,Laundry Detergent 1kg,40,41.633514,1.633514404296875
2026-05-18,ST003,Mumbai,SKU003,Laundry Detergent 1kg,40,36.23748,3.7625198364257812
2026-05-19,ST003,Mumbai,SKU003,Laundry Detergent 1kg,37,35.611065,1.3889350891113281
2026-05-20,ST003,Mumbai,SKU003,Laundry Detergent 1kg,42,35.86011,6.139888763427734
2026-05-21,ST003,Mumbai,SKU003,Laundry Detergent 1kg,32,35.9166,3.9165992736816406
2026-05-22,ST003,Mumbai,SKU003,Laundry Detergent 1kg,38,37.100143,0.8998565673828125
2026-05-23,ST003,Mumbai,SKU003,Laundry Detergent 1kg,29,41.659634,12.65963363647461
2026-05-24,ST003,Mumbai,SKU003,Laundry Detergent 1kg,35,43.698593,8.698593139648438
2026-05-25,ST003,Mumbai,SKU003,Laundry Detergent 1kg,29,35.80104,6.8010406494140625
2026-05-26,ST003,Mumbai,SKU003,Laundry Detergent 1kg,44,37.312675,6.687324523925781
2026-05-27,ST003,Mumbai,SKU003,Laundry Detergent 1kg,47,45.400944,1.5990562438964844
2026-05-28,ST003,Mumbai,SKU003,Laundry Detergent 1kg,44,37.255085,6.744915008544922
2026-05-29,ST003,Mumbai,SKU003,Laundry Detergent 1kg,24,36.796314,12.796314239501953
2026-05-30,ST003,Mumbai,SKU003,Laundry Detergent 1kg,57,45.757248,11.242752075195312
2026-05-31,ST003,Mumbai,SKU003,Laundry Detergent 1kg,43,45.427925,2.4279251098632812
2026-06-01,ST003,Mumbai,SKU003,Laundry Detergent 1kg,44,37.15619,6.84381103515625
2026-06-02,ST003,Mumbai,SKU003,Laundry Detergent 1kg,38,33.973602,4.026397705078125
2026-06-03,ST003,Mumbai,SKU003,Laundry Detergent 1kg,42,36.143467,5.856533050537109
2026-06-04,ST003,Mumbai,SKU003,Laundry Detergent 1kg,38,36.088078,1.9119224548339844
2026-06-05,ST003,Mumbai,SKU003,Laundry Detergent 1kg,35,38.925915,3.925914764404297
2026-06-06,ST003,Mumbai,SKU003,Laundry Detergent 1kg,42,40.263443,1.7365570068359375
2026-06-07,ST003,Mumbai,SKU003,Laundry Detergent 1kg,57,55.463593,1.536407470703125
2026-06-08,ST003,Mumbai,SKU003,Laundry Detergent 1kg,45,38.12727,6.872730255126953
2026-06-09,ST003,Mumbai,SKU003,Laundry Detergent 1kg,37,35.07427,1.9257316589355469
2026-06-10,ST003,Mumbai,SKU003,Laundry Detergent 1kg,39,36.52408,2.475921630859375
2026-06-11,ST003,Mumbai,SKU003,Laundry Detergent 1kg,38,37.517006,0.48299407958984375
2026-06-12,ST003,Mumbai,SKU003,Laundry Detergent 1kg,40,38.285065,1.714935302734375
2026-06-13,ST003,Mumbai,SKU003,Laundry Detergent 1kg,38,43.709015,5.709014892578125
2026-06-14,ST003,Mumbai,SKU003,Laundry Detergent 1kg,37,41.506073,4.506072998046875
2026-06-15,ST003,Mumbai,SKU003,Laundry Detergent 1kg,44,41.576057,2.4239425659179688
2026-06-16,ST003,Mumbai,SKU003,Laundry Detergent 1kg,36,38.552345,2.5523452758789062
2026-06-17,ST003,Mumbai,SKU003,Laundry Detergent 1kg,24,38.710567,14.710567474365234
2026-06-18,ST003,Mumbai,SKU003,Laundry Detergent 1kg,40,35.28004,4.719959259033203
2026-06-19,ST003,Mumbai,SKU003,Laundry Detergent 1kg,38,37.309265,0.69073486328125
2026-06-20,ST003,Mumbai,SKU003,Laundry Detergent 1kg,42,43.288853,1.2888526916503906
2026-06-21,ST003,Mumbai,SKU003,Laundry Detergent 1kg,37,43.525402,6.525402069091797
2026-06-22,ST003,Mumbai,SKU003,Laundry Detergent 1kg,41,38.376373,2.623626708984375
2026-06-23,ST003,Mumbai,SKU003,Laundry Detergent 1kg,35,35.405033,0.4050331115722656
2026-06-24,ST003,Mumbai,SKU003,Laundry Detergent 1kg,35,42.95962,7.959621429443359
2026-06-25,ST003,Mumbai,SKU003,Laundry Detergent 1kg,39,37.54703,1.4529685974121094
2026-06-26,ST003,Mumbai,SKU003,Laundry Detergent 1kg,34,38.338856,4.338855743408203
2026-06-27,ST003,Mumbai,SKU003,Laundry Detergent 1kg,45,45.10634,0.1063385009765625
2026-06-28,ST003,Mumbai,SKU003,Laundry Detergent 1kg,52,45.82653,6.173469543457031
2026-06-29,ST003,Mumbai,SKU003,Laundry Detergent 1kg,48,37.589108,10.410892486572266
2026-06-30,ST003,Mumbai,SKU003,Laundry Detergent 1kg,35,37.259666,2.2596664428710938
2026-07-01,ST003,Mumbai,SKU003,Laundry Detergent 1kg,30,39.53823,9.538230895996094
2026-07-02,ST003,Mumbai,SKU003,Laundry Detergent 1kg,39,37.168133,1.8318672180175781
2026-07-03,ST003,Mumbai,SKU003,Laundry Detergent 1kg,25,37.525753,12.525753021240234
2026-07-04,ST003,Mumbai,SKU003,Laundry Detergent 1kg,62,51.84758,10.152420043945312
2026-07-05,ST003,Mumbai,SKU003,Laundry Detergent 1kg,47,43.409363,3.59063720703125
2026-07-06,ST003,Mumbai,SKU003,Laundry Detergent 1kg,37,36.117855,0.8821449279785156
2026-07-07,ST003,Mumbai,SKU003,Laundry Detergent 1kg,37,35.12973,1.870269775390625
2026-07-08,ST003,Mumbai,SKU003,Laundry Detergent 1kg,42,35.088097,6.911903381347656
2026-07-09,ST003,Mumbai,SKU003,Laundry Detergent 1kg,48,45.0446,2.9553985595703125
2026-07-10,ST003,Mumbai,SKU003,Laundry Detergent 1kg,29,35.813667,6.813667297363281
2026-07-11,ST003,Mumbai,SKU003,Laundry Detergent 1kg,43,41.282974,1.7170257568359375
2026-07-12,ST003,Mumbai,SKU003,Laundry Detergent 1kg,44,43.372055,0.6279449462890625
2026-07-13,ST003,Mumbai,SKU003,Laundry Detergent 1kg,30,35.53558,5.535579681396484
2026-07-14,ST003,Mumbai,SKU003,Laundry Detergent 1kg,37,38.32097,1.3209686279296875
2026-07-15,ST003,Mumbai,SKU003,Laundry Detergent 1kg,36,39.501774,3.5017738342285156
2026-07-16,ST003,Mumbai,SKU003,Laundry Detergent 1kg,30,35.238056,5.238056182861328
2026-07-17,ST003,Mumbai,SKU003,Laundry Detergent 1kg,27,36.415665,9.415664672851562
2026-07-18,ST003,Mumbai,SKU003,Laundry Detergent 1kg,44,44.385784,0.3857841491699219
2026-07-19,ST003,Mumbai,SKU003,Laundry Detergent 1kg,43,42.339756,0.6602439880371094
2026-07-20,ST003,Mumbai,SKU003,Laundry Detergent 1kg,37,37.2213,0.2212982177734375
2026-07-21,ST003,Mumbai,SKU003,Laundry Detergent 1kg,36,36.118507,0.11850738525390625
2026-07-22,ST003,Mumbai,SKU003,Laundry Detergent 1kg,41,36.794064,4.205936431884766
2026-07-23,ST003,Mumbai,SKU003,Laundry Detergent 1kg,35,37.082405,2.0824050903320312
2026-07-24,ST003,Mumbai,SKU003,Laundry Detergent 1kg,32,35.669823,3.6698226928710938
2026-07-25,ST003,Mumbai,SKU003,Laundry Detergent 1kg,32,43.61452,11.614521026611328
2026-07-26,ST003,Mumbai,SKU003,Laundry Detergent 1kg,48,42.92588,5.074119567871094
2026-07-27,ST003,Mumbai,SKU003,Laundry Detergent 1kg,42,36.041622,5.958377838134766
2026-07-28,ST003,Mumbai,SKU003,Laundry Detergent 1kg,38,36.336807,1.6631927490234375
2026-07-29,ST003,Mumbai,SKU003,Laundry Detergent 1kg,38,35.368614,2.6313858032226562
2026-07-30,ST003,Mumbai,SKU003,Laundry Detergent 1kg,30,35.977566,5.977565765380859
2026-07-31,ST003,Mumbai,SKU003,Laundry Detergent 1kg,27,36.51964,9.519641876220703
2026-05-02,ST003,Mumbai,SKU004,Dishwash Liquid 500ml,35,36.04638,1.0463790893554688
2026-05-03,ST003,Mumbai,SKU004,Dishwash Liquid 500ml,35,34.911003,0.08899688720703125
2026-05-04,ST003,Mumbai,SKU004,Dishwash Liquid 500ml,33,32.537937,0.4620628356933594
2026-05-05,ST003,Mumbai,SKU004,Dishwash Liquid 500ml,28,31.306276,3.306276321411133
2026-05-06,ST003,Mumbai,SKU004,Dishwash Liquid 500ml,28,32.048653,4.048652648925781
2026-05-07,ST003,Mumbai,SKU004,Dishwash Liquid 500ml,30,32.504242,2.504241943359375
2026-05-08,ST003,Mumbai,SKU004,Dishwash Liquid 500ml,34,31.090847,2.9091529846191406
2026-05-09,ST003,Mumbai,SKU004,Dishwash Liquid 500ml,39,35.62819,3.3718109130859375
2026-05-10,ST003,Mumbai,SKU004,Dishwash Liquid 500ml,47,42.0926,4.907398223876953
2026-05-11,ST003,Mumbai,SKU004,Dishwash Liquid 500ml,39,32.328075,6.671924591064453
2026-05-12,ST003,Mumbai,SKU004,Dishwash Liquid 500ml,33,32.731064,0.2689361572265625
2026-05-13,ST003,Mumbai,SKU004,Dishwash Liquid 500ml,46,30.795002,15.204998016357422
2026-05-14,ST003,Mumbai,SKU004,Dishwash Liquid 500ml,25,31.986437,6.98643684387207
2026-05-15,ST003,Mumbai,SKU004,Dishwash Liquid 500ml,28,30.08956,2.089559555053711
2026-05-16,ST003,Mumbai,SKU004,Dishwash Liquid 500ml,27,35.95192,8.951919555664062
2026-05-17,ST003,Mumbai,SKU004,Dishwash Liquid 500ml,33,33.801434,0.8014335632324219
2026-05-18,ST003,Mumbai,SKU004,Dishwash Liquid 500ml,35,30.590483,4.409517288208008
2026-05-19,ST003,Mumbai,SKU004,Dishwash Liquid 500ml,26,31.170683,5.170682907104492
2026-05-20,ST003,Mumbai,SKU004,Dishwash Liquid 500ml,24,29.884111,5.884111404418945
2026-05-21,ST003,Mumbai,SKU004,Dishwash Liquid 500ml,24,30.71393,6.713930130004883
2026-05-22,ST003,Mumbai,SKU004,Dishwash Liquid 500ml,20,30.506397,10.506397247314453
2026-05-23,ST003,Mumbai,SKU004,Dishwash Liquid 500ml,31,35.04767,4.04766845703125
2026-05-24,ST003,Mumbai,SKU004,Dishwash Liquid 500ml,46,41.665005,4.334995269775391
2026-05-25,ST003,Mumbai,SKU004,Dishwash Liquid 500ml,33,29.877527,3.1224727630615234
2026-05-26,ST003,Mumbai,SKU004,Dishwash Liquid 500ml,28,31.08897,3.088970184326172
2026-05-27,ST003,Mumbai,SKU004,Dishwash Liquid 500ml,28,32.159832,4.159832000732422
2026-05-28,ST003,Mumbai,SKU004,Dishwash Liquid 500ml,34,31.35088,2.649120330810547
2026-05-29,ST003,Mumbai,SKU004,Dishwash Liquid 500ml,25,30.251133,5.251132965087891
2026-05-30,ST003,Mumbai,SKU004,Dishwash Liquid 500ml,43,35.617466,7.382534027099609
2026-05-31,ST003,Mumbai,SKU004,Dishwash Liquid 500ml,29,32.19198,3.1919784545898438
2026-06-01,ST003,Mumbai,SKU004,Dishwash Liquid 500ml,39,29.639494,9.360506057739258
2026-06-02,ST003,Mumbai,SKU004,Dishwash Liquid 500ml,23,32.14965,9.149650573730469
2026-06-03,ST003,Mumbai,SKU004,Dishwash Liquid 500ml,41,30.52471,10.475290298461914
2026-06-04,ST003,Mumbai,SKU004,Dishwash Liquid 500ml,28,30.477524,2.4775238037109375
2026-06-05,ST003,Mumbai,SKU004,Dishwash Liquid 500ml,45,31.975708,13.0242919921875
2026-06-06,ST003,Mumbai,SKU004,Dishwash Liquid 500ml,30,34.446312,4.446311950683594
2026-06-07,ST003,Mumbai,SKU004,Dishwash Liquid 500ml,28,36.16425,8.164249420166016
2026-06-08,ST003,Mumbai,SKU004,Dishwash Liquid 500ml,28,31.22794,3.2279396057128906
2026-06-09,ST003,Mumbai,SKU004,Dishwash Liquid 500ml,38,31.649529,6.350471496582031
2026-06-10,ST003,Mumbai,SKU004,Dishwash Liquid 500ml,35,28.861134,6.138866424560547
2026-06-11,ST003,Mumbai,SKU004,Dishwash Liquid 500ml,41,30.232046,10.767953872680664
2026-06-12,ST003,Mumbai,SKU004,Dishwash Liquid 500ml,42,38.426826,3.5731735229492188
2026-06-13,ST003,Mumbai,SKU004,Dishwash Liquid 500ml,31,33.130154,2.1301536560058594
2026-06-14,ST003,Mumbai,SKU004,Dishwash Liquid 500ml,24,33.626953,9.626953125
2026-06-15,ST003,Mumbai,SKU004,Dishwash Liquid 500ml,25,30.546215,5.546215057373047
2026-06-16,ST003,Mumbai,SKU004,Dishwash Liquid 500ml,28,31.372232,3.372232437133789
2026-06-17,ST003,Mumbai,SKU004,Dishwash Liquid 500ml,21,30.817106,9.817106246948242
2026-06-18,ST003,Mumbai,SKU004,Dishwash Liquid 500ml,32,30.247044,1.7529563903808594
2026-06-19,ST003,Mumbai,SKU004,Dishwash Liquid 500ml,26,31.065691,5.065690994262695
2026-06-20,ST003,Mumbai,SKU004,Dishwash Liquid 500ml,38,34.90636,3.093639373779297
2026-06-21,ST003,Mumbai,SKU004,Dishwash Liquid 500ml,44,38.054436,5.945564270019531
2026-06-22,ST003,Mumbai,SKU004,Dishwash Liquid 500ml,28,31.045446,3.0454463958740234
2026-06-23,ST003,Mumbai,SKU004,Dishwash Liquid 500ml,29,30.42329,1.4232902526855469
2026-06-24,ST003,Mumbai,SKU004,Dishwash Liquid 500ml,40,37.23013,2.7698707580566406
2026-06-25,ST003,Mumbai,SKU004,Dishwash Liquid 500ml,31,30.284746,0.7152538299560547
2026-06-26,ST003,Mumbai,SKU004,Dishwash Liquid 500ml,38,31.560822,6.439178466796875
2026-06-27,ST003,Mumbai,SKU004,Dishwash Liquid 500ml,41,33.608418,7.391582489013672
2026-06-28,ST003,Mumbai,SKU004,Dishwash Liquid 500ml,32,35.006172,3.0061721801757812
2026-06-29,ST003,Mumbai,SKU004,Dishwash Liquid 500ml,39,31.546595,7.453405380249023
2026-06-30,ST003,Mumbai,SKU004,Dishwash Liquid 500ml,38,27.862171,10.137828826904297
2026-07-01,ST003,Mumbai,SKU004,Dishwash Liquid 500ml,27,32.22186,5.221858978271484
2026-07-02,ST003,Mumbai,SKU004,Dishwash Liquid 500ml,39,31.536423,7.4635772705078125
2026-07-03,ST003,Mumbai,SKU004,Dishwash Liquid 500ml,28,31.598465,3.5984649658203125
2026-07-04,ST003,Mumbai,SKU004,Dishwash Liquid 500ml,33,35.73219,2.732189178466797
2026-07-05,ST003,Mumbai,SKU004,Dishwash Liquid 500ml,35,35.75861,0.7586097717285156
2026-07-06,ST003,Mumbai,SKU004,Dishwash Liquid 500ml,30,30.691765,0.6917648315429688
2026-07-07,ST003,Mumbai,SKU004,Dishwash Liquid 500ml,29,31.557457,2.5574569702148438
2026-07-08,ST003,Mumbai,SKU004,Dishwash Liquid 500ml,35,32.049408,2.950592041015625
2026-07-09,ST003,Mumbai,SKU004,Dishwash Liquid 500ml,32,29.542744,2.457256317138672
2026-07-10,ST003,Mumbai,SKU004,Dishwash Liquid 500ml,38,31.61782,6.382179260253906
2026-07-11,ST003,Mumbai,SKU004,Dishwash Liquid 500ml,52,43.44631,8.553691864013672
2026-07-12,ST003,Mumbai,SKU004,Dishwash Liquid 500ml,33,36.670124,3.670124053955078
2026-07-13,ST003,Mumbai,SKU004,Dishwash Liquid 500ml,31,31.287027,0.28702735900878906
2026-07-14,ST003,Mumbai,SKU004,Dishwash Liquid 500ml,36,31.431913,4.568086624145508
2026-07-15,ST003,Mumbai,SKU004,Dishwash Liquid 500ml,35,31.295496,3.7045040130615234
2026-07-16,ST003,Mumbai,SKU004,Dishwash Liquid 500ml,38,30.801935,7.198064804077148
2026-07-17,ST003,Mumbai,SKU004,Dishwash Liquid 500ml,26,33.80225,7.802249908447266
2026-07-18,ST003,Mumbai,SKU004,Dishwash Liquid 500ml,37,36.23134,0.7686614990234375
2026-07-19,ST003,Mumbai,SKU004,Dishwash Liquid 500ml,38,35.482628,2.5173721313476562
2026-07-20,ST003,Mumbai,SKU004,Dishwash Liquid 500ml,33,31.040037,1.9599628448486328
2026-07-21,ST003,Mumbai,SKU004,Dishwash Liquid 500ml,25,31.288416,6.288415908813477
2026-07-22,ST003,Mumbai,SKU004,Dishwash Liquid 500ml,36,31.648071,4.3519287109375
2026-07-23,ST003,Mumbai,SKU004,Dishwash Liquid 500ml,29,31.04704,2.0470409393310547
2026-07-24,ST003,Mumbai,SKU004,Dishwash Liquid 500ml,34,34.341984,0.3419837951660156
2026-07-25,ST003,Mumbai,SKU004,Dishwash Liquid 500ml,45,36.48891,8.511089324951172
2026-07-26,ST003,Mumbai,SKU004,Dishwash Liquid 500ml,43,36.738735,6.261264801025391
2026-07-27,ST003,Mumbai,SKU004,Dishwash Liquid 500ml,26,32.68044,6.680438995361328
2026-07-28,ST003,Mumbai,SKU004,Dishwash Liquid 500ml,34,31.804388,2.1956119537353516
2026-07-29,ST003,Mumbai,SKU004,Dishwash Liquid 500ml,32,31.228888,0.7711124420166016
2026-07-30,ST003,Mumbai,SKU004,Dishwash Liquid 500ml,27,31.258356,4.258356094360352
2026-07-31,ST003,Mumbai,SKU004,Dishwash Liquid 500ml,24,31.288513,7.28851318359375
2026-05-02,ST003,Mumbai,SKU005,Instant Coffee 100g,33,29.249996,3.7500038146972656
2026-05-03,ST003,Mumbai,SKU005,Instant Coffee 100g,27,28.402996,1.4029960632324219
2026-05-04,ST003,Mumbai,SKU005,Instant Coffee 100g,27,23.61984,3.380159378051758
2026-05-05,ST003,Mumbai,SKU005,Instant Coffee 100g,23,23.231531,0.23153114318847656
2026-05-06,ST003,Mumbai,SKU005,Instant Coffee 100g,37,29.095655,7.90434455871582
2026-05-07,ST003,Mumbai,SKU005,Instant Coffee 100g,29,24.303236,4.69676399230957
2026-05-08,ST003,Mumbai,SKU005,Instant Coffee 100g,25,25.903242,0.9032421112060547
2026-05-09,ST003,Mumbai,SKU005,Instant Coffee 100g,25,26.911802,1.9118022918701172
2026-05-10,ST003,Mumbai,SKU005,Instant Coffee 100g,30,26.935358,3.0646419525146484
2026-05-11,ST003,Mumbai,SKU005,Instant Coffee 100g,23,23.991114,0.9911136627197266
2026-05-12,ST003,Mumbai,SKU005,Instant Coffee 100g,29,24.108461,4.891538619995117
2026-05-13,ST003,Mumbai,SKU005,Instant Coffee 100g,31,28.889154,2.1108455657958984
2026-05-14,ST003,Mumbai,SKU005,Instant Coffee 100g,16,24.00836,8.008359909057617
2026-05-15,ST003,Mumbai,SKU005,Instant Coffee 100g,25,24.117302,0.8826980590820312
2026-05-16,ST003,Mumbai,SKU005,Instant Coffee 100g,17,27.905138,10.90513801574707
2026-05-17,ST003,Mumbai,SKU005,Instant Coffee 100g,30,27.31962,2.680379867553711
2026-05-18,ST003,Mumbai,SKU005,Instant Coffee 100g,24,24.283522,0.2835216522216797
2026-05-19,ST003,Mumbai,SKU005,Instant Coffee 100g,22,23.409233,1.4092330932617188
2026-05-20,ST003,Mumbai,SKU005,Instant Coffee 100g,17,23.348486,6.348485946655273
2026-05-21,ST003,Mumbai,SKU005,Instant Coffee 100g,35,22.881432,12.118568420410156
2026-05-22,ST003,Mumbai,SKU005,Instant Coffee 100g,28,24.405422,3.5945777893066406
2026-05-23,ST003,Mumbai,SKU005,Instant Coffee 100g,43,27.281958,15.718042373657227
2026-05-24,ST003,Mumbai,SKU005,Instant Coffee 100g,32,30.025818,1.97418212890625
2026-05-25,ST003,Mumbai,SKU005,Instant Coffee 100g,32,25.155252,6.844747543334961
2026-05-26,ST003,Mumbai,SKU005,Instant Coffee 100g,17,24.810362,7.810361862182617
2026-05-27,ST003,Mumbai,SKU005,Instant Coffee 100g,21,28.251886,7.251886367797852
2026-05-28,ST003,Mumbai,SKU005,Instant Coffee 100g,21,27.435955,6.435955047607422
2026-05-29,ST003,Mumbai,SKU005,Instant Coffee 100g,21,25.30539,4.305389404296875
2026-05-30,ST003,Mumbai,SKU005,Instant Coffee 100g,24,30.273775,6.273775100708008
2026-05-31,ST003,Mumbai,SKU005,Instant Coffee 100g,32,25.905815,6.094184875488281
2026-06-01,ST003,Mumbai,SKU005,Instant Coffee 100g,21,22.275549,1.2755489349365234
2026-06-02,ST003,Mumbai,SKU005,Instant Coffee 100g,19,21.816494,2.8164939880371094
2026-06-03,ST003,Mumbai,SKU005,Instant Coffee 100g,18,23.813643,5.813642501831055
2026-06-04,ST003,Mumbai,SKU005,Instant Coffee 100g,27,29.986895,2.9868946075439453
2026-06-05,ST003,Mumbai,SKU005,Instant Coffee 100g,24,23.820322,0.17967796325683594
2026-06-06,ST003,Mumbai,SKU005,Instant Coffee 100g,39,27.712198,11.287801742553711
2026-06-07,ST003,Mumbai,SKU005,Instant Coffee 100g,17,28.22114,11.221139907836914
2026-06-08,ST003,Mumbai,SKU005,Instant Coffee 100g,21,23.13881,2.1388092041015625
2026-06-09,ST003,Mumbai,SKU005,Instant Coffee 100g,24,23.219957,0.7800426483154297
2026-06-10,ST003,Mumbai,SKU005,Instant Coffee 100g,21,23.666979,2.6669788360595703
2026-06-11,ST003,Mumbai,SKU005,Instant Coffee 100g,33,23.874454,9.125545501708984
2026-06-12,ST003,Mumbai,SKU005,Instant Coffee 100g,24,24.96449,0.9644908905029297
2026-06-13,ST003,Mumbai,SKU005,Instant Coffee 100g,16,28.231514,12.231513977050781
2026-06-14,ST003,Mumbai,SKU005,Instant Coffee 100g,34,27.62373,6.376270294189453
2026-06-15,ST003,Mumbai,SKU005,Instant Coffee 100g,17,24.357737,7.357736587524414
2026-06-16,ST003,Mumbai,SKU005,Instant Coffee 100g,24,23.02233,0.9776706695556641
2026-06-17,ST003,Mumbai,SKU005,Instant Coffee 100g,39,26.555473,12.444526672363281
2026-06-18,ST003,Mumbai,SKU005,Instant Coffee 100g,23,26.108274,3.108274459838867
2026-06-19,ST003,Mumbai,SKU005,Instant Coffee 100g,31,24.160175,6.839824676513672
2026-06-20,ST003,Mumbai,SKU005,Instant Coffee 100g,18,30.896414,12.896413803100586
2026-06-21,ST003,Mumbai,SKU005,Instant Coffee 100g,25,27.288364,2.2883644104003906
2026-06-22,ST003,Mumbai,SKU005,Instant Coffee 100g,19,25.145369,6.145368576049805
2026-06-23,ST003,Mumbai,SKU005,Instant Coffee 100g,27,23.114466,3.8855342864990234
2026-06-24,ST003,Mumbai,SKU005,Instant Coffee 100g,22,28.363205,6.3632049560546875
2026-06-25,ST003,Mumbai,SKU005,Instant Coffee 100g,21,23.111938,2.1119384765625
2026-06-26,ST003,Mumbai,SKU005,Instant Coffee 100g,22,22.55913,0.5591297149658203
2026-06-27,ST003,Mumbai,SKU005,Instant Coffee 100g,24,26.65265,2.652650833129883
2026-06-28,ST003,Mumbai,SKU005,Instant Coffee 100g,25,27.975916,2.9759159088134766
2026-06-29,ST003,Mumbai,SKU005,Instant Coffee 100g,30,23.760733,6.239267349243164
2026-06-30,ST003,Mumbai,SKU005,Instant Coffee 100g,27,24.13706,2.8629398345947266
2026-07-01,ST003,Mumbai,SKU005,Instant Coffee 100g,15,23.385815,8.385814666748047
2026-07-02,ST003,Mumbai,SKU005,Instant Coffee 100g,23,22.261465,0.7385349273681641
2026-07-03,ST003,Mumbai,SKU005,Instant Coffee 100g,24,23.39469,0.6053104400634766
2026-07-04,ST003,Mumbai,SKU005,Instant Coffee 100g,32,26.78318,5.216819763183594
2026-07-05,ST003,Mumbai,SKU005,Instant Coffee 100g,32,29.220055,2.7799453735351562
2026-07-06,ST003,Mumbai,SKU005,Instant Coffee 100g,15,23.895971,8.895971298217773
2026-07-07,ST003,Mumbai,SKU005,Instant Coffee 100g,29,22.666933,6.333066940307617
2026-07-08,ST003,Mumbai,SKU005,Instant Coffee 100g,20,24.27505,4.275049209594727
2026-07-09,ST003,Mumbai,SKU005,Instant Coffee 100g,20,23.299904,3.2999038696289062
2026-07-10,ST003,Mumbai,SKU005,Instant Coffee 100g,17,23.028105,6.028104782104492
2026-07-11,ST003,Mumbai,SKU005,Instant Coffee 100g,38,26.304565,11.6954345703125
2026-07-12,ST003,Mumbai,SKU005,Instant Coffee 100g,26,29.358938,3.358938217163086
2026-07-13,ST003,Mumbai,SKU005,Instant Coffee 100g,25,24.008383,0.9916172027587891
2026-07-14,ST003,Mumbai,SKU005,Instant Coffee 100g,28,30.325779,2.3257789611816406
2026-07-15,ST003,Mumbai,SKU005,Instant Coffee 100g,20,24.050016,4.050016403198242
2026-07-16,ST003,Mumbai,SKU005,Instant Coffee 100g,31,23.692822,7.307178497314453
2026-07-17,ST003,Mumbai,SKU005,Instant Coffee 100g,18,29.66781,11.667810440063477
2026-07-18,ST003,Mumbai,SKU005,Instant Coffee 100g,34,27.584993,6.415006637573242
2026-07-19,ST003,Mumbai,SKU005,Instant Coffee 100g,29,27.51731,1.4826908111572266
2026-07-20,ST003,Mumbai,SKU005,Instant Coffee 100g,24,23.204885,0.7951145172119141
2026-07-21,ST003,Mumbai,SKU005,Instant Coffee 100g,32,23.183407,8.816593170166016
2026-07-22,ST003,Mumbai,SKU005,Instant Coffee 100g,22,29.154135,7.154134750366211
2026-07-23,ST003,Mumbai,SKU005,Instant Coffee 100g,18,23.546213,5.546213150024414
2026-07-24,ST003,Mumbai,SKU005,Instant Coffee 100g,19,23.183964,4.183963775634766
2026-07-25,ST003,Mumbai,SKU005,Instant Coffee 100g,31,27.63927,3.360729217529297
2026-07-26,ST003,Mumbai,SKU005,Instant Coffee 100g,33,28.314692,4.685308456420898
2026-07-27,ST003,Mumbai,SKU005,Instant Coffee 100g,22,23.890152,1.8901519775390625
2026-07-28,ST003,Mumbai,SKU005,Instant Coffee 100g,25,23.55278,1.4472198486328125
2026-07-29,ST003,Mumbai,SKU005,Instant Coffee 100g,30,24.109097,5.890903472900391
2026-07-30,ST003,Mumbai,SKU005,Instant Coffee 100g,16,23.041119,7.041118621826172
2026-07-31,ST003,Mumbai,SKU005,Instant Coffee 100g,23,23.636374,0.6363735198974609
2026-05-02,ST004,Delhi,SKU001,Shampoo 340ml,21,23.765888,2.765888214111328
2026-05-03,ST004,Delhi,SKU001,Shampoo 340ml,25,24.840555,0.15944480895996094
2026-05-04,ST004,Delhi,SKU001,Shampoo 340ml,40,30.330751,9.669248580932617
2026-05-05,ST004,Delhi,SKU001,Shampoo 340ml,17,22.971973,5.971973419189453
2026-05-06,ST004,Delhi,SKU001,Shampoo 340ml,16,23.476215,7.476215362548828
2026-05-07,ST004,Delhi,SKU001,Shampoo 340ml,23,24.906042,1.9060420989990234
2026-05-08,ST004,Delhi,SKU001,Shampoo 340ml,22,22.425417,0.4254169464111328
2026-05-09,ST004,Delhi,SKU001,Shampoo 340ml,24,30.316345,6.31634521484375
2026-05-10,ST004,Delhi,SKU001,Shampoo 340ml,28,25.762518,2.2374820709228516
2026-05-11,ST004,Delhi,SKU001,Shampoo 340ml,24,22.08416,1.9158401489257812
2026-05-12,ST004,Delhi,SKU001,Shampoo 340ml,26,22.156296,3.8437042236328125
2026-05-13,ST004,Delhi,SKU001,Shampoo 340ml,21,22.05607,1.056070327758789
2026-05-14,ST004,Delhi,SKU001,Shampoo 340ml,20,23.630796,3.630796432495117
2026-05-15,ST004,Delhi,SKU001,Shampoo 340ml,17,22.116121,5.116121292114258
2026-05-16,ST004,Delhi,SKU001,Shampoo 340ml,28,26.23441,1.7655906677246094
2026-05-17,ST004,Delhi,SKU001,Shampoo 340ml,28,24.810806,3.1891937255859375
2026-05-18,ST004,Delhi,SKU001,Shampoo 340ml,21,21.261736,0.2617359161376953
2026-05-19,ST004,Delhi,SKU001,Shampoo 340ml,22,24.397034,2.39703369140625
2026-05-20,ST004,Delhi,SKU001,Shampoo 340ml,24,21.901224,2.098775863647461
2026-05-21,ST004,Delhi,SKU001,Shampoo 340ml,23,21.4781,1.5219001770019531
2026-05-22,ST004,Delhi,SKU001,Shampoo 340ml,17,21.888554,4.888553619384766
2026-05-23,ST004,Delhi,SKU001,Shampoo 340ml,22,25.233862,3.2338619232177734
2026-05-24,ST004,Delhi,SKU001,Shampoo 340ml,22,24.88048,2.8804798126220703
2026-05-25,ST004,Delhi,SKU001,Shampoo 340ml,24,21.191372,2.8086280822753906
2026-05-26,ST004,Delhi,SKU001,Shampoo 340ml,21,22.583033,1.5830326080322266
2026-05-27,ST004,Delhi,SKU001,Shampoo 340ml,18,22.018166,4.018165588378906
2026-05-28,ST004,Delhi,SKU001,Shampoo 340ml,21,30.831928,9.831928253173828
2026-05-29,ST004,Delhi,SKU001,Shampoo 340ml,30,32.40951,2.4095115661621094
2026-05-30,ST004,Delhi,SKU001,Shampoo 340ml,23,24.806625,1.8066253662109375
2026-05-31,ST004,Delhi,SKU001,Shampoo 340ml,26,25.61204,0.38796043395996094
2026-06-01,ST004,Delhi,SKU001,Shampoo 340ml,27,21.394896,5.605104446411133
2026-06-02,ST004,Delhi,SKU001,Shampoo 340ml,24,21.426872,2.5731277465820312
2026-06-03,ST004,Delhi,SKU001,Shampoo 340ml,18,21.938417,3.938417434692383
2026-06-04,ST004,Delhi,SKU001,Shampoo 340ml,34,21.465796,12.534204483032227
2026-06-05,ST004,Delhi,SKU001,Shampoo 340ml,21,20.928785,0.07121467590332031
2026-06-06,ST004,Delhi,SKU001,Shampoo 340ml,23,25.092241,2.0922412872314453
2026-06-07,ST004,Delhi,SKU001,Shampoo 340ml,30,25.636456,4.363544464111328
2026-06-08,ST004,Delhi,SKU001,Shampoo 340ml,19,22.21837,3.2183704376220703
2026-06-09,ST004,Delhi,SKU001,Shampoo 340ml,26,21.45663,4.543369293212891
2026-06-10,ST004,Delhi,SKU001,Shampoo 340ml,22,21.210247,0.7897529602050781
2026-06-11,ST004,Delhi,SKU001,Shampoo 340ml,22,21.363602,0.6363983154296875
2026-06-12,ST004,Delhi,SKU001,Shampoo 340ml,26,22.724869,3.2751312255859375
2026-06-13,ST004,Delhi,SKU001,Shampoo 340ml,23,25.517248,2.5172481536865234
2026-06-14,ST004,Delhi,SKU001,Shampoo 340ml,35,25.750845,9.249155044555664
2026-06-15,ST004,Delhi,SKU001,Shampoo 340ml,17,20.816605,3.8166046142578125
2026-06-16,ST004,Delhi,SKU001,Shampoo 340ml,27,21.905338,5.094661712646484
2026-06-17,ST004,Delhi,SKU001,Shampoo 340ml,14,21.218122,7.218122482299805
2026-06-18,ST004,Delhi,SKU001,Shampoo 340ml,23,26.445139,3.445138931274414
2026-06-19,ST004,Delhi,SKU001,Shampoo 340ml,15,22.979382,7.979381561279297
2026-06-20,ST004,Delhi,SKU001,Shampoo 340ml,23,26.232233,3.2322330474853516
2026-06-21,ST004,Delhi,SKU001,Shampoo 340ml,26,25.783571,0.2164287567138672
2026-06-22,ST004,Delhi,SKU001,Shampoo 340ml,18,22.294346,4.294345855712891
2026-06-23,ST004,Delhi,SKU001,Shampoo 340ml,25,22.513605,2.4863948822021484
2026-06-24,ST004,Delhi,SKU001,Shampoo 340ml,19,22.972849,3.972848892211914
2026-06-25,ST004,Delhi,SKU001,Shampoo 340ml,21,22.770193,1.770193099975586
2026-06-26,ST004,Delhi,SKU001,Shampoo 340ml,24,23.130812,0.8691883087158203
2026-06-27,ST004,Delhi,SKU001,Shampoo 340ml,35,25.34588,9.654119491577148
2026-06-28,ST004,Delhi,SKU001,Shampoo 340ml,31,25.41392,5.586080551147461
2026-06-29,ST004,Delhi,SKU001,Shampoo 340ml,20,21.187082,1.187082290649414
2026-06-30,ST004,Delhi,SKU001,Shampoo 340ml,31,21.371086,9.628913879394531
2026-07-01,ST004,Delhi,SKU001,Shampoo 340ml,18,20.467165,2.467164993286133
2026-07-02,ST004,Delhi,SKU001,Shampoo 340ml,25,21.707994,3.2920055389404297
2026-07-03,ST004,Delhi,SKU001,Shampoo 340ml,26,27.870846,1.8708457946777344
2026-07-04,ST004,Delhi,SKU001,Shampoo 340ml,22,25.590895,3.5908946990966797
2026-07-05,ST004,Delhi,SKU001,Shampoo 340ml,21,27.138874,6.138874053955078
2026-07-06,ST004,Delhi,SKU001,Shampoo 340ml,23,22.35579,0.6442108154296875
2026-07-07,ST004,Delhi,SKU001,Shampoo 340ml,23,21.883646,1.116353988647461
2026-07-08,ST004,Delhi,SKU001,Shampoo 340ml,31,22.420221,8.579778671264648
2026-07-09,ST004,Delhi,SKU001,Shampoo 340ml,28,21.768064,6.231935501098633
2026-07-10,ST004,Delhi,SKU001,Shampoo 340ml,23,29.82016,6.820159912109375
2026-07-11,ST004,Delhi,SKU001,Shampoo 340ml,28,24.68432,3.3156795501708984
2026-07-12,ST004,Delhi,SKU001,Shampoo 340ml,24,25.36038,1.3603801727294922
2026-07-13,ST004,Delhi,SKU001,Shampoo 340ml,23,22.299358,0.7006416320800781
2026-07-14,ST004,Delhi,SKU001,Shampoo 340ml,30,21.632166,8.367834091186523
2026-07-15,ST004,Delhi,SKU001,Shampoo 340ml,22,20.536125,1.4638748168945312
2026-07-16,ST004,Delhi,SKU001,Shampoo 340ml,12,22.485432,10.485431671142578
2026-07-17,ST004,Delhi,SKU001,Shampoo 340ml,27,22.322887,4.677112579345703
2026-07-18,ST004,Delhi,SKU001,Shampoo 340ml,21,25.523544,4.5235443115234375
2026-07-19,ST004,Delhi,SKU001,Shampoo 340ml,17,26.092258,9.09225845336914
2026-07-20,ST004,Delhi,SKU001,Shampoo 340ml,16,22.754507,6.754507064819336
2026-07-21,ST004,Delhi,SKU001,Shampoo 340ml,18,23.343525,5.343524932861328
2026-07-22,ST004,Delhi,SKU001,Shampoo 340ml,28,23.948835,4.051164627075195
2026-07-23,ST004,Delhi,SKU001,Shampoo 340ml,21,22.442638,1.4426383972167969
2026-07-24,ST004,Delhi,SKU001,Shampoo 340ml,20,22.104124,2.104124069213867
2026-07-25,ST004,Delhi,SKU001,Shampoo 340ml,35,26.119246,8.880754470825195
2026-07-26,ST004,Delhi,SKU001,Shampoo 340ml,13,26.2845,13.284500122070312
2026-07-27,ST004,Delhi,SKU001,Shampoo 340ml,19,22.14858,3.148580551147461
2026-07-28,ST004,Delhi,SKU001,Shampoo 340ml,29,22.016989,6.983011245727539
2026-07-29,ST004,Delhi,SKU001,Shampoo 340ml,24,21.885801,2.114198684692383
2026-07-30,ST004,Delhi,SKU001,Shampoo 340ml,19,21.161474,2.1614742279052734
2026-07-31,ST004,Delhi,SKU001,Shampoo 340ml,19,31.375057,12.375057220458984
2026-05-02,ST004,Delhi,SKU002,Bath Soap 100g,46,42.56306,3.436939239501953
2026-05-03,ST004,Delhi,SKU002,Bath Soap 100g,40,46.080727,6.080726623535156
2026-05-04,ST004,Delhi,SKU002,Bath Soap 100g,44,39.1041,4.895900726318359
2026-05-05,ST004,Delhi,SKU002,Bath Soap 100g,42,40.829468,1.1705322265625
2026-05-06,ST004,Delhi,SKU002,Bath Soap 100g,42,38.692318,3.3076820373535156
2026-05-07,ST004,Delhi,SKU002,Bath Soap 100g,49,37.73625,11.263748168945312
2026-05-08,ST004,Delhi,SKU002,Bath Soap 100g,56,37.516167,18.48383331298828
2026-05-09,ST004,Delhi,SKU002,Bath Soap 100g,36,44.124645,8.124645233154297
2026-05-10,ST004,Delhi,SKU002,Bath Soap 100g,42,42.758457,0.7584571838378906
2026-05-11,ST004,Delhi,SKU002,Bath Soap 100g,35,39.479958,4.479957580566406
2026-05-12,ST004,Delhi,SKU002,Bath Soap 100g,42,38.817863,3.1821365356445312
2026-05-13,ST004,Delhi,SKU002,Bath Soap 100g,29,38.241947,9.241947174072266
2026-05-14,ST004,Delhi,SKU002,Bath Soap 100g,38,38.729656,0.7296562194824219
2026-05-15,ST004,Delhi,SKU002,Bath Soap 100g,43,35.729794,7.270206451416016
2026-05-16,ST004,Delhi,SKU002,Bath Soap 100g,36,44.437164,8.437164306640625
2026-05-17,ST004,Delhi,SKU002,Bath Soap 100g,48,45.010983,2.9890174865722656
2026-05-18,ST004,Delhi,SKU002,Bath Soap 100g,40,37.511963,2.488037109375
2026-05-19,ST004,Delhi,SKU002,Bath Soap 100g,35,38.484283,3.484283447265625
2026-05-20,ST004,Delhi,SKU002,Bath Soap 100g,38,38.677433,0.6774330139160156
2026-05-21,ST004,Delhi,SKU002,Bath Soap 100g,31,39.297024,8.29702377319336
2026-05-22,ST004,Delhi,SKU002,Bath Soap 100g,38,38.73281,0.7328109741210938
2026-05-23,ST004,Delhi,SKU002,Bath Soap 100g,46,43.189266,2.8107337951660156
2026-05-24,ST004,Delhi,SKU002,Bath Soap 100g,49,43.89941,5.100589752197266
2026-05-25,ST004,Delhi,SKU002,Bath Soap 100g,33,38.148296,5.148296356201172
2026-05-26,ST004,Delhi,SKU002,Bath Soap 100g,40,39.503796,0.4962043762207031
2026-05-27,ST004,Delhi,SKU002,Bath Soap 100g,39,37.79482,1.2051811218261719
2026-05-28,ST004,Delhi,SKU002,Bath Soap 100g,34,39.706924,5.7069244384765625
2026-05-29,ST004,Delhi,SKU002,Bath Soap 100g,39,38.098137,0.9018630981445312
2026-05-30,ST004,Delhi,SKU002,Bath Soap 100g,43,42.29189,0.7081108093261719
2026-05-31,ST004,Delhi,SKU002,Bath Soap 100g,39,40.829502,1.8295021057128906
2026-06-01,ST004,Delhi,SKU002,Bath Soap 100g,47,37.61584,9.384159088134766
2026-06-02,ST004,Delhi,SKU002,Bath Soap 100g,33,38.98658,5.986579895019531
2026-06-03,ST004,Delhi,SKU002,Bath Soap 100g,48,38.11781,9.882190704345703
2026-06-04,ST004,Delhi,SKU002,Bath Soap 100g,42,36.82801,5.171989440917969
2026-06-05,ST004,Delhi,SKU002,Bath Soap 100g,21,38.665993,17.665992736816406
2026-06-06,ST004,Delhi,SKU002,Bath Soap 100g,40,43.639355,3.639354705810547
2026-06-07,ST004,Delhi,SKU002,Bath Soap 100g,38,44.24224,6.242240905761719
2026-06-08,ST004,Delhi,SKU002,Bath Soap 100g,41,38.23872,2.761280059814453
2026-06-09,ST004,Delhi,SKU002,Bath Soap 100g,32,38.740707,6.7407073974609375
2026-06-10,ST004,Delhi,SKU002,Bath Soap 100g,39,40.80486,1.8048591613769531
2026-06-11,ST004,Delhi,SKU002,Bath Soap 100g,33,38.507423,5.507423400878906
2026-06-12,ST004,Delhi,SKU002,Bath Soap 100g,33,39.911232,6.911231994628906
2026-06-13,ST004,Delhi,SKU002,Bath Soap 100g,47,45.016636,1.9833641052246094
2026-06-14,ST004,Delhi,SKU002,Bath Soap 100g,60,44.926132,15.073867797851562
2026-06-15,ST004,Delhi,SKU002,Bath Soap 100g,35,41.15346,6.153461456298828
2026-06-16,ST004,Delhi,SKU002,Bath Soap 100g,38,42.29678,4.296779632568359
2026-06-17,ST004,Delhi,SKU002,Bath Soap 100g,37,38.084957,1.0849571228027344
2026-06-18,ST004,Delhi,SKU002,Bath Soap 100g,35,38.43292,3.4329185485839844
2026-06-19,ST004,Delhi,SKU002,Bath Soap 100g,40,37.1407,2.8592987060546875
2026-06-20,ST004,Delhi,SKU002,Bath Soap 100g,43,44.752895,1.7528953552246094
2026-06-21,ST004,Delhi,SKU002,Bath Soap 100g,41,44.834183,3.8341827392578125
2026-06-22,ST004,Delhi,SKU002,Bath Soap 100g,48,39.26206,8.73794174194336
2026-06-23,ST004,Delhi,SKU002,Bath Soap 100g,33,36.770092,3.770092010498047
2026-06-24,ST004,Delhi,SKU002,Bath Soap 100g,47,45.536037,1.4639625549316406
2026-06-25,ST004,Delhi,SKU002,Bath Soap 100g,41,38.374565,2.6254348754882812
2026-06-26,ST004,Delhi,SKU002,Bath Soap 100g,27,36.81702,9.817020416259766
2026-06-27,ST004,Delhi,SKU002,Bath Soap 100g,42,45.04718,3.04718017578125
2026-06-28,ST004,Delhi,SKU002,Bath Soap 100g,48,41.996613,6.003387451171875
2026-06-29,ST004,Delhi,SKU002,Bath Soap 100g,39,39.02895,0.028949737548828125
2026-06-30,ST004,Delhi,SKU002,Bath Soap 100g,40,39.279285,0.7207145690917969
2026-07-01,ST004,Delhi,SKU002,Bath Soap 100g,34,39.273407,5.273406982421875
2026-07-02,ST004,Delhi,SKU002,Bath Soap 100g,60,51.591015,8.408985137939453
2026-07-03,ST004,Delhi,SKU002,Bath Soap 100g,33,43.09384,10.093841552734375
2026-07-04,ST004,Delhi,SKU002,Bath Soap 100g,38,44.200237,6.200237274169922
2026-07-05,ST004,Delhi,SKU002,Bath Soap 100g,41,45.372272,4.372272491455078
2026-07-06,ST004,Delhi,SKU002,Bath Soap 100g,61,52.09391,8.906089782714844
2026-07-07,ST004,Delhi,SKU002,Bath Soap 100g,33,37.49142,4.491420745849609
2026-07-08,ST004,Delhi,SKU002,Bath Soap 100g,42,39.724422,2.2755775451660156
2026-07-09,ST004,Delhi,SKU002,Bath Soap 100g,41,37.301476,3.6985244750976562
2026-07-10,ST004,Delhi,SKU002,Bath Soap 100g,26,38.455242,12.455242156982422
2026-07-11,ST004,Delhi,SKU002,Bath Soap 100g,37,45.043808,8.043807983398438
2026-07-12,ST004,Delhi,SKU002,Bath Soap 100g,46,43.95679,2.0432090759277344
2026-07-13,ST004,Delhi,SKU002,Bath Soap 100g,41,40.560856,0.4391441345214844
2026-07-14,ST004,Delhi,SKU002,Bath Soap 100g,43,39.54878,3.451221466064453
2026-07-15,ST004,Delhi,SKU002,Bath Soap 100g,47,38.78655,8.213451385498047
2026-07-16,ST004,Delhi,SKU002,Bath Soap 100g,46,37.292274,8.707725524902344
2026-07-17,ST004,Delhi,SKU002,Bath Soap 100g,37,40.614685,3.61468505859375
2026-07-18,ST004,Delhi,SKU002,Bath Soap 100g,42,44.09385,2.0938491821289062
2026-07-19,ST004,Delhi,SKU002,Bath Soap 100g,49,43.385715,5.614284515380859
2026-07-20,ST004,Delhi,SKU002,Bath Soap 100g,44,36.446163,7.553836822509766
2026-07-21,ST004,Delhi,SKU002,Bath Soap 100g,39,36.097946,2.9020538330078125
2026-07-22,ST004,Delhi,SKU002,Bath Soap 100g,41,36.311855,4.688144683837891
2026-07-23,ST004,Delhi,SKU002,Bath Soap 100g,36,36.105675,0.10567474365234375
2026-07-24,ST004,Delhi,SKU002,Bath Soap 100g,40,38.443806,1.5561943054199219
2026-07-25,ST004,Delhi,SKU002,Bath Soap 100g,41,43.287663,2.2876625061035156
2026-07-26,ST004,Delhi,SKU002,Bath Soap 100g,43,41.94411,1.0558891296386719
2026-07-27,ST004,Delhi,SKU002,Bath Soap 100g,33,39.905502,6.9055023193359375
2026-07-28,ST004,Delhi,SKU002,Bath Soap 100g,25,36.848362,11.84836196899414
2026-07-29,ST004,Delhi,SKU002,Bath Soap 100g,51,39.49748,11.502521514892578
2026-07-30,ST004,Delhi,SKU002,Bath Soap 100g,41,41.020138,0.020137786865234375
2026-07-31,ST004,Delhi,SKU002,Bath Soap 100g,50,38.922516,11.077484130859375
2026-05-02,ST004,Delhi,SKU003,Laundry Detergent 1kg,35,36.30401,1.3040084838867188
2026-05-03,ST004,Delhi,SKU003,Laundry Detergent 1kg,29,35.45114,6.451141357421875
2026-05-04,ST004,Delhi,SKU003,Laundry Detergent 1kg,34,30.289438,3.710561752319336
2026-05-05,ST004,Delhi,SKU003,Laundry Detergent 1kg,29,31.52068,2.520679473876953
2026-05-06,ST004,Delhi,SKU003,Laundry Detergent 1kg,21,31.602167,10.602167129516602
2026-05-07,ST004,Delhi,SKU003,Laundry Detergent 1kg,41,30.118593,10.881406784057617
2026-05-08,ST004,Delhi,SKU003,Laundry Detergent 1kg,34,31.150902,2.8490982055664062
2026-05-09,ST004,Delhi,SKU003,Laundry Detergent 1kg,19,35.455044,16.45504379272461
2026-05-10,ST004,Delhi,SKU003,Laundry Detergent 1kg,35,37.3859,2.3858985900878906
2026-05-11,ST004,Delhi,SKU003,Laundry Detergent 1kg,28,29.950779,1.9507789611816406
2026-05-12,ST004,Delhi,SKU003,Laundry Detergent 1kg,31,30.398117,0.6018829345703125
2026-05-13,ST004,Delhi,SKU003,Laundry Detergent 1kg,35,31.711119,3.288881301879883
2026-05-14,ST004,Delhi,SKU003,Laundry Detergent 1kg,31,34.089264,3.089263916015625
2026-05-15,ST004,Delhi,SKU003,Laundry Detergent 1kg,29,30.285364,1.2853641510009766
2026-05-16,ST004,Delhi,SKU003,Laundry Detergent 1kg,36,32.369087,3.6309127807617188
2026-05-17,ST004,Delhi,SKU003,Laundry Detergent 1kg,33,34.59894,1.5989418029785156
2026-05-18,ST004,Delhi,SKU003,Laundry Detergent 1kg,32,29.904957,2.095043182373047
2026-05-19,ST004,Delhi,SKU003,Laundry Detergent 1kg,30,30.751713,0.7517127990722656
2026-05-20,ST004,Delhi,SKU003,Laundry Detergent 1kg,35,31.731297,3.2687034606933594
2026-05-21,ST004,Delhi,SKU003,Laundry Detergent 1kg,33,31.520035,1.4799652099609375
2026-05-22,ST004,Delhi,SKU003,Laundry Detergent 1kg,27,31.083273,4.083272933959961
2026-05-23,ST004,Delhi,SKU003,Laundry Detergent 1kg,24,36.962223,12.962223052978516
2026-05-24,ST004,Delhi,SKU003,Laundry Detergent 1kg,38,34.795406,3.2045936584472656
2026-05-25,ST004,Delhi,SKU003,Laundry Detergent 1kg,34,29.597282,4.402717590332031
2026-05-26,ST004,Delhi,SKU003,Laundry Detergent 1kg,23,30.378468,7.378467559814453
2026-05-27,ST004,Delhi,SKU003,Laundry Detergent 1kg,28,30.049192,2.049192428588867
2026-05-28,ST004,Delhi,SKU003,Laundry Detergent 1kg,31,30.057005,0.9429950714111328
2026-05-29,ST004,Delhi,SKU003,Laundry Detergent 1kg,34,30.795258,3.204742431640625
2026-05-30,ST004,Delhi,SKU003,Laundry Detergent 1kg,33,34.161125,1.1611251831054688
2026-05-31,ST004,Delhi,SKU003,Laundry Detergent 1kg,29,34.603443,5.603443145751953
2026-06-01,ST004,Delhi,SKU003,Laundry Detergent 1kg,33,30.156317,2.8436832427978516
2026-06-02,ST004,Delhi,SKU003,Laundry Detergent 1kg,30,30.764704,0.7647037506103516
2026-06-03,ST004,Delhi,SKU003,Laundry Detergent 1kg,26,30.68001,4.680009841918945
2026-06-04,ST004,Delhi,SKU003,Laundry Detergent 1kg,41,30.48075,10.519250869750977
2026-06-05,ST004,Delhi,SKU003,Laundry Detergent 1kg,34,30.125526,3.8744735717773438
2026-06-06,ST004,Delhi,SKU003,Laundry Detergent 1kg,35,39.60912,4.609119415283203
2026-06-07,ST004,Delhi,SKU003,Laundry Detergent 1kg,31,33.86222,2.8622207641601562
2026-06-08,ST004,Delhi,SKU003,Laundry Detergent 1kg,26,30.171387,4.17138671875
2026-06-09,ST004,Delhi,SKU003,Laundry Detergent 1kg,25,30.646294,5.646293640136719
2026-06-10,ST004,Delhi,SKU003,Laundry Detergent 1kg,39,35.07269,3.9273109436035156
2026-06-11,ST004,Delhi,SKU003,Laundry Detergent 1kg,27,30.57694,3.5769405364990234
2026-06-12,ST004,Delhi,SKU003,Laundry Detergent 1kg,39,31.029818,7.970182418823242
2026-06-13,ST004,Delhi,SKU003,Laundry Detergent 1kg,33,36.092323,3.0923233032226562
2026-06-14,ST004,Delhi,SKU003,Laundry Detergent 1kg,30,34.739758,4.739757537841797
2026-06-15,ST004,Delhi,SKU003,Laundry Detergent 1kg,28,30.71608,2.7160797119140625
2026-06-16,ST004,Delhi,SKU003,Laundry Detergent 1kg,32,30.86087,1.139129638671875
2026-06-17,ST004,Delhi,SKU003,Laundry Detergent 1kg,33,30.30016,2.699840545654297
2026-06-18,ST004,Delhi,SKU003,Laundry Detergent 1kg,53,30.600386,22.399614334106445
2026-06-19,ST004,Delhi,SKU003,Laundry Detergent 1kg,40,31.479456,8.520544052124023
2026-06-20,ST004,Delhi,SKU003,Laundry Detergent 1kg,38,34.795727,3.204273223876953
2026-06-21,ST004,Delhi,SKU003,Laundry Detergent 1kg,30,34.212513,4.212512969970703
2026-06-22,ST004,Delhi,SKU003,Laundry Detergent 1kg,30,30.889196,0.8891963958740234
2026-06-23,ST004,Delhi,SKU003,Laundry Detergent 1kg,30,31.517681,1.5176811218261719
2026-06-24,ST004,Delhi,SKU003,Laundry Detergent 1kg,34,31.690283,2.3097171783447266
2026-06-25,ST004,Delhi,SKU003,Laundry Detergent 1kg,30,27.3796,2.6203994750976562
2026-06-26,ST004,Delhi,SKU003,Laundry Detergent 1kg,31,29.843002,1.1569976806640625
2026-06-27,ST004,Delhi,SKU003,Laundry Detergent 1kg,52,36.54021,15.459789276123047
2026-06-28,ST004,Delhi,SKU003,Laundry Detergent 1kg,32,37.035572,5.035572052001953
2026-06-29,ST004,Delhi,SKU003,Laundry Detergent 1kg,31,31.521849,0.5218486785888672
2026-06-30,ST004,Delhi,SKU003,Laundry Detergent 1kg,25,30.410147,5.410146713256836
2026-07-01,ST004,Delhi,SKU003,Laundry Detergent 1kg,49,33.836082,15.163917541503906
2026-07-02,ST004,Delhi,SKU003,Laundry Detergent 1kg,26,33.443474,7.443473815917969
2026-07-03,ST004,Delhi,SKU003,Laundry Detergent 1kg,35,31.073055,3.9269447326660156
2026-07-04,ST004,Delhi,SKU003,Laundry Detergent 1kg,52,43.703594,8.296405792236328
2026-07-05,ST004,Delhi,SKU003,Laundry Detergent 1kg,39,36.15586,2.8441390991210938
2026-07-06,ST004,Delhi,SKU003,Laundry Detergent 1kg,26,32.09384,6.093841552734375
2026-07-07,ST004,Delhi,SKU003,Laundry Detergent 1kg,26,33.0008,7.000801086425781
2026-07-08,ST004,Delhi,SKU003,Laundry Detergent 1kg,35,28.415464,6.584535598754883
2026-07-09,ST004,Delhi,SKU003,Laundry Detergent 1kg,25,32.072083,7.07208251953125
2026-07-10,ST004,Delhi,SKU003,Laundry Detergent 1kg,40,38.315704,1.684295654296875
2026-07-11,ST004,Delhi,SKU003,Laundry Detergent 1kg,28,32.47307,4.4730682373046875
2026-07-12,ST004,Delhi,SKU003,Laundry Detergent 1kg,30,35.821083,5.821083068847656
2026-07-13,ST004,Delhi,SKU003,Laundry Detergent 1kg,22,30.536823,8.536823272705078
2026-07-14,ST004,Delhi,SKU003,Laundry Detergent 1kg,26,30.701452,4.701452255249023
2026-07-15,ST004,Delhi,SKU003,Laundry Detergent 1kg,36,31.559383,4.440616607666016
2026-07-16,ST004,Delhi,SKU003,Laundry Detergent 1kg,24,31.491455,7.491455078125
2026-07-17,ST004,Delhi,SKU003,Laundry Detergent 1kg,23,30.678862,7.678861618041992
2026-07-18,ST004,Delhi,SKU003,Laundry Detergent 1kg,41,36.872272,4.127727508544922
2026-07-19,ST004,Delhi,SKU003,Laundry Detergent 1kg,37,40.972515,3.972515106201172
2026-07-20,ST004,Delhi,SKU003,Laundry Detergent 1kg,33,30.717266,2.282733917236328
2026-07-21,ST004,Delhi,SKU003,Laundry Detergent 1kg,31,30.659842,0.34015846252441406
2026-07-22,ST004,Delhi,SKU003,Laundry Detergent 1kg,33,30.806221,2.1937789916992188
2026-07-23,ST004,Delhi,SKU003,Laundry Detergent 1kg,24,29.91743,5.917430877685547
2026-07-24,ST004,Delhi,SKU003,Laundry Detergent 1kg,34,30.465456,3.534543991088867
2026-07-25,ST004,Delhi,SKU003,Laundry Detergent 1kg,33,34.461273,1.461273193359375
2026-07-26,ST004,Delhi,SKU003,Laundry Detergent 1kg,37,35.027645,1.9723548889160156
2026-07-27,ST004,Delhi,SKU003,Laundry Detergent 1kg,26,31.274832,5.274831771850586
2026-07-28,ST004,Delhi,SKU003,Laundry Detergent 1kg,27,30.60483,3.604829788208008
2026-07-29,ST004,Delhi,SKU003,Laundry Detergent 1kg,36,40.940666,4.940666198730469
2026-07-30,ST004,Delhi,SKU003,Laundry Detergent 1kg,48,31.86494,16.135059356689453
2026-07-31,ST004,Delhi,SKU003,Laundry Detergent 1kg,33,31.204458,1.795541763305664
2026-05-02,ST004,Delhi,SKU004,Dishwash Liquid 500ml,26,30.092081,4.092081069946289
2026-05-03,ST004,Delhi,SKU004,Dishwash Liquid 500ml,26,29.831932,3.8319320678710938
2026-05-04,ST004,Delhi,SKU004,Dishwash Liquid 500ml,30,25.960007,4.0399932861328125
2026-05-05,ST004,Delhi,SKU004,Dishwash Liquid 500ml,37,26.376888,10.623111724853516
2026-05-06,ST004,Delhi,SKU004,Dishwash Liquid 500ml,21,25.162481,4.162481307983398
2026-05-07,ST004,Delhi,SKU004,Dishwash Liquid 500ml,31,25.287487,5.712512969970703
2026-05-08,ST004,Delhi,SKU004,Dishwash Liquid 500ml,25,26.006226,1.0062255859375
2026-05-09,ST004,Delhi,SKU004,Dishwash Liquid 500ml,36,29.716543,6.283456802368164
2026-05-10,ST004,Delhi,SKU004,Dishwash Liquid 500ml,37,30.436161,6.563838958740234
2026-05-11,ST004,Delhi,SKU004,Dishwash Liquid 500ml,29,30.086437,1.0864372253417969
2026-05-12,ST004,Delhi,SKU004,Dishwash Liquid 500ml,18,26.239515,8.23951530456543
2026-05-13,ST004,Delhi,SKU004,Dishwash Liquid 500ml,16,24.97483,8.974830627441406
2026-05-14,ST004,Delhi,SKU004,Dishwash Liquid 500ml,28,35.358624,7.358623504638672
2026-05-15,ST004,Delhi,SKU004,Dishwash Liquid 500ml,25,26.774797,1.7747974395751953
2026-05-16,ST004,Delhi,SKU004,Dishwash Liquid 500ml,24,31.153643,7.153642654418945
2026-05-17,ST004,Delhi,SKU004,Dishwash Liquid 500ml,30,31.080309,1.0803089141845703
2026-05-18,ST004,Delhi,SKU004,Dishwash Liquid 500ml,30,25.895103,4.104896545410156
2026-05-19,ST004,Delhi,SKU004,Dishwash Liquid 500ml,35,25.64212,9.357879638671875
2026-05-20,ST004,Delhi,SKU004,Dishwash Liquid 500ml,37,26.465725,10.53427505493164
2026-05-21,ST004,Delhi,SKU004,Dishwash Liquid 500ml,32,32.657177,0.6571769714355469
2026-05-22,ST004,Delhi,SKU004,Dishwash Liquid 500ml,25,24.780642,0.2193584442138672
2026-05-23,ST004,Delhi,SKU004,Dishwash Liquid 500ml,41,34.630276,6.369724273681641
2026-05-24,ST004,Delhi,SKU004,Dishwash Liquid 500ml,46,32.86745,13.132549285888672
2026-05-25,ST004,Delhi,SKU004,Dishwash Liquid 500ml,33,27.660814,5.33918571472168
2026-05-26,ST004,Delhi,SKU004,Dishwash Liquid 500ml,26,27.064379,1.0643787384033203
2026-05-27,ST004,Delhi,SKU004,Dishwash Liquid 500ml,33,27.420773,5.579227447509766
2026-05-28,ST004,Delhi,SKU004,Dishwash Liquid 500ml,28,27.581686,0.41831398010253906
2026-05-29,ST004,Delhi,SKU004,Dishwash Liquid 500ml,27,27.630335,0.6303348541259766
2026-05-30,ST004,Delhi,SKU004,Dishwash Liquid 500ml,33,33.004868,0.0048675537109375
2026-05-31,ST004,Delhi,SKU004,Dishwash Liquid 500ml,29,30.567541,1.5675411224365234
2026-06-01,ST004,Delhi,SKU004,Dishwash Liquid 500ml,28,27.843483,0.15651702880859375
2026-06-02,ST004,Delhi,SKU004,Dishwash Liquid 500ml,27,28.683672,1.6836719512939453
2026-06-03,ST004,Delhi,SKU004,Dishwash Liquid 500ml,28,28.53021,0.5302104949951172
2026-06-04,ST004,Delhi,SKU004,Dishwash Liquid 500ml,26,28.300974,2.300973892211914
2026-06-05,ST004,Delhi,SKU004,Dishwash Liquid 500ml,33,32.32206,0.6779403686523438
2026-06-06,ST004,Delhi,SKU004,Dishwash Liquid 500ml,28,33.42157,5.42156982421875
2026-06-07,ST004,Delhi,SKU004,Dishwash Liquid 500ml,23,33.26488,10.264881134033203
2026-06-08,ST004,Delhi,SKU004,Dishwash Liquid 500ml,29,26.9306,2.0694007873535156
2026-06-09,ST004,Delhi,SKU004,Dishwash Liquid 500ml,23,27.916727,4.916727066040039
2026-06-10,ST004,Delhi,SKU004,Dishwash Liquid 500ml,27,29.239815,2.2398147583007812
2026-06-11,ST004,Delhi,SKU004,Dishwash Liquid 500ml,20,28.788944,8.788944244384766
2026-06-12,ST004,Delhi,SKU004,Dishwash Liquid 500ml,25,27.820608,2.820608139038086
2026-06-13,ST004,Delhi,SKU004,Dishwash Liquid 500ml,33,32.66228,0.3377189636230469
2026-06-14,ST004,Delhi,SKU004,Dishwash Liquid 500ml,41,31.261526,9.738473892211914
2026-06-15,ST004,Delhi,SKU004,Dishwash Liquid 500ml,26,29.13076,3.1307601928710938
2026-06-16,ST004,Delhi,SKU004,Dishwash Liquid 500ml,32,28.676357,3.3236427307128906
2026-06-17,ST004,Delhi,SKU004,Dishwash Liquid 500ml,22,27.684963,5.684963226318359
2026-06-18,ST004,Delhi,SKU004,Dishwash Liquid 500ml,31,26.98371,4.016290664672852
2026-06-19,ST004,Delhi,SKU004,Dishwash Liquid 500ml,20,27.387257,7.387256622314453
2026-06-20,ST004,Delhi,SKU004,Dishwash Liquid 500ml,27,32.299206,5.299205780029297
2026-06-21,ST004,Delhi,SKU004,Dishwash Liquid 500ml,36,31.73881,4.261190414428711
2026-06-22,ST004,Delhi,SKU004,Dishwash Liquid 500ml,32,26.395376,5.604623794555664
2026-06-23,ST004,Delhi,SKU004,Dishwash Liquid 500ml,21,25.035103,4.035102844238281
2026-06-24,ST004,Delhi,SKU004,Dishwash Liquid 500ml,23,25.575407,2.575407028198242
2026-06-25,ST004,Delhi,SKU004,Dishwash Liquid 500ml,29,25.359085,3.6409149169921875
2026-06-26,ST004,Delhi,SKU004,Dishwash Liquid 500ml,32,25.717308,6.282691955566406
2026-06-27,ST004,Delhi,SKU004,Dishwash Liquid 500ml,28,30.632948,2.6329479217529297
2026-06-28,ST004,Delhi,SKU004,Dishwash Liquid 500ml,27,30.927517,3.9275169372558594
2026-06-29,ST004,Delhi,SKU004,Dishwash Liquid 500ml,28,25.772793,2.2272071838378906
2026-06-30,ST004,Delhi,SKU004,Dishwash Liquid 500ml,31,25.87677,5.12322998046875
2026-07-01,ST004,Delhi,SKU004,Dishwash Liquid 500ml,31,25.287758,5.712242126464844
2026-07-02,ST004,Delhi,SKU004,Dishwash Liquid 500ml,37,26.19581,10.804189682006836
2026-07-03,ST004,Delhi,SKU004,Dishwash Liquid 500ml,34,26.37019,7.629810333251953
2026-07-04,ST004,Delhi,SKU004,Dishwash Liquid 500ml,31,29.905035,1.0949649810791016
2026-07-05,ST004,Delhi,SKU004,Dishwash Liquid 500ml,34,29.667923,4.3320770263671875
2026-07-06,ST004,Delhi,SKU004,Dishwash Liquid 500ml,24,25.476667,1.4766674041748047
2026-07-07,ST004,Delhi,SKU004,Dishwash Liquid 500ml,25,26.267525,1.2675247192382812
2026-07-08,ST004,Delhi,SKU004,Dishwash Liquid 500ml,14,25.552378,11.552377700805664
2026-07-09,ST004,Delhi,SKU004,Dishwash Liquid 500ml,23,25.562693,2.562692642211914
2026-07-10,ST004,Delhi,SKU004,Dishwash Liquid 500ml,31,34.39718,3.3971786499023438
2026-07-11,ST004,Delhi,SKU004,Dishwash Liquid 500ml,26,30.898148,4.8981475830078125
2026-07-12,ST004,Delhi,SKU004,Dishwash Liquid 500ml,38,35.563976,2.436023712158203
2026-07-13,ST004,Delhi,SKU004,Dishwash Liquid 500ml,22,25.532063,3.532062530517578
2026-07-14,ST004,Delhi,SKU004,Dishwash Liquid 500ml,35,26.877089,8.12291145324707
2026-07-15,ST004,Delhi,SKU004,Dishwash Liquid 500ml,34,25.613756,8.38624382019043
2026-07-16,ST004,Delhi,SKU004,Dishwash Liquid 500ml,19,25.12584,6.1258392333984375
2026-07-17,ST004,Delhi,SKU004,Dishwash Liquid 500ml,24,25.781895,1.7818946838378906
2026-07-18,ST004,Delhi,SKU004,Dishwash Liquid 500ml,36,29.816723,6.183277130126953
2026-07-19,ST004,Delhi,SKU004,Dishwash Liquid 500ml,28,30.911535,2.9115352630615234
2026-07-20,ST004,Delhi,SKU004,Dishwash Liquid 500ml,31,31.893557,0.8935565948486328
2026-07-21,ST004,Delhi,SKU004,Dishwash Liquid 500ml,26,25.592045,0.4079551696777344
2026-07-22,ST004,Delhi,SKU004,Dishwash Liquid 500ml,35,27.495129,7.504871368408203
2026-07-23,ST004,Delhi,SKU004,Dishwash Liquid 500ml,26,25.83114,0.16885948181152344
2026-07-24,ST004,Delhi,SKU004,Dishwash Liquid 500ml,34,26.992435,7.007564544677734
2026-07-25,ST004,Delhi,SKU004,Dishwash Liquid 500ml,22,32.20064,10.200641632080078
2026-07-26,ST004,Delhi,SKU004,Dishwash Liquid 500ml,37,30.487413,6.51258659362793
2026-07-27,ST004,Delhi,SKU004,Dishwash Liquid 500ml,25,29.067936,4.067935943603516
2026-07-28,ST004,Delhi,SKU004,Dishwash Liquid 500ml,26,27.134495,1.1344947814941406
2026-07-29,ST004,Delhi,SKU004,Dishwash Liquid 500ml,31,26.901453,4.098546981811523
2026-07-30,ST004,Delhi,SKU004,Dishwash Liquid 500ml,29,26.097017,2.902982711791992
2026-07-31,ST004,Delhi,SKU004,Dishwash Liquid 500ml,36,26.694094,9.305906295776367
2026-05-02,ST004,Delhi,SKU005,Instant Coffee 100g,21,21.98274,0.9827404022216797
2026-05-03,ST004,Delhi,SKU005,Instant Coffee 100g,23,21.871845,1.1281547546386719
2026-05-04,ST004,Delhi,SKU005,Instant Coffee 100g,19,19.7216,0.7215995788574219
2026-05-05,ST004,Delhi,SKU005,Instant Coffee 100g,15,19.871235,4.871234893798828
2026-05-06,ST004,Delhi,SKU005,Instant Coffee 100g,19,20.907806,1.907806396484375
2026-05-07,ST004,Delhi,SKU005,Instant Coffee 100g,23,19.831017,3.1689834594726562
2026-05-08,ST004,Delhi,SKU005,Instant Coffee 100g,26,19.654978,6.345022201538086
2026-05-09,ST004,Delhi,SKU005,Instant Coffee 100g,25,27.038376,2.0383758544921875
2026-05-10,ST004,Delhi,SKU005,Instant Coffee 100g,23,22.44195,0.5580501556396484
2026-05-11,ST004,Delhi,SKU005,Instant Coffee 100g,22,21.436893,0.5631065368652344
2026-05-12,ST004,Delhi,SKU005,Instant Coffee 100g,16,20.107893,4.107892990112305
2026-05-13,ST004,Delhi,SKU005,Instant Coffee 100g,21,19.72876,1.271240234375
2026-05-14,ST004,Delhi,SKU005,Instant Coffee 100g,18,19.887033,1.887033462524414
2026-05-15,ST004,Delhi,SKU005,Instant Coffee 100g,22,27.859861,5.859861373901367
2026-05-16,ST004,Delhi,SKU005,Instant Coffee 100g,33,21.552082,11.447917938232422
2026-05-17,ST004,Delhi,SKU005,Instant Coffee 100g,28,22.735025,5.264974594116211
2026-05-18,ST004,Delhi,SKU005,Instant Coffee 100g,20,20.092133,0.092132568359375
2026-05-19,ST004,Delhi,SKU005,Instant Coffee 100g,19,19.238005,0.2380046844482422
2026-05-20,ST004,Delhi,SKU005,Instant Coffee 100g,16,20.46481,4.464809417724609
2026-05-21,ST004,Delhi,SKU005,Instant Coffee 100g,14,20.062674,6.062673568725586
2026-05-22,ST004,Delhi,SKU005,Instant Coffee 100g,31,22.093382,8.906618118286133
2026-05-23,ST004,Delhi,SKU005,Instant Coffee 100g,19,22.800394,3.800394058227539
2026-05-24,ST004,Delhi,SKU005,Instant Coffee 100g,25,23.25249,1.7475109100341797
2026-05-25,ST004,Delhi,SKU005,Instant Coffee 100g,15,21.094652,6.09465217590332
2026-05-26,ST004,Delhi,SKU005,Instant Coffee 100g,24,20.164581,3.835418701171875
2026-05-27,ST004,Delhi,SKU005,Instant Coffee 100g,22,20.783651,1.216348648071289
2026-05-28,ST004,Delhi,SKU005,Instant Coffee 100g,23,19.96485,3.0351505279541016
2026-05-29,ST004,Delhi,SKU005,Instant Coffee 100g,16,19.758175,3.7581748962402344
2026-05-30,ST004,Delhi,SKU005,Instant Coffee 100g,18,23.335539,5.335538864135742
2026-05-31,ST004,Delhi,SKU005,Instant Coffee 100g,30,23.080133,6.919866561889648
2026-06-01,ST004,Delhi,SKU005,Instant Coffee 100g,19,20.8337,1.833700180053711
2026-06-02,ST004,Delhi,SKU005,Instant Coffee 100g,18,20.201366,2.201366424560547
2026-06-03,ST004,Delhi,SKU005,Instant Coffee 100g,20,20.29877,0.2987709045410156
2026-06-04,ST004,Delhi,SKU005,Instant Coffee 100g,20,19.834398,0.1656017303466797
2026-06-05,ST004,Delhi,SKU005,Instant Coffee 100g,26,20.15125,5.848749160766602
2026-06-06,ST004,Delhi,SKU005,Instant Coffee 100g,22,22.517487,0.517486572265625
2026-06-07,ST004,Delhi,SKU005,Instant Coffee 100g,25,20.980602,4.019397735595703
2026-06-08,ST004,Delhi,SKU005,Instant Coffee 100g,16,20.047144,4.047143936157227
2026-06-09,ST004,Delhi,SKU005,Instant Coffee 100g,18,21.083574,3.0835742950439453
2026-06-10,ST004,Delhi,SKU005,Instant Coffee 100g,20,20.642263,0.6422634124755859
2026-06-11,ST004,Delhi,SKU005,Instant Coffee 100g,26,21.099709,4.900291442871094
2026-06-12,ST004,Delhi,SKU005,Instant Coffee 100g,14,19.810179,5.810178756713867
2026-06-13,ST004,Delhi,SKU005,Instant Coffee 100g,16,22.831799,6.831798553466797
2026-06-14,ST004,Delhi,SKU005,Instant Coffee 100g,15,22.57834,7.578340530395508
2026-06-15,ST004,Delhi,SKU005,Instant Coffee 100g,23,20.651901,2.3480987548828125
2026-06-16,ST004,Delhi,SKU005,Instant Coffee 100g,21,19.810654,1.1893463134765625
2026-06-17,ST004,Delhi,SKU005,Instant Coffee 100g,22,20.388754,1.611246109008789
2026-06-18,ST004,Delhi,SKU005,Instant Coffee 100g,17,19.736193,2.7361927032470703
2026-06-19,ST004,Delhi,SKU005,Instant Coffee 100g,21,19.273281,1.7267189025878906
2026-06-20,ST004,Delhi,SKU005,Instant Coffee 100g,23,23.55383,0.5538291931152344
2026-06-21,ST004,Delhi,SKU005,Instant Coffee 100g,23,22.89087,0.109130859375
2026-06-22,ST004,Delhi,SKU005,Instant Coffee 100g,20,20.29633,0.2963294982910156
2026-06-23,ST004,Delhi,SKU005,Instant Coffee 100g,19,22.650084,3.650083541870117
2026-06-24,ST004,Delhi,SKU005,Instant Coffee 100g,22,19.968557,2.031442642211914
2026-06-25,ST004,Delhi,SKU005,Instant Coffee 100g,18,20.028034,2.028034210205078
2026-06-26,ST004,Delhi,SKU005,Instant Coffee 100g,15,18.961056,3.9610557556152344
2026-06-27,ST004,Delhi,SKU005,Instant Coffee 100g,30,22.604092,7.395908355712891
2026-06-28,ST004,Delhi,SKU005,Instant Coffee 100g,23,23.52289,0.5228900909423828
2026-06-29,ST004,Delhi,SKU005,Instant Coffee 100g,15,19.848902,4.848901748657227
2026-06-30,ST004,Delhi,SKU005,Instant Coffee 100g,22,20.397179,1.6028213500976562
2026-07-01,ST004,Delhi,SKU005,Instant Coffee 100g,25,22.11758,2.8824195861816406
2026-07-02,ST004,Delhi,SKU005,Instant Coffee 100g,21,20.606833,0.39316749572753906
2026-07-03,ST004,Delhi,SKU005,Instant Coffee 100g,18,19.19396,1.193960189819336
2026-07-04,ST004,Delhi,SKU005,Instant Coffee 100g,17,21.365198,4.365198135375977
2026-07-05,ST004,Delhi,SKU005,Instant Coffee 100g,21,22.53727,1.5372695922851562
2026-07-06,ST004,Delhi,SKU005,Instant Coffee 100g,17,20.359943,3.359943389892578
2026-07-07,ST004,Delhi,SKU005,Instant Coffee 100g,17,20.202713,3.2027130126953125
2026-07-08,ST004,Delhi,SKU005,Instant Coffee 100g,24,19.549429,4.450571060180664
2026-07-09,ST004,Delhi,SKU005,Instant Coffee 100g,16,18.55277,2.5527706146240234
2026-07-10,ST004,Delhi,SKU005,Instant Coffee 100g,24,18.866161,5.133838653564453
2026-07-11,ST004,Delhi,SKU005,Instant Coffee 100g,17,21.440928,4.440927505493164
2026-07-12,ST004,Delhi,SKU005,Instant Coffee 100g,18,23.013315,5.013315200805664
2026-07-13,ST004,Delhi,SKU005,Instant Coffee 100g,16,19.585627,3.5856266021728516
2026-07-14,ST004,Delhi,SKU005,Instant Coffee 100g,22,20.060404,1.939596176147461
2026-07-15,ST004,Delhi,SKU005,Instant Coffee 100g,18,19.737926,1.7379264831542969
2026-07-16,ST004,Delhi,SKU005,Instant Coffee 100g,11,19.09174,8.091739654541016
2026-07-17,ST004,Delhi,SKU005,Instant Coffee 100g,15,20.357996,5.357995986938477
2026-07-18,ST004,Delhi,SKU005,Instant Coffee 100g,29,28.82899,0.17100906372070312
2026-07-19,ST004,Delhi,SKU005,Instant Coffee 100g,25,23.159296,1.8407039642333984
2026-07-20,ST004,Delhi,SKU005,Instant Coffee 100g,20,29.869648,9.869647979736328
2026-07-21,ST004,Delhi,SKU005,Instant Coffee 100g,20,19.831902,0.16809844970703125
2026-07-22,ST004,Delhi,SKU005,Instant Coffee 100g,15,19.385542,4.385541915893555
2026-07-23,ST004,Delhi,SKU005,Instant Coffee 100g,16,18.659311,2.659311294555664
2026-07-24,ST004,Delhi,SKU005,Instant Coffee 100g,18,21.247454,3.2474536895751953
2026-07-25,ST004,Delhi,SKU005,Instant Coffee 100g,23,23.572283,0.5722827911376953
2026-07-26,ST004,Delhi,SKU005,Instant Coffee 100g,27,24.233,2.767000198364258
2026-07-27,ST004,Delhi,SKU005,Instant Coffee 100g,14,21.18829,7.188289642333984
2026-07-28,ST004,Delhi,SKU005,Instant Coffee 100g,24,20.115738,3.8842620849609375
2026-07-29,ST004,Delhi,SKU005,Instant Coffee 100g,15,19.490284,4.490283966064453
2026-07-30,ST004,Delhi,SKU005,Instant Coffee 100g,20,19.168455,0.8315448760986328
2026-07-31,ST004,Delhi,SKU005,Instant Coffee 100g,21,20.813139,0.1868610382080078
2026-05-02,ST005,Hyderabad,SKU001,Shampoo 340ml,21,23.390394,2.3903942108154297
2026-05-03,ST005,Hyderabad,SKU001,Shampoo 340ml,26,23.30193,2.698070526123047
2026-05-04,ST005,Hyderabad,SKU001,Shampoo 340ml,15,22.346613,7.346612930297852
2026-05-05,ST005,Hyderabad,SKU001,Shampoo 340ml,19,22.27938,3.2793807983398438
2026-05-06,ST005,Hyderabad,SKU001,Shampoo 340ml,21,20.162651,0.8373489379882812
2026-05-07,ST005,Hyderabad,SKU001,Shampoo 340ml,28,20.970343,7.029657363891602
2026-05-08,ST005,Hyderabad,SKU001,Shampoo 340ml,17,20.877497,3.8774967193603516
2026-05-09,ST005,Hyderabad,SKU001,Shampoo 340ml,18,24.226564,6.226564407348633
2026-05-10,ST005,Hyderabad,SKU001,Shampoo 340ml,27,22.833172,4.166828155517578
2026-05-11,ST005,Hyderabad,SKU001,Shampoo 340ml,20,20.451893,0.4518928527832031
2026-05-12,ST005,Hyderabad,SKU001,Shampoo 340ml,16,21.562033,5.562032699584961
2026-05-13,ST005,Hyderabad,SKU001,Shampoo 340ml,21,20.943192,0.0568084716796875
2026-05-14,ST005,Hyderabad,SKU001,Shampoo 340ml,17,20.147861,3.1478614807128906
2026-05-15,ST005,Hyderabad,SKU001,Shampoo 340ml,21,19.789034,1.2109661102294922
2026-05-16,ST005,Hyderabad,SKU001,Shampoo 340ml,24,23.922638,0.077362060546875
2026-05-17,ST005,Hyderabad,SKU001,Shampoo 340ml,22,23.59935,1.5993499755859375
2026-05-18,ST005,Hyderabad,SKU001,Shampoo 340ml,15,20.11688,5.116880416870117
2026-05-19,ST005,Hyderabad,SKU001,Shampoo 340ml,18,21.316313,3.316312789916992
2026-05-20,ST005,Hyderabad,SKU001,Shampoo 340ml,23,20.319012,2.680988311767578
2026-05-21,ST005,Hyderabad,SKU001,Shampoo 340ml,20,20.67272,0.6727199554443359
2026-05-22,ST005,Hyderabad,SKU001,Shampoo 340ml,38,28.972221,9.027778625488281
2026-05-23,ST005,Hyderabad,SKU001,Shampoo 340ml,25,25.5266,0.5265998840332031
2026-05-24,ST005,Hyderabad,SKU001,Shampoo 340ml,23,24.355251,1.3552513122558594
2026-05-25,ST005,Hyderabad,SKU001,Shampoo 340ml,20,20.861544,0.8615436553955078
2026-05-26,ST005,Hyderabad,SKU001,Shampoo 340ml,28,20.574137,7.425863265991211
2026-05-27,ST005,Hyderabad,SKU001,Shampoo 340ml,20,21.216259,1.2162590026855469
2026-05-28,ST005,Hyderabad,SKU001,Shampoo 340ml,27,20.924788,6.075212478637695
2026-05-29,ST005,Hyderabad,SKU001,Shampoo 340ml,15,21.676163,6.6761627197265625
2026-05-30,ST005,Hyderabad,SKU001,Shampoo 340ml,23,23.95014,0.9501399993896484
2026-05-31,ST005,Hyderabad,SKU001,Shampoo 340ml,26,23.73318,2.2668209075927734
2026-06-01,ST005,Hyderabad,SKU001,Shampoo 340ml,16,20.636839,4.636838912963867
2026-06-02,ST005,Hyderabad,SKU001,Shampoo 340ml,26,25.695343,0.304656982421875
2026-06-03,ST005,Hyderabad,SKU001,Shampoo 340ml,21,21.013466,0.01346588134765625
2026-06-04,ST005,Hyderabad,SKU001,Shampoo 340ml,15,20.354082,5.354082107543945
2026-06-05,ST005,Hyderabad,SKU001,Shampoo 340ml,19,23.476633,4.476633071899414
2026-06-06,ST005,Hyderabad,SKU001,Shampoo 340ml,18,23.667406,5.66740608215332
2026-06-07,ST005,Hyderabad,SKU001,Shampoo 340ml,23,23.373863,0.37386322021484375
2026-06-08,ST005,Hyderabad,SKU001,Shampoo 340ml,22,20.529774,1.4702262878417969
2026-06-09,ST005,Hyderabad,SKU001,Shampoo 340ml,18,21.048431,3.048431396484375
2026-06-10,ST005,Hyderabad,SKU001,Shampoo 340ml,17,21.245684,4.245683670043945
2026-06-11,ST005,Hyderabad,SKU001,Shampoo 340ml,20,20.914537,0.9145374298095703
2026-06-12,ST005,Hyderabad,SKU001,Shampoo 340ml,18,20.716814,2.7168140411376953
2026-06-13,ST005,Hyderabad,SKU001,Shampoo 340ml,27,24.247196,2.7528038024902344
2026-06-14,ST005,Hyderabad,SKU001,Shampoo 340ml,19,23.525822,4.525821685791016
2026-06-15,ST005,Hyderabad,SKU001,Shampoo 340ml,20,20.671041,0.6710414886474609
2026-06-16,ST005,Hyderabad,SKU001,Shampoo 340ml,21,21.293703,0.2937030792236328
2026-06-17,ST005,Hyderabad,SKU001,Shampoo 340ml,18,20.196882,2.1968822479248047
2026-06-18,ST005,Hyderabad,SKU001,Shampoo 340ml,23,19.876581,3.1234188079833984
2026-06-19,ST005,Hyderabad,SKU001,Shampoo 340ml,15,21.305101,6.30510139465332
2026-06-20,ST005,Hyderabad,SKU001,Shampoo 340ml,35,30.043388,4.956611633300781
2026-06-21,ST005,Hyderabad,SKU001,Shampoo 340ml,30,26.265995,3.7340049743652344
2026-06-22,ST005,Hyderabad,SKU001,Shampoo 340ml,17,21.52516,4.52515983581543
2026-06-23,ST005,Hyderabad,SKU001,Shampoo 340ml,11,20.570232,9.570232391357422
2026-06-24,ST005,Hyderabad,SKU001,Shampoo 340ml,20,18.608744,1.391256332397461
2026-06-25,ST005,Hyderabad,SKU001,Shampoo 340ml,13,19.47439,6.474390029907227
2026-06-26,ST005,Hyderabad,SKU001,Shampoo 340ml,17,20.709005,3.709005355834961
2026-06-27,ST005,Hyderabad,SKU001,Shampoo 340ml,25,25.397095,0.3970947265625
2026-06-28,ST005,Hyderabad,SKU001,Shampoo 340ml,19,26.151346,7.151346206665039
2026-06-29,ST005,Hyderabad,SKU001,Shampoo 340ml,23,20.004604,2.9953956604003906
2026-06-30,ST005,Hyderabad,SKU001,Shampoo 340ml,20,20.238176,0.2381763458251953
2026-07-01,ST005,Hyderabad,SKU001,Shampoo 340ml,22,20.812864,1.1871356964111328
2026-07-02,ST005,Hyderabad,SKU001,Shampoo 340ml,19,20.259638,1.2596378326416016
2026-07-03,ST005,Hyderabad,SKU001,Shampoo 340ml,25,18.769054,6.230945587158203
2026-07-04,ST005,Hyderabad,SKU001,Shampoo 340ml,26,23.822504,2.1774959564208984
2026-07-05,ST005,Hyderabad,SKU001,Shampoo 340ml,20,24.196926,4.196926116943359
2026-07-06,ST005,Hyderabad,SKU001,Shampoo 340ml,22,20.409294,1.5907058715820312
2026-07-07,ST005,Hyderabad,SKU001,Shampoo 340ml,18,19.913273,1.9132728576660156
2026-07-08,ST005,Hyderabad,SKU001,Shampoo 340ml,19,20.053022,1.0530223846435547
2026-07-09,ST005,Hyderabad,SKU001,Shampoo 340ml,19,19.634836,0.6348361968994141
2026-07-10,ST005,Hyderabad,SKU001,Shampoo 340ml,16,20.162506,4.162506103515625
2026-07-11,ST005,Hyderabad,SKU001,Shampoo 340ml,29,23.647367,5.352632522583008
2026-07-12,ST005,Hyderabad,SKU001,Shampoo 340ml,23,24.208483,1.2084827423095703
2026-07-13,ST005,Hyderabad,SKU001,Shampoo 340ml,29,20.911842,8.088157653808594
2026-07-14,ST005,Hyderabad,SKU001,Shampoo 340ml,33,29.357372,3.642627716064453
2026-07-15,ST005,Hyderabad,SKU001,Shampoo 340ml,20,21.553896,1.5538959503173828
2026-07-16,ST005,Hyderabad,SKU001,Shampoo 340ml,19,19.793972,0.7939720153808594
2026-07-17,ST005,Hyderabad,SKU001,Shampoo 340ml,20,20.76075,0.7607498168945312
2026-07-18,ST005,Hyderabad,SKU001,Shampoo 340ml,29,25.180723,3.819276809692383
2026-07-19,ST005,Hyderabad,SKU001,Shampoo 340ml,24,24.483866,0.48386573791503906
2026-07-20,ST005,Hyderabad,SKU001,Shampoo 340ml,22,22.271599,0.27159881591796875
2026-07-21,ST005,Hyderabad,SKU001,Shampoo 340ml,22,21.178997,0.8210029602050781
2026-07-22,ST005,Hyderabad,SKU001,Shampoo 340ml,21,20.61447,0.3855304718017578
2026-07-23,ST005,Hyderabad,SKU001,Shampoo 340ml,32,28.510153,3.489847183227539
2026-07-24,ST005,Hyderabad,SKU001,Shampoo 340ml,15,20.016422,5.016422271728516
2026-07-25,ST005,Hyderabad,SKU001,Shampoo 340ml,24,24.354992,0.3549919128417969
2026-07-26,ST005,Hyderabad,SKU001,Shampoo 340ml,21,24.227022,3.227022171020508
2026-07-27,ST005,Hyderabad,SKU001,Shampoo 340ml,22,20.380993,1.6190071105957031
2026-07-28,ST005,Hyderabad,SKU001,Shampoo 340ml,20,19.553925,0.446075439453125
2026-07-29,ST005,Hyderabad,SKU001,Shampoo 340ml,15,19.612053,4.612052917480469
2026-07-30,ST005,Hyderabad,SKU001,Shampoo 340ml,23,19.351269,3.648731231689453
2026-07-31,ST005,Hyderabad,SKU001,Shampoo 340ml,24,21.659063,2.3409366607666016
2026-05-02,ST005,Hyderabad,SKU002,Bath Soap 100g,40,40.29932,0.2993202209472656
2026-05-03,ST005,Hyderabad,SKU002,Bath Soap 100g,42,41.72331,0.2766914367675781
2026-05-04,ST005,Hyderabad,SKU002,Bath Soap 100g,33,36.674816,3.674816131591797
2026-05-05,ST005,Hyderabad,SKU002,Bath Soap 100g,16,36.979122,20.979122161865234
2026-05-06,ST005,Hyderabad,SKU002,Bath Soap 100g,35,38.417797,3.417797088623047
2026-05-07,ST005,Hyderabad,SKU002,Bath Soap 100g,47,35.092113,11.907886505126953
2026-05-08,ST005,Hyderabad,SKU002,Bath Soap 100g,42,40.834583,1.1654167175292969
2026-05-09,ST005,Hyderabad,SKU002,Bath Soap 100g,43,41.691444,1.3085556030273438
2026-05-10,ST005,Hyderabad,SKU002,Bath Soap 100g,34,42.246487,8.24648666381836
2026-05-11,ST005,Hyderabad,SKU002,Bath Soap 100g,43,35.591778,7.408222198486328
2026-05-12,ST005,Hyderabad,SKU002,Bath Soap 100g,47,39.590927,7.4090728759765625
2026-05-13,ST005,Hyderabad,SKU002,Bath Soap 100g,31,36.064808,5.064807891845703
2026-05-14,ST005,Hyderabad,SKU002,Bath Soap 100g,30,35.718052,5.718051910400391
2026-05-15,ST005,Hyderabad,SKU002,Bath Soap 100g,48,45.409794,2.5902061462402344
2026-05-16,ST005,Hyderabad,SKU002,Bath Soap 100g,31,42.035168,11.035167694091797
2026-05-17,ST005,Hyderabad,SKU002,Bath Soap 100g,42,40.95049,1.0495109558105469
2026-05-18,ST005,Hyderabad,SKU002,Bath Soap 100g,25,35.847107,10.84710693359375
2026-05-19,ST005,Hyderabad,SKU002,Bath Soap 100g,39,34.808907,4.191093444824219
2026-05-20,ST005,Hyderabad,SKU002,Bath Soap 100g,38,36.412617,1.5873832702636719
2026-05-21,ST005,Hyderabad,SKU002,Bath Soap 100g,46,37.696304,8.303695678710938
2026-05-22,ST005,Hyderabad,SKU002,Bath Soap 100g,37,36.762997,0.23700332641601562
2026-05-23,ST005,Hyderabad,SKU002,Bath Soap 100g,39,42.376545,3.376544952392578
2026-05-24,ST005,Hyderabad,SKU002,Bath Soap 100g,48,40.79346,7.206539154052734
2026-05-25,ST005,Hyderabad,SKU002,Bath Soap 100g,46,40.98869,5.011310577392578
2026-05-26,ST005,Hyderabad,SKU002,Bath Soap 100g,39,36.494225,2.5057754516601562
2026-05-27,ST005,Hyderabad,SKU002,Bath Soap 100g,52,35.511856,16.488143920898438
2026-05-28,ST005,Hyderabad,SKU002,Bath Soap 100g,31,36.167557,5.1675567626953125
2026-05-29,ST005,Hyderabad,SKU002,Bath Soap 100g,37,37.827785,0.8277854919433594
2026-05-30,ST005,Hyderabad,SKU002,Bath Soap 100g,40,39.976784,0.02321624755859375
2026-05-31,ST005,Hyderabad,SKU002,Bath Soap 100g,38,40.265854,2.2658538818359375
2026-06-01,ST005,Hyderabad,SKU002,Bath Soap 100g,36,38.33364,2.3336410522460938
2026-06-02,ST005,Hyderabad,SKU002,Bath Soap 100g,46,37.586624,8.413375854492188
2026-06-03,ST005,Hyderabad,SKU002,Bath Soap 100g,34,37.48894,3.488941192626953
2026-06-04,ST005,Hyderabad,SKU002,Bath Soap 100g,44,37.812496,6.187503814697266
2026-06-05,ST005,Hyderabad,SKU002,Bath Soap 100g,39,37.065697,1.9343032836914062
2026-06-06,ST005,Hyderabad,SKU002,Bath Soap 100g,54,42.390896,11.60910415649414
2026-06-07,ST005,Hyderabad,SKU002,Bath Soap 100g,37,44.35145,7.351451873779297
2026-06-08,ST005,Hyderabad,SKU002,Bath Soap 100g,36,39.807083,3.8070831298828125
2026-06-09,ST005,Hyderabad,SKU002,Bath Soap 100g,41,35.550686,5.449314117431641
2026-06-10,ST005,Hyderabad,SKU002,Bath Soap 100g,48,39.633648,8.366352081298828
2026-06-11,ST005,Hyderabad,SKU002,Bath Soap 100g,28,39.329296,11.329296112060547
2026-06-12,ST005,Hyderabad,SKU002,Bath Soap 100g,60,54.334282,5.665718078613281
2026-06-13,ST005,Hyderabad,SKU002,Bath Soap 100g,42,42.87291,0.8729095458984375
2026-06-14,ST005,Hyderabad,SKU002,Bath Soap 100g,43,42.903957,0.09604263305664062
2026-06-15,ST005,Hyderabad,SKU002,Bath Soap 100g,34,35.15083,1.1508293151855469
2026-06-16,ST005,Hyderabad,SKU002,Bath Soap 100g,40,35.822056,4.177944183349609
2026-06-17,ST005,Hyderabad,SKU002,Bath Soap 100g,30,33.34294,3.3429412841796875
2026-06-18,ST005,Hyderabad,SKU002,Bath Soap 100g,43,37.337566,5.662433624267578
2026-06-19,ST005,Hyderabad,SKU002,Bath Soap 100g,35,36.037376,1.0373764038085938
2026-06-20,ST005,Hyderabad,SKU002,Bath Soap 100g,43,44.071842,1.0718421936035156
2026-06-21,ST005,Hyderabad,SKU002,Bath Soap 100g,53,56.555264,3.5552635192871094
2026-06-22,ST005,Hyderabad,SKU002,Bath Soap 100g,47,35.605236,11.394763946533203
2026-06-23,ST005,Hyderabad,SKU002,Bath Soap 100g,49,49.171806,0.17180633544921875
2026-06-24,ST005,Hyderabad,SKU002,Bath Soap 100g,35,34.890003,0.10999679565429688
2026-06-25,ST005,Hyderabad,SKU002,Bath Soap 100g,29,35.601906,6.601905822753906
2026-06-26,ST005,Hyderabad,SKU002,Bath Soap 100g,37,36.410744,0.5892562866210938
2026-06-27,ST005,Hyderabad,SKU002,Bath Soap 100g,38,41.62619,3.626190185546875
2026-06-28,ST005,Hyderabad,SKU002,Bath Soap 100g,33,41.632763,8.632762908935547
2026-06-29,ST005,Hyderabad,SKU002,Bath Soap 100g,34,37.12009,3.1200904846191406
2026-06-30,ST005,Hyderabad,SKU002,Bath Soap 100g,44,36.349113,7.650886535644531
2026-07-01,ST005,Hyderabad,SKU002,Bath Soap 100g,38,38.102097,0.1020965576171875
2026-07-02,ST005,Hyderabad,SKU002,Bath Soap 100g,41,35.862915,5.1370849609375
2026-07-03,ST005,Hyderabad,SKU002,Bath Soap 100g,36,37.12921,1.12921142578125
2026-07-04,ST005,Hyderabad,SKU002,Bath Soap 100g,47,43.16326,3.8367385864257812
2026-07-05,ST005,Hyderabad,SKU002,Bath Soap 100g,35,42.55436,7.554359436035156
2026-07-06,ST005,Hyderabad,SKU002,Bath Soap 100g,39,39.65555,0.655548095703125
2026-07-07,ST005,Hyderabad,SKU002,Bath Soap 100g,41,37.01398,3.9860191345214844
2026-07-08,ST005,Hyderabad,SKU002,Bath Soap 100g,43,35.532066,7.467933654785156
2026-07-09,ST005,Hyderabad,SKU002,Bath Soap 100g,40,42.09158,2.0915794372558594
2026-07-10,ST005,Hyderabad,SKU002,Bath Soap 100g,37,36.752037,0.24796295166015625
2026-07-11,ST005,Hyderabad,SKU002,Bath Soap 100g,51,43.124355,7.875644683837891
2026-07-12,ST005,Hyderabad,SKU002,Bath Soap 100g,40,41.214573,1.2145729064941406
2026-07-13,ST005,Hyderabad,SKU002,Bath Soap 100g,30,37.200485,7.2004852294921875
2026-07-14,ST005,Hyderabad,SKU002,Bath Soap 100g,39,36.866146,2.1338539123535156
2026-07-15,ST005,Hyderabad,SKU002,Bath Soap 100g,39,37.824738,1.175262451171875
2026-07-16,ST005,Hyderabad,SKU002,Bath Soap 100g,30,35.742096,5.742095947265625
2026-07-17,ST005,Hyderabad,SKU002,Bath Soap 100g,34,37.15062,3.1506195068359375
2026-07-18,ST005,Hyderabad,SKU002,Bath Soap 100g,44,40.603317,3.3966827392578125
2026-07-19,ST005,Hyderabad,SKU002,Bath Soap 100g,42,42.360474,0.3604736328125
2026-07-20,ST005,Hyderabad,SKU002,Bath Soap 100g,42,36.198853,5.8011474609375
2026-07-21,ST005,Hyderabad,SKU002,Bath Soap 100g,30,34.74279,4.742790222167969
2026-07-22,ST005,Hyderabad,SKU002,Bath Soap 100g,41,35.97186,5.028141021728516
2026-07-23,ST005,Hyderabad,SKU002,Bath Soap 100g,35,37.544083,2.5440826416015625
2026-07-24,ST005,Hyderabad,SKU002,Bath Soap 100g,32,35.94987,3.949871063232422
2026-07-25,ST005,Hyderabad,SKU002,Bath Soap 100g,37,44.580544,7.580543518066406
2026-07-26,ST005,Hyderabad,SKU002,Bath Soap 100g,52,41.21431,10.785690307617188
2026-07-27,ST005,Hyderabad,SKU002,Bath Soap 100g,37,36.45476,0.5452384948730469
2026-07-28,ST005,Hyderabad,SKU002,Bath Soap 100g,43,36.654922,6.3450775146484375
2026-07-29,ST005,Hyderabad,SKU002,Bath Soap 100g,35,36.25626,1.2562599182128906
2026-07-30,ST005,Hyderabad,SKU002,Bath Soap 100g,45,35.666122,9.333877563476562
2026-07-31,ST005,Hyderabad,SKU002,Bath Soap 100g,32,37.198196,5.1981964111328125
2026-05-02,ST005,Hyderabad,SKU003,Laundry Detergent 1kg,38,33.46689,4.533111572265625
2026-05-03,ST005,Hyderabad,SKU003,Laundry Detergent 1kg,23,36.308445,13.30844497680664
2026-05-04,ST005,Hyderabad,SKU003,Laundry Detergent 1kg,45,32.850273,12.149726867675781
2026-05-05,ST005,Hyderabad,SKU003,Laundry Detergent 1kg,29,28.634602,0.3653984069824219
2026-05-06,ST005,Hyderabad,SKU003,Laundry Detergent 1kg,27,29.083506,2.083505630493164
2026-05-07,ST005,Hyderabad,SKU003,Laundry Detergent 1kg,31,30.213993,0.7860069274902344
2026-05-08,ST005,Hyderabad,SKU003,Laundry Detergent 1kg,36,30.975657,5.024343490600586
2026-05-09,ST005,Hyderabad,SKU003,Laundry Detergent 1kg,31,39.340485,8.340484619140625
2026-05-10,ST005,Hyderabad,SKU003,Laundry Detergent 1kg,21,32.628296,11.6282958984375
2026-05-11,ST005,Hyderabad,SKU003,Laundry Detergent 1kg,34,30.509863,3.4901371002197266
2026-05-12,ST005,Hyderabad,SKU003,Laundry Detergent 1kg,29,30.064865,1.0648651123046875
2026-05-13,ST005,Hyderabad,SKU003,Laundry Detergent 1kg,24,29.482084,5.482084274291992
2026-05-14,ST005,Hyderabad,SKU003,Laundry Detergent 1kg,33,33.01956,0.019561767578125
2026-05-15,ST005,Hyderabad,SKU003,Laundry Detergent 1kg,33,29.63253,3.3674697875976562
2026-05-16,ST005,Hyderabad,SKU003,Laundry Detergent 1kg,39,34.713665,4.286334991455078
2026-05-17,ST005,Hyderabad,SKU003,Laundry Detergent 1kg,39,32.49562,6.5043792724609375
2026-05-18,ST005,Hyderabad,SKU003,Laundry Detergent 1kg,29,31.855204,2.855203628540039
2026-05-19,ST005,Hyderabad,SKU003,Laundry Detergent 1kg,21,30.01061,9.010610580444336
2026-05-20,ST005,Hyderabad,SKU003,Laundry Detergent 1kg,33,29.818722,3.1812782287597656
2026-05-21,ST005,Hyderabad,SKU003,Laundry Detergent 1kg,26,29.616087,3.616086959838867
2026-05-22,ST005,Hyderabad,SKU003,Laundry Detergent 1kg,32,29.639301,2.360698699951172
2026-05-23,ST005,Hyderabad,SKU003,Laundry Detergent 1kg,35,34.218086,0.7819137573242188
2026-05-24,ST005,Hyderabad,SKU003,Laundry Detergent 1kg,41,34.59527,6.404731750488281
2026-05-25,ST005,Hyderabad,SKU003,Laundry Detergent 1kg,34,29.200245,4.799755096435547
2026-05-26,ST005,Hyderabad,SKU003,Laundry Detergent 1kg,34,36.176315,2.1763153076171875
2026-05-27,ST005,Hyderabad,SKU003,Laundry Detergent 1kg,41,30.248175,10.751825332641602
2026-05-28,ST005,Hyderabad,SKU003,Laundry Detergent 1kg,28,30.287111,2.287111282348633
2026-05-29,ST005,Hyderabad,SKU003,Laundry Detergent 1kg,23,30.16863,7.168630599975586
2026-05-30,ST005,Hyderabad,SKU003,Laundry Detergent 1kg,31,35.246563,4.246562957763672
2026-05-31,ST005,Hyderabad,SKU003,Laundry Detergent 1kg,43,31.883053,11.116947174072266
2026-06-01,ST005,Hyderabad,SKU003,Laundry Detergent 1kg,25,30.834677,5.834676742553711
2026-06-02,ST005,Hyderabad,SKU003,Laundry Detergent 1kg,11,30.746283,19.74628257751465
2026-06-03,ST005,Hyderabad,SKU003,Laundry Detergent 1kg,40,35.22179,4.778209686279297
2026-06-04,ST005,Hyderabad,SKU003,Laundry Detergent 1kg,50,29.01481,20.98518943786621
2026-06-05,ST005,Hyderabad,SKU003,Laundry Detergent 1kg,32,30.299427,1.7005729675292969
2026-06-06,ST005,Hyderabad,SKU003,Laundry Detergent 1kg,32,32.068245,0.06824493408203125
2026-06-07,ST005,Hyderabad,SKU003,Laundry Detergent 1kg,34,33.130306,0.8696937561035156
2026-06-08,ST005,Hyderabad,SKU003,Laundry Detergent 1kg,29,28.342802,0.6571979522705078
2026-06-09,ST005,Hyderabad,SKU003,Laundry Detergent 1kg,35,28.614338,6.385662078857422
2026-06-10,ST005,Hyderabad,SKU003,Laundry Detergent 1kg,25,31.059292,6.059291839599609
2026-06-11,ST005,Hyderabad,SKU003,Laundry Detergent 1kg,28,29.694267,1.6942672729492188
2026-06-12,ST005,Hyderabad,SKU003,Laundry Detergent 1kg,30,30.549566,0.5495662689208984
2026-06-13,ST005,Hyderabad,SKU003,Laundry Detergent 1kg,27,32.79224,5.792240142822266
2026-06-14,ST005,Hyderabad,SKU003,Laundry Detergent 1kg,30,32.97064,2.9706382751464844
2026-06-15,ST005,Hyderabad,SKU003,Laundry Detergent 1kg,22,29.190071,7.190071105957031
2026-06-16,ST005,Hyderabad,SKU003,Laundry Detergent 1kg,37,30.641031,6.358968734741211
2026-06-17,ST005,Hyderabad,SKU003,Laundry Detergent 1kg,24,30.394346,6.394346237182617
2026-06-18,ST005,Hyderabad,SKU003,Laundry Detergent 1kg,32,28.905045,3.0949554443359375
2026-06-19,ST005,Hyderabad,SKU003,Laundry Detergent 1kg,22,29.922136,7.922136306762695
2026-06-20,ST005,Hyderabad,SKU003,Laundry Detergent 1kg,35,35.081337,0.08133697509765625
2026-06-21,ST005,Hyderabad,SKU003,Laundry Detergent 1kg,28,33.45074,5.450740814208984
2026-06-22,ST005,Hyderabad,SKU003,Laundry Detergent 1kg,31,29.726309,1.273691177368164
2026-06-23,ST005,Hyderabad,SKU003,Laundry Detergent 1kg,39,29.071817,9.928182601928711
2026-06-24,ST005,Hyderabad,SKU003,Laundry Detergent 1kg,37,31.303072,5.696928024291992
2026-06-25,ST005,Hyderabad,SKU003,Laundry Detergent 1kg,46,29.576239,16.42376136779785
2026-06-26,ST005,Hyderabad,SKU003,Laundry Detergent 1kg,24,31.282612,7.282611846923828
2026-06-27,ST005,Hyderabad,SKU003,Laundry Detergent 1kg,40,33.604546,6.395454406738281
2026-06-28,ST005,Hyderabad,SKU003,Laundry Detergent 1kg,30,32.547768,2.5477676391601562
2026-06-29,ST005,Hyderabad,SKU003,Laundry Detergent 1kg,33,31.64944,1.3505592346191406
2026-06-30,ST005,Hyderabad,SKU003,Laundry Detergent 1kg,21,29.371534,8.37153434753418
2026-07-01,ST005,Hyderabad,SKU003,Laundry Detergent 1kg,31,30.026571,0.9734287261962891
2026-07-02,ST005,Hyderabad,SKU003,Laundry Detergent 1kg,29,30.332142,1.3321418762207031
2026-07-03,ST005,Hyderabad,SKU003,Laundry Detergent 1kg,34,29.828255,4.171745300292969
2026-07-04,ST005,Hyderabad,SKU003,Laundry Detergent 1kg,38,35.0691,2.9309005737304688
2026-07-05,ST005,Hyderabad,SKU003,Laundry Detergent 1kg,27,33.154205,6.154205322265625
2026-07-06,ST005,Hyderabad,SKU003,Laundry Detergent 1kg,23,29.56708,6.567079544067383
2026-07-07,ST005,Hyderabad,SKU003,Laundry Detergent 1kg,30,30.560707,0.5607070922851562
2026-07-08,ST005,Hyderabad,SKU003,Laundry Detergent 1kg,31,27.652168,3.3478317260742188
2026-07-09,ST005,Hyderabad,SKU003,Laundry Detergent 1kg,34,30.402552,3.5974483489990234
2026-07-10,ST005,Hyderabad,SKU003,Laundry Detergent 1kg,24,29.954357,5.954357147216797
2026-07-11,ST005,Hyderabad,SKU003,Laundry Detergent 1kg,27,33.11141,6.111408233642578
2026-07-12,ST005,Hyderabad,SKU003,Laundry Detergent 1kg,26,32.03283,6.032829284667969
2026-07-13,ST005,Hyderabad,SKU003,Laundry Detergent 1kg,34,30.27169,3.7283096313476562
2026-07-14,ST005,Hyderabad,SKU003,Laundry Detergent 1kg,30,30.626822,0.6268215179443359
2026-07-15,ST005,Hyderabad,SKU003,Laundry Detergent 1kg,25,29.10665,4.106649398803711
2026-07-16,ST005,Hyderabad,SKU003,Laundry Detergent 1kg,40,37.331345,2.6686553955078125
2026-07-17,ST005,Hyderabad,SKU003,Laundry Detergent 1kg,30,29.82579,0.1742095947265625
2026-07-18,ST005,Hyderabad,SKU003,Laundry Detergent 1kg,39,34.162983,4.837017059326172
2026-07-19,ST005,Hyderabad,SKU003,Laundry Detergent 1kg,34,37.926666,3.926666259765625
2026-07-20,ST005,Hyderabad,SKU003,Laundry Detergent 1kg,26,31.06559,5.065589904785156
2026-07-21,ST005,Hyderabad,SKU003,Laundry Detergent 1kg,32,29.300264,2.699735641479492
2026-07-22,ST005,Hyderabad,SKU003,Laundry Detergent 1kg,23,30.133495,7.133495330810547
2026-07-23,ST005,Hyderabad,SKU003,Laundry Detergent 1kg,35,30.954628,4.045372009277344
2026-07-24,ST005,Hyderabad,SKU003,Laundry Detergent 1kg,33,30.25773,2.742269515991211
2026-07-25,ST005,Hyderabad,SKU003,Laundry Detergent 1kg,39,33.529953,5.4700469970703125
2026-07-26,ST005,Hyderabad,SKU003,Laundry Detergent 1kg,36,33.770096,2.2299041748046875
2026-07-27,ST005,Hyderabad,SKU003,Laundry Detergent 1kg,31,30.176455,0.8235454559326172
2026-07-28,ST005,Hyderabad,SKU003,Laundry Detergent 1kg,42,30.155514,11.844486236572266
2026-07-29,ST005,Hyderabad,SKU003,Laundry Detergent 1kg,23,29.390339,6.390338897705078
2026-07-30,ST005,Hyderabad,SKU003,Laundry Detergent 1kg,31,29.73166,1.2683391571044922
2026-07-31,ST005,Hyderabad,SKU003,Laundry Detergent 1kg,28,30.047285,2.0472850799560547
2026-05-02,ST005,Hyderabad,SKU004,Dishwash Liquid 500ml,38,28.445755,9.554244995117188
2026-05-03,ST005,Hyderabad,SKU004,Dishwash Liquid 500ml,23,29.444221,6.444221496582031
2026-05-04,ST005,Hyderabad,SKU004,Dishwash Liquid 500ml,21,25.981924,4.981924057006836
2026-05-05,ST005,Hyderabad,SKU004,Dishwash Liquid 500ml,32,26.491701,5.508298873901367
2026-05-06,ST005,Hyderabad,SKU004,Dishwash Liquid 500ml,24,25.268768,1.268768310546875
2026-05-07,ST005,Hyderabad,SKU004,Dishwash Liquid 500ml,27,26.37595,0.6240501403808594
2026-05-08,ST005,Hyderabad,SKU004,Dishwash Liquid 500ml,27,26.536863,0.4631366729736328
2026-05-09,ST005,Hyderabad,SKU004,Dishwash Liquid 500ml,26,30.375237,4.375236511230469
2026-05-10,ST005,Hyderabad,SKU004,Dishwash Liquid 500ml,28,28.947237,0.9472370147705078
2026-05-11,ST005,Hyderabad,SKU004,Dishwash Liquid 500ml,21,26.018246,5.018245697021484
2026-05-12,ST005,Hyderabad,SKU004,Dishwash Liquid 500ml,30,25.588818,4.411182403564453
2026-05-13,ST005,Hyderabad,SKU004,Dishwash Liquid 500ml,19,25.96819,6.968189239501953
2026-05-14,ST005,Hyderabad,SKU004,Dishwash Liquid 500ml,30,25.319143,4.680856704711914
2026-05-15,ST005,Hyderabad,SKU004,Dishwash Liquid 500ml,28,25.646069,2.353931427001953
2026-05-16,ST005,Hyderabad,SKU004,Dishwash Liquid 500ml,28,29.182022,1.1820220947265625
2026-05-17,ST005,Hyderabad,SKU004,Dishwash Liquid 500ml,25,27.595829,2.5958290100097656
2026-05-18,ST005,Hyderabad,SKU004,Dishwash Liquid 500ml,28,32.322395,4.322395324707031
2026-05-19,ST005,Hyderabad,SKU004,Dishwash Liquid 500ml,23,25.664474,2.6644744873046875
2026-05-20,ST005,Hyderabad,SKU004,Dishwash Liquid 500ml,24,25.58749,1.5874900817871094
2026-05-21,ST005,Hyderabad,SKU004,Dishwash Liquid 500ml,36,33.437428,2.562572479248047
2026-05-22,ST005,Hyderabad,SKU004,Dishwash Liquid 500ml,27,26.742153,0.2578468322753906
2026-05-23,ST005,Hyderabad,SKU004,Dishwash Liquid 500ml,32,29.073587,2.926412582397461
2026-05-24,ST005,Hyderabad,SKU004,Dishwash Liquid 500ml,30,30.075443,0.07544326782226562
2026-05-25,ST005,Hyderabad,SKU004,Dishwash Liquid 500ml,35,31.950836,3.049163818359375
2026-05-26,ST005,Hyderabad,SKU004,Dishwash Liquid 500ml,32,23.96481,8.03519058227539
2026-05-27,ST005,Hyderabad,SKU004,Dishwash Liquid 500ml,30,23.853764,6.146236419677734
2026-05-28,ST005,Hyderabad,SKU004,Dishwash Liquid 500ml,27,25.19294,1.8070602416992188
2026-05-29,ST005,Hyderabad,SKU004,Dishwash Liquid 500ml,16,24.326124,8.32612419128418
2026-05-30,ST005,Hyderabad,SKU004,Dishwash Liquid 500ml,31,30.351246,0.6487541198730469
2026-05-31,ST005,Hyderabad,SKU004,Dishwash Liquid 500ml,31,28.09743,2.9025707244873047
2026-06-01,ST005,Hyderabad,SKU004,Dishwash Liquid 500ml,28,25.390062,2.6099376678466797
2026-06-02,ST005,Hyderabad,SKU004,Dishwash Liquid 500ml,25,27.243069,2.2430686950683594
2026-06-03,ST005,Hyderabad,SKU004,Dishwash Liquid 500ml,38,34.65917,3.340831756591797
2026-06-04,ST005,Hyderabad,SKU004,Dishwash Liquid 500ml,28,25.317968,2.6820316314697266
2026-06-05,ST005,Hyderabad,SKU004,Dishwash Liquid 500ml,24,25.585281,1.5852813720703125
2026-06-06,ST005,Hyderabad,SKU004,Dishwash Liquid 500ml,29,28.268377,0.7316226959228516
2026-06-07,ST005,Hyderabad,SKU004,Dishwash Liquid 500ml,36,27.153397,8.846603393554688
2026-06-08,ST005,Hyderabad,SKU004,Dishwash Liquid 500ml,27,24.05471,2.9452896118164062
2026-06-09,ST005,Hyderabad,SKU004,Dishwash Liquid 500ml,29,24.698694,4.301305770874023
2026-06-10,ST005,Hyderabad,SKU004,Dishwash Liquid 500ml,26,25.19989,0.80010986328125
2026-06-11,ST005,Hyderabad,SKU004,Dishwash Liquid 500ml,24,25.017664,1.0176639556884766
2026-06-12,ST005,Hyderabad,SKU004,Dishwash Liquid 500ml,32,24.668001,7.331998825073242
2026-06-13,ST005,Hyderabad,SKU004,Dishwash Liquid 500ml,22,28.497215,6.497215270996094
2026-06-14,ST005,Hyderabad,SKU004,Dishwash Liquid 500ml,36,35.3959,0.6040992736816406
2026-06-15,ST005,Hyderabad,SKU004,Dishwash Liquid 500ml,32,31.389488,0.6105117797851562
2026-06-16,ST005,Hyderabad,SKU004,Dishwash Liquid 500ml,22,27.15113,5.151130676269531
2026-06-17,ST005,Hyderabad,SKU004,Dishwash Liquid 500ml,28,27.847807,0.1521930694580078
2026-06-18,ST005,Hyderabad,SKU004,Dishwash Liquid 500ml,20,26.96077,6.9607696533203125
2026-06-19,ST005,Hyderabad,SKU004,Dishwash Liquid 500ml,20,25.667742,5.667741775512695
2026-06-20,ST005,Hyderabad,SKU004,Dishwash Liquid 500ml,48,36.59343,11.406570434570312
2026-06-21,ST005,Hyderabad,SKU004,Dishwash Liquid 500ml,27,28.98614,1.9861392974853516
2026-06-22,ST005,Hyderabad,SKU004,Dishwash Liquid 500ml,27,23.374823,3.6251773834228516
2026-06-23,ST005,Hyderabad,SKU004,Dishwash Liquid 500ml,17,24.691126,7.691125869750977
2026-06-24,ST005,Hyderabad,SKU004,Dishwash Liquid 500ml,21,25.771133,4.7711334228515625
2026-06-25,ST005,Hyderabad,SKU004,Dishwash Liquid 500ml,27,24.49225,2.507749557495117
2026-06-26,ST005,Hyderabad,SKU004,Dishwash Liquid 500ml,20,24.98987,4.989870071411133
2026-06-27,ST005,Hyderabad,SKU004,Dishwash Liquid 500ml,33,29.334024,3.665975570678711
2026-06-28,ST005,Hyderabad,SKU004,Dishwash Liquid 500ml,30,29.733683,0.26631736755371094
2026-06-29,ST005,Hyderabad,SKU004,Dishwash Liquid 500ml,29,25.141382,3.8586177825927734
2026-06-30,ST005,Hyderabad,SKU004,Dishwash Liquid 500ml,27,25.190409,1.809591293334961
2026-07-01,ST005,Hyderabad,SKU004,Dishwash Liquid 500ml,36,25.717821,10.28217887878418
2026-07-02,ST005,Hyderabad,SKU004,Dishwash Liquid 500ml,22,22.96481,0.9648094177246094
2026-07-03,ST005,Hyderabad,SKU004,Dishwash Liquid 500ml,27,26.35694,0.6430606842041016
2026-07-04,ST005,Hyderabad,SKU004,Dishwash Liquid 500ml,32,29.54883,2.451169967651367
2026-07-05,ST005,Hyderabad,SKU004,Dishwash Liquid 500ml,34,28.053904,5.946096420288086
2026-07-06,ST005,Hyderabad,SKU004,Dishwash Liquid 500ml,25,23.721323,1.278676986694336
2026-07-07,ST005,Hyderabad,SKU004,Dishwash Liquid 500ml,22,25.43333,3.433330535888672
2026-07-08,ST005,Hyderabad,SKU004,Dishwash Liquid 500ml,22,25.983763,3.983762741088867
2026-07-09,ST005,Hyderabad,SKU004,Dishwash Liquid 500ml,30,25.874006,4.125993728637695
2026-07-10,ST005,Hyderabad,SKU004,Dishwash Liquid 500ml,20,25.231508,5.231508255004883
2026-07-11,ST005,Hyderabad,SKU004,Dishwash Liquid 500ml,27,29.476372,2.4763717651367188
2026-07-12,ST005,Hyderabad,SKU004,Dishwash Liquid 500ml,36,29.215454,6.7845458984375
2026-07-13,ST005,Hyderabad,SKU004,Dishwash Liquid 500ml,27,26.33869,0.6613101959228516
2026-07-14,ST005,Hyderabad,SKU004,Dishwash Liquid 500ml,36,26.218353,9.781646728515625
2026-07-15,ST005,Hyderabad,SKU004,Dishwash Liquid 500ml,37,25.71801,11.281990051269531
2026-07-16,ST005,Hyderabad,SKU004,Dishwash Liquid 500ml,20,25.047192,5.047191619873047
2026-07-17,ST005,Hyderabad,SKU004,Dishwash Liquid 500ml,27,25.747305,1.252695083618164
2026-07-18,ST005,Hyderabad,SKU004,Dishwash Liquid 500ml,31,29.98881,1.011190414428711
2026-07-19,ST005,Hyderabad,SKU004,Dishwash Liquid 500ml,27,28.67345,1.6734504699707031
2026-07-20,ST005,Hyderabad,SKU004,Dishwash Liquid 500ml,33,28.061426,4.938573837280273
2026-07-21,ST005,Hyderabad,SKU004,Dishwash Liquid 500ml,26,25.40813,0.5918693542480469
2026-07-22,ST005,Hyderabad,SKU004,Dishwash Liquid 500ml,15,25.763668,10.763668060302734
2026-07-23,ST005,Hyderabad,SKU004,Dishwash Liquid 500ml,19,25.41219,6.412189483642578
2026-07-24,ST005,Hyderabad,SKU004,Dishwash Liquid 500ml,31,26.592691,4.407308578491211
2026-07-25,ST005,Hyderabad,SKU004,Dishwash Liquid 500ml,31,29.720682,1.279317855834961
2026-07-26,ST005,Hyderabad,SKU004,Dishwash Liquid 500ml,26,29.37251,3.3725109100341797
2026-07-27,ST005,Hyderabad,SKU004,Dishwash Liquid 500ml,27,25.838625,1.1613750457763672
2026-07-28,ST005,Hyderabad,SKU004,Dishwash Liquid 500ml,23,25.238586,2.23858642578125
2026-07-29,ST005,Hyderabad,SKU004,Dishwash Liquid 500ml,27,26.640354,0.3596458435058594
2026-07-30,ST005,Hyderabad,SKU004,Dishwash Liquid 500ml,31,24.563034,6.4369659423828125
2026-07-31,ST005,Hyderabad,SKU004,Dishwash Liquid 500ml,23,25.14953,2.1495304107666016
2026-05-02,ST005,Hyderabad,SKU005,Instant Coffee 100g,25,21.519274,3.4807262420654297
2026-05-03,ST005,Hyderabad,SKU005,Instant Coffee 100g,19,20.411499,1.4114990234375
2026-05-04,ST005,Hyderabad,SKU005,Instant Coffee 100g,17,19.00416,2.004159927368164
2026-05-05,ST005,Hyderabad,SKU005,Instant Coffee 100g,17,18.211317,1.2113170623779297
2026-05-06,ST005,Hyderabad,SKU005,Instant Coffee 100g,15,19.881254,4.881254196166992
2026-05-07,ST005,Hyderabad,SKU005,Instant Coffee 100g,11,19.723907,8.723907470703125
2026-05-08,ST005,Hyderabad,SKU005,Instant Coffee 100g,13,20.234238,7.2342376708984375
2026-05-09,ST005,Hyderabad,SKU005,Instant Coffee 100g,26,26.00233,0.002330780029296875
2026-05-10,ST005,Hyderabad,SKU005,Instant Coffee 100g,17,22.96897,5.968969345092773
2026-05-11,ST005,Hyderabad,SKU005,Instant Coffee 100g,11,19.544195,8.544195175170898
2026-05-12,ST005,Hyderabad,SKU005,Instant Coffee 100g,21,17.06895,3.931049346923828
2026-05-13,ST005,Hyderabad,SKU005,Instant Coffee 100g,14,18.07613,4.076129913330078
2026-05-14,ST005,Hyderabad,SKU005,Instant Coffee 100g,25,17.47436,7.525640487670898
2026-05-15,ST005,Hyderabad,SKU005,Instant Coffee 100g,19,17.723326,1.2766742706298828
2026-05-16,ST005,Hyderabad,SKU005,Instant Coffee 100g,27,21.774485,5.225515365600586
2026-05-17,ST005,Hyderabad,SKU005,Instant Coffee 100g,18,22.0305,4.030500411987305
2026-05-18,ST005,Hyderabad,SKU005,Instant Coffee 100g,13,17.506096,4.506095886230469
2026-05-19,ST005,Hyderabad,SKU005,Instant Coffee 100g,25,18.788713,6.211286544799805
2026-05-20,ST005,Hyderabad,SKU005,Instant Coffee 100g,26,17.537685,8.46231460571289
2026-05-21,ST005,Hyderabad,SKU005,Instant Coffee 100g,22,16.386559,5.613441467285156
2026-05-22,ST005,Hyderabad,SKU005,Instant Coffee 100g,32,17.26601,14.733989715576172
2026-05-23,ST005,Hyderabad,SKU005,Instant Coffee 100g,20,25.93833,5.938329696655273
2026-05-24,ST005,Hyderabad,SKU005,Instant Coffee 100g,24,22.923725,1.0762748718261719
2026-05-25,ST005,Hyderabad,SKU005,Instant Coffee 100g,20,17.38573,2.614269256591797
2026-05-26,ST005,Hyderabad,SKU005,Instant Coffee 100g,20,18.333122,1.6668777465820312
2026-05-27,ST005,Hyderabad,SKU005,Instant Coffee 100g,15,16.919664,1.9196643829345703
2026-05-28,ST005,Hyderabad,SKU005,Instant Coffee 100g,15,18.054554,3.054553985595703
2026-05-29,ST005,Hyderabad,SKU005,Instant Coffee 100g,22,17.839325,4.160675048828125
2026-05-30,ST005,Hyderabad,SKU005,Instant Coffee 100g,30,23.108932,6.8910675048828125
2026-05-31,ST005,Hyderabad,SKU005,Instant Coffee 100g,24,21.787636,2.2123641967773438
2026-06-01,ST005,Hyderabad,SKU005,Instant Coffee 100g,21,17.349182,3.65081787109375
2026-06-02,ST005,Hyderabad,SKU005,Instant Coffee 100g,21,18.45189,2.5481090545654297
2026-06-03,ST005,Hyderabad,SKU005,Instant Coffee 100g,19,18.58201,0.41798973083496094
2026-06-04,ST005,Hyderabad,SKU005,Instant Coffee 100g,28,18.529007,9.470993041992188
2026-06-05,ST005,Hyderabad,SKU005,Instant Coffee 100g,24,18.834057,5.165943145751953
2026-06-06,ST005,Hyderabad,SKU005,Instant Coffee 100g,18,20.300148,2.3001480102539062
2026-06-07,ST005,Hyderabad,SKU005,Instant Coffee 100g,21,21.13043,0.1304302215576172
2026-06-08,ST005,Hyderabad,SKU005,Instant Coffee 100g,23,19.21718,3.7828197479248047
2026-06-09,ST005,Hyderabad,SKU005,Instant Coffee 100g,20,19.24321,0.7567901611328125
2026-06-10,ST005,Hyderabad,SKU005,Instant Coffee 100g,14,18.983137,4.983137130737305
2026-06-11,ST005,Hyderabad,SKU005,Instant Coffee 100g,11,18.949705,7.949705123901367
2026-06-12,ST005,Hyderabad,SKU005,Instant Coffee 100g,17,19.930147,2.930147171020508
2026-06-13,ST005,Hyderabad,SKU005,Instant Coffee 100g,13,22.325998,9.325998306274414
2026-06-14,ST005,Hyderabad,SKU005,Instant Coffee 100g,22,21.230183,0.7698173522949219
2026-06-15,ST005,Hyderabad,SKU005,Instant Coffee 100g,16,19.318586,3.3185863494873047
2026-06-16,ST005,Hyderabad,SKU005,Instant Coffee 100g,24,19.088348,4.911651611328125
2026-06-17,ST005,Hyderabad,SKU005,Instant Coffee 100g,17,17.975454,0.9754543304443359
2026-06-18,ST005,Hyderabad,SKU005,Instant Coffee 100g,22,16.86232,5.1376800537109375
2026-06-19,ST005,Hyderabad,SKU005,Instant Coffee 100g,20,18.797976,1.2020244598388672
2026-06-20,ST005,Hyderabad,SKU005,Instant Coffee 100g,19,21.03171,2.031709671020508
2026-06-21,ST005,Hyderabad,SKU005,Instant Coffee 100g,24,21.806448,2.193552017211914
2026-06-22,ST005,Hyderabad,SKU005,Instant Coffee 100g,8,18.47464,10.474639892578125
2026-06-23,ST005,Hyderabad,SKU005,Instant Coffee 100g,19,18.766624,0.23337554931640625
2026-06-24,ST005,Hyderabad,SKU005,Instant Coffee 100g,21,17.103304,3.896696090698242
2026-06-25,ST005,Hyderabad,SKU005,Instant Coffee 100g,19,16.838133,2.161867141723633
2026-06-26,ST005,Hyderabad,SKU005,Instant Coffee 100g,14,18.007685,4.007684707641602
2026-06-27,ST005,Hyderabad,SKU005,Instant Coffee 100g,18,22.235622,4.235622406005859
2026-06-28,ST005,Hyderabad,SKU005,Instant Coffee 100g,33,25.257103,7.742897033691406
2026-06-29,ST005,Hyderabad,SKU005,Instant Coffee 100g,18,19.307152,1.3071517944335938
2026-06-30,ST005,Hyderabad,SKU005,Instant Coffee 100g,18,18.750053,0.7500534057617188
2026-07-01,ST005,Hyderabad,SKU005,Instant Coffee 100g,19,18.807201,0.19279861450195312
2026-07-02,ST005,Hyderabad,SKU005,Instant Coffee 100g,21,19.42386,1.5761394500732422
2026-07-03,ST005,Hyderabad,SKU005,Instant Coffee 100g,23,18.847862,4.152137756347656
2026-07-04,ST005,Hyderabad,SKU005,Instant Coffee 100g,22,22.380713,0.38071250915527344
2026-07-05,ST005,Hyderabad,SKU005,Instant Coffee 100g,23,19.966084,3.033916473388672
2026-07-06,ST005,Hyderabad,SKU005,Instant Coffee 100g,15,18.08266,3.082660675048828
2026-07-07,ST005,Hyderabad,SKU005,Instant Coffee 100g,19,18.942429,0.0575714111328125
2026-07-08,ST005,Hyderabad,SKU005,Instant Coffee 100g,18,19.119843,1.119842529296875
2026-07-09,ST005,Hyderabad,SKU005,Instant Coffee 100g,17,18.306446,1.3064460754394531
2026-07-10,ST005,Hyderabad,SKU005,Instant Coffee 100g,15,17.648487,2.648487091064453
2026-07-11,ST005,Hyderabad,SKU005,Instant Coffee 100g,25,23.167881,1.8321189880371094
2026-07-12,ST005,Hyderabad,SKU005,Instant Coffee 100g,19,22.162079,3.162078857421875
2026-07-13,ST005,Hyderabad,SKU005,Instant Coffee 100g,23,19.95559,3.0444107055664062
2026-07-14,ST005,Hyderabad,SKU005,Instant Coffee 100g,15,18.482067,3.482067108154297
2026-07-15,ST005,Hyderabad,SKU005,Instant Coffee 100g,19,19.263952,0.26395225524902344
2026-07-16,ST005,Hyderabad,SKU005,Instant Coffee 100g,28,18.627993,9.372007369995117
2026-07-17,ST005,Hyderabad,SKU005,Instant Coffee 100g,32,18.407286,13.592714309692383
2026-07-18,ST005,Hyderabad,SKU005,Instant Coffee 100g,26,26.88213,0.8821296691894531
2026-07-19,ST005,Hyderabad,SKU005,Instant Coffee 100g,18,22.567492,4.56749153137207
2026-07-20,ST005,Hyderabad,SKU005,Instant Coffee 100g,25,19.035522,5.9644775390625
2026-07-21,ST005,Hyderabad,SKU005,Instant Coffee 100g,30,27.03613,2.963869094848633
2026-07-22,ST005,Hyderabad,SKU005,Instant Coffee 100g,19,20.216928,1.216928482055664
2026-07-23,ST005,Hyderabad,SKU005,Instant Coffee 100g,20,18.460794,1.539205551147461
2026-07-24,ST005,Hyderabad,SKU005,Instant Coffee 100g,20,17.997005,2.0029945373535156
2026-07-25,ST005,Hyderabad,SKU005,Instant Coffee 100g,22,22.184132,0.18413162231445312
2026-07-26,ST005,Hyderabad,SKU005,Instant Coffee 100g,20,22.219803,2.2198028564453125
2026-07-27,ST005,Hyderabad,SKU005,Instant Coffee 100g,26,21.284437,4.71556282043457
2026-07-28,ST005,Hyderabad,SKU005,Instant Coffee 100g,28,18.683123,9.316877365112305
2026-07-29,ST005,Hyderabad,SKU005,Instant Coffee 100g,26,19.657598,6.342401504516602
2026-07-30,ST005,Hyderabad,SKU005,Instant Coffee 100g,21,20.374195,0.6258049011230469
2026-07-31,ST005,Hyderabad,SKU005,Instant Coffee 100g,13,20.668211,7.668210983276367
