date,store_id,city,sku_id,product_name,actual_demand,predicted_demand,received_qty,opening_inventory,units_sold,lost_sales,ending_inventory,safety_stock,reorder_point,inventory_position,order_qty,optimized_revenue,stockout_flag
2026-05-02,ST001,Chennai,SKU001,Shampoo 340ml,23,28.42,0,53,23,0,30,16.62,101.89,30,271,7567.0,False
2026-05-02,ST001,Chennai,SKU002,Bath Soap 100g,47,49.1,0,74,47,0,27,23.91,171.21,27,488,2585.0,False
2026-05-02,ST001,Chennai,SKU003,Laundry Detergent 1kg,34,38.02,0,89,34,0,55,20.67,134.72,55,346,7480.0,False
2026-05-02,ST001,Chennai,SKU004,Dishwash Liquid 500ml,34,36.07,0,49,34,0,15,18.38,126.58,15,365,4250.0,False
2026-05-02,ST001,Chennai,SKU005,Instant Coffee 100g,32,23.84,0,42,32,0,10,15.03,86.54,10,244,5920.0,False
2026-05-02,ST002,Bengaluru,SKU001,Shampoo 340ml,28,30.0,0,37,28,0,9,16.1,106.09,9,308,9212.0,False
2026-05-02,ST002,Bengaluru,SKU002,Bath Soap 100g,47,49.53,0,81,47,0,34,17.99,166.57,34,480,2585.0,False
2026-05-02,ST002,Bengaluru,SKU003,Laundry Detergent 1kg,43,34.85,0,69,43,0,26,15.44,120.0,26,338,9460.0,False
2026-05-02,ST002,Bengaluru,SKU004,Dishwash Liquid 500ml,33,35.97,0,76,33,0,43,19.69,127.61,43,337,4125.0,False
2026-05-02,ST002,Bengaluru,SKU005,Instant Coffee 100g,28,24.46,0,33,28,0,5,16.96,90.34,5,257,5180.0,False
2026-05-02,ST003,Mumbai,SKU001,Shampoo 340ml,38,29.35,0,63,38,0,25,18.74,106.79,25,288,12502.0,False
2026-05-02,ST003,Mumbai,SKU002,Bath Soap 100g,37,49.87,0,79,37,0,42,17.84,167.44,42,475,2035.0,False
2026-05-02,ST003,Mumbai,SKU003,Laundry Detergent 1kg,52,50.79,0,80,52,0,28,21.53,173.9,28,502,9152.0,False
2026-05-02,ST003,Mumbai,SKU004,Dishwash Liquid 500ml,35,36.05,0,64,35,0,29,13.4,121.54,29,345,4375.0,False
2026-05-02,ST003,Mumbai,SKU005,Instant Coffee 100g,33,29.25,0,43,33,0,10,20.29,108.04,10,303,6105.0,False
2026-05-02,ST004,Delhi,SKU001,Shampoo 340ml,21,23.77,0,51,21,0,30,15.8,87.1,30,224,6909.0,False
2026-05-02,ST004,Delhi,SKU002,Bath Soap 100g,46,42.56,0,59,46,0,13,19.19,146.88,13,432,2530.0,False
2026-05-02,ST004,Delhi,SKU003,Laundry Detergent 1kg,35,36.3,0,46,35,0,11,15.5,124.42,11,368,7700.0,False
2026-05-02,ST004,Delhi,SKU004,Dishwash Liquid 500ml,26,30.09,0,53,26,0,27,13.23,103.51,27,288,3250.0,False
2026-05-02,ST004,Delhi,SKU005,Instant Coffee 100g,21,21.98,0,17,17,4,0,12.36,78.31,0,233,3145.0,True
2026-05-02,ST005,Hyderabad,SKU001,Shampoo 340ml,21,23.39,0,44,21,0,23,13.25,83.42,23,225,6909.0,False
2026-05-02,ST005,Hyderabad,SKU002,Bath Soap 100g,40,40.3,0,61,40,0,21,16.45,137.35,21,399,2200.0,False
2026-05-02,ST005,Hyderabad,SKU003,Laundry Detergent 1kg,38,33.47,0,60,38,0,22,23.12,123.52,22,336,8360.0,False
2026-05-02,ST005,Hyderabad,SKU004,Dishwash Liquid 500ml,38,28.45,0,52,38,0,14,16.15,101.49,14,287,4750.0,False
2026-05-02,ST005,Hyderabad,SKU005,Instant Coffee 100g,25,21.52,0,43,25,0,18,14.83,79.39,18,213,4625.0,False
2026-05-03,ST001,Chennai,SKU001,Shampoo 340ml,37,34.0,0,30,30,7,0,16.17,118.16,271,0,8389.5,True
2026-05-03,ST001,Chennai,SKU002,Bath Soap 100g,44,45.09,0,27,27,17,0,23.95,159.23,488,0,1485.0,True
2026-05-03,ST001,Chennai,SKU003,Laundry Detergent 1kg,27,38.55,0,55,27,0,28,19.96,135.6,374,0,5940.0,False
2026-05-03,ST001,Chennai,SKU004,Dishwash Liquid 500ml,39,33.1,0,15,15,24,0,16.85,116.14,365,0,1875.0,True
2026-05-03,ST001,Chennai,SKU005,Instant Coffee 100g,21,23.17,0,10,10,11,0,15.74,85.26,244,0,1850.0,True
2026-05-03,ST002,Bengaluru,SKU001,Shampoo 340ml,28,30.1,0,9,9,19,0,16.08,106.37,308,0,2961.0,True
2026-05-03,ST002,Bengaluru,SKU002,Bath Soap 100g,58,48.39,0,34,34,24,0,17.98,163.14,480,0,1870.0,True
2026-05-03,ST002,Bengaluru,SKU003,Laundry Detergent 1kg,29,37.28,0,26,26,3,0,16.06,127.9,338,0,5720.0,True
2026-05-03,ST002,Bengaluru,SKU004,Dishwash Liquid 500ml,38,35.42,0,43,38,0,5,19.36,125.62,342,0,4750.0,False
2026-05-03,ST002,Bengaluru,SKU005,Instant Coffee 100g,25,25.64,0,5,5,20,0,16.58,93.5,257,0,925.0,True
2026-05-03,ST003,Mumbai,SKU001,Shampoo 340ml,41,30.52,0,25,25,16,0,18.35,109.92,288,0,8225.0,True
2026-05-03,ST003,Mumbai,SKU002,Bath Soap 100g,46,50.95,0,42,42,4,0,18.51,171.36,475,0,2310.0,True
2026-05-03,ST003,Mumbai,SKU003,Laundry Detergent 1kg,44,41.9,0,28,28,16,0,22.73,148.42,502,0,6160.0,True
2026-05-03,ST003,Mumbai,SKU004,Dishwash Liquid 500ml,35,34.91,0,29,29,6,0,13.45,118.18,345,0,3625.0,True
2026-05-03,ST003,Mumbai,SKU005,Instant Coffee 100g,27,28.4,0,10,10,17,0,20.62,105.83,303,0,1850.0,True
2026-05-03,ST004,Delhi,SKU001,Shampoo 340ml,25,24.84,0,30,25,0,5,15.7,90.22,229,0,8225.0,False
2026-05-03,ST004,Delhi,SKU002,Bath Soap 100g,40,46.08,0,13,13,27,0,19.51,157.75,432,0,715.0,True
2026-05-03,ST004,Delhi,SKU003,Laundry Detergent 1kg,29,35.45,0,11,11,18,0,15.29,121.65,368,0,2420.0,True
2026-05-03,ST004,Delhi,SKU004,Dishwash Liquid 500ml,26,29.83,0,27,26,0,1,13.18,102.67,289,0,3250.0,False
2026-05-03,ST004,Delhi,SKU005,Instant Coffee 100g,23,21.87,0,0,0,23,0,12.25,77.86,233,0,0.0,True
2026-05-03,ST005,Hyderabad,SKU001,Shampoo 340ml,26,23.3,0,23,23,3,0,13.15,83.05,225,0,7567.0,True
2026-05-03,ST005,Hyderabad,SKU002,Bath Soap 100g,42,41.72,0,21,21,21,0,15.73,140.9,399,0,1155.0,True
2026-05-03,ST005,Hyderabad,SKU003,Laundry Detergent 1kg,23,36.31,0,22,22,1,0,23.2,132.12,336,0,4840.0,True
2026-05-03,ST005,Hyderabad,SKU004,Dishwash Liquid 500ml,23,29.44,0,14,14,9,0,17.12,105.45,287,0,1750.0,True
2026-05-03,ST005,Hyderabad,SKU005,Instant Coffee 100g,19,20.41,0,18,18,1,0,14.83,76.06,213,0,3330.0,True
2026-05-04,ST001,Chennai,SKU001,Shampoo 340ml,28,23.59,0,0,0,28,0,16.92,87.7,271,0,0.0,True
2026-05-04,ST001,Chennai,SKU002,Bath Soap 100g,32,42.92,0,0,0,32,0,23.37,152.13,488,0,0.0,True
2026-05-04,ST001,Chennai,SKU003,Laundry Detergent 1kg,40,30.87,0,28,28,12,0,20.41,113.02,346,0,6160.0,True
2026-05-04,ST001,Chennai,SKU004,Dishwash Liquid 500ml,27,29.9,0,0,0,27,0,16.13,105.84,365,0,0.0,True
2026-05-04,ST001,Chennai,SKU005,Instant Coffee 100g,19,21.39,0,0,0,19,0,15.77,79.93,244,0,0.0,True
2026-05-04,ST002,Bengaluru,SKU001,Shampoo 340ml,34,28.66,0,0,0,34,0,15.89,101.87,308,0,0.0,True
2026-05-04,ST002,Bengaluru,SKU002,Bath Soap 100g,47,46.26,0,0,0,47,0,18.59,157.37,480,0,0.0,True
2026-05-04,ST002,Bengaluru,SKU003,Laundry Detergent 1kg,28,33.37,0,0,0,28,0,16.29,116.39,338,0,0.0,True
2026-05-04,ST002,Bengaluru,SKU004,Dishwash Liquid 500ml,29,30.49,0,5,5,24,0,19.69,111.18,337,0,625.0,True
2026-05-04,ST002,Bengaluru,SKU005,Instant Coffee 100g,34,26.51,0,0,0,34,0,16.47,96.0,257,0,0.0,True
2026-05-04,ST003,Mumbai,SKU001,Shampoo 340ml,26,26.0,0,0,0,26,0,19.61,97.61,288,0,0.0,True
2026-05-04,ST003,Mumbai,SKU002,Bath Soap 100g,45,44.5,0,0,0,45,0,17.69,151.19,475,0,0.0,True
2026-05-04,ST003,Mumbai,SKU003,Laundry Detergent 1kg,29,37.79,0,0,0,29,0,22.93,136.3,502,0,0.0,True
2026-05-04,ST003,Mumbai,SKU004,Dishwash Liquid 500ml,33,32.54,0,0,0,33,0,13.53,111.14,345,0,0.0,True
2026-05-04,ST003,Mumbai,SKU005,Instant Coffee 100g,27,23.62,0,0,0,27,0,20.44,91.3,303,0,0.0,True
2026-05-04,ST004,Delhi,SKU001,Shampoo 340ml,40,30.33,0,5,5,35,0,15.74,106.73,224,0,1316.0,True
2026-05-04,ST004,Delhi,SKU002,Bath Soap 100g,44,39.1,0,0,0,44,0,19.49,136.8,432,0,0.0,True
2026-05-04,ST004,Delhi,SKU003,Laundry Detergent 1kg,34,30.29,0,0,0,34,0,13.77,104.64,368,0,0.0,True
2026-05-04,ST004,Delhi,SKU004,Dishwash Liquid 500ml,30,25.96,0,1,1,29,0,13.16,91.04,288,0,125.0,True
2026-05-04,ST004,Delhi,SKU005,Instant Coffee 100g,19,19.72,0,0,0,19,0,12.18,71.35,233,0,0.0,True
2026-05-04,ST005,Hyderabad,SKU001,Shampoo 340ml,15,22.35,0,0,0,15,0,13.23,80.27,225,0,0.0,True
2026-05-04,ST005,Hyderabad,SKU002,Bath Soap 100g,33,36.67,0,0,0,33,0,15.58,125.6,399,0,0.0,True
2026-05-04,ST005,Hyderabad,SKU003,Laundry Detergent 1kg,45,32.85,0,0,0,45,0,22.99,121.54,336,0,0.0,True
2026-05-04,ST005,Hyderabad,SKU004,Dishwash Liquid 500ml,21,25.98,0,0,0,21,0,15.56,93.5,287,0,0.0,True
2026-05-04,ST005,Hyderabad,SKU005,Instant Coffee 100g,17,19.0,0,0,0,17,0,14.81,71.82,213,0,0.0,True
2026-05-05,ST001,Chennai,SKU001,Shampoo 340ml,28,23.7,271,271,28,0,243,16.57,87.67,243,0,9212.0,False
2026-05-05,ST001,Chennai,SKU002,Bath Soap 100g,50,40.94,488,488,50,0,438,23.01,145.84,438,0,2750.0,False
2026-05-05,ST001,Chennai,SKU003,Laundry Detergent 1kg,33,33.63,346,346,33,0,313,20.6,121.49,313,0,7260.0,False
2026-05-05,ST001,Chennai,SKU004,Dishwash Liquid 500ml,20,35.95,365,365,20,0,345,15.94,123.79,345,0,2250.0,False
2026-05-05,ST001,Chennai,SKU005,Instant Coffee 100g,22,21.17,244,244,22,0,222,15.84,79.34,222,0,4070.0,False
2026-05-05,ST002,Bengaluru,SKU001,Shampoo 340ml,24,25.41,308,308,24,0,284,16.01,92.24,284,0,7896.0,False
2026-05-05,ST002,Bengaluru,SKU002,Bath Soap 100g,48,42.84,480,480,48,0,432,18.28,146.81,432,0,2640.0,False
2026-05-05,ST002,Bengaluru,SKU003,Laundry Detergent 1kg,57,37.15,338,338,57,0,281,16.43,127.88,281,0,10032.0,False
2026-05-05,ST002,Bengaluru,SKU004,Dishwash Liquid 500ml,30,31.23,337,337,30,0,307,19.61,113.31,307,0,3750.0,False
2026-05-05,ST002,Bengaluru,SKU005,Instant Coffee 100g,19,22.43,257,257,19,0,238,17.17,84.46,238,0,3515.0,False
2026-05-05,ST003,Mumbai,SKU001,Shampoo 340ml,30,27.01,288,288,30,0,258,19.61,100.63,258,0,9870.0,False
2026-05-05,ST003,Mumbai,SKU002,Bath Soap 100g,47,45.62,475,475,47,0,428,17.73,154.6,428,0,2585.0,False
2026-05-05,ST003,Mumbai,SKU003,Laundry Detergent 1kg,36,37.99,502,502,36,0,466,23.49,137.45,466,0,7920.0,False
2026-05-05,ST003,Mumbai,SKU004,Dishwash Liquid 500ml,28,31.31,345,345,28,0,317,13.38,107.29,317,0,3500.0,False
2026-05-05,ST003,Mumbai,SKU005,Instant Coffee 100g,23,23.23,303,303,23,0,280,19.07,88.77,280,0,4042.25,False
2026-05-05,ST004,Delhi,SKU001,Shampoo 340ml,17,22.97,224,224,17,0,207,18.15,87.06,207,0,5593.0,False
2026-05-05,ST004,Delhi,SKU002,Bath Soap 100g,42,40.83,432,432,42,0,390,19.35,141.84,390,0,2310.0,False
2026-05-05,ST004,Delhi,SKU003,Laundry Detergent 1kg,29,31.52,368,368,29,0,339,12.9,107.46,339,0,6380.0,False
2026-05-05,ST004,Delhi,SKU004,Dishwash Liquid 500ml,37,26.38,288,288,37,0,251,12.91,92.04,251,0,4625.0,False
2026-05-05,ST004,Delhi,SKU005,Instant Coffee 100g,15,19.87,233,233,15,0,218,12.0,71.61,218,0,2775.0,False
2026-05-05,ST005,Hyderabad,SKU001,Shampoo 340ml,19,22.28,225,225,19,0,206,12.67,79.51,206,0,6251.0,False
2026-05-05,ST005,Hyderabad,SKU002,Bath Soap 100g,16,36.98,399,399,16,0,383,14.94,125.87,383,0,880.0,False
2026-05-05,ST005,Hyderabad,SKU003,Laundry Detergent 1kg,29,28.63,336,336,29,0,307,23.65,109.55,307,0,6380.0,False
2026-05-05,ST005,Hyderabad,SKU004,Dishwash Liquid 500ml,32,26.49,287,287,32,0,255,15.56,95.03,255,0,4000.0,False
2026-05-05,ST005,Hyderabad,SKU005,Instant Coffee 100g,17,18.21,213,213,17,0,196,14.83,69.46,196,0,3145.0,False
2026-05-06,ST001,Chennai,SKU001,Shampoo 340ml,27,24.66,0,243,27,0,216,16.47,90.46,216,0,8883.0,False
2026-05-06,ST001,Chennai,SKU002,Bath Soap 100g,34,43.78,0,438,34,0,404,23.12,154.44,404,0,1870.0,False
2026-05-06,ST001,Chennai,SKU003,Laundry Detergent 1kg,21,34.52,0,313,21,0,292,20.63,124.2,292,0,4620.0,False
2026-05-06,ST001,Chennai,SKU004,Dishwash Liquid 500ml,38,28.4,0,345,38,0,307,17.01,102.21,307,0,4750.0,False
2026-05-06,ST001,Chennai,SKU005,Instant Coffee 100g,23,21.07,0,222,23,0,199,15.81,79.0,199,0,4255.0,False
2026-05-06,ST002,Bengaluru,SKU001,Shampoo 340ml,27,25.83,0,284,27,0,257,15.72,93.21,257,0,8883.0,False
2026-05-06,ST002,Bengaluru,SKU002,Bath Soap 100g,42,43.94,0,432,42,0,390,18.26,150.08,390,0,2310.0,False
2026-05-06,ST002,Bengaluru,SKU003,Laundry Detergent 1kg,46,34.46,0,281,46,0,235,20.19,123.57,235,0,10120.0,False
2026-05-06,ST002,Bengaluru,SKU004,Dishwash Liquid 500ml,25,30.86,0,307,25,0,282,19.22,111.8,282,0,3125.0,False
2026-05-06,ST002,Bengaluru,SKU005,Instant Coffee 100g,31,22.81,0,238,31,0,207,17.06,85.49,207,0,5735.0,False
2026-05-06,ST003,Mumbai,SKU001,Shampoo 340ml,25,26.71,0,258,25,0,233,19.52,99.65,233,0,8225.0,False
2026-05-06,ST003,Mumbai,SKU002,Bath Soap 100g,45,45.64,0,428,45,0,383,17.4,154.32,383,0,2475.0,False
2026-05-06,ST003,Mumbai,SKU003,Laundry Detergent 1kg,34,36.8,0,466,34,0,432,23.35,133.74,432,0,7480.0,False
2026-05-06,ST003,Mumbai,SKU004,Dishwash Liquid 500ml,28,32.05,0,317,28,0,289,13.55,109.7,289,0,3500.0,False
2026-05-06,ST003,Mumbai,SKU005,Instant Coffee 100g,37,29.1,0,280,37,0,243,19.15,106.44,243,0,5476.0,False
2026-05-06,ST004,Delhi,SKU001,Shampoo 340ml,16,23.48,0,207,16,0,191,18.25,88.68,191,0,5264.0,False
2026-05-06,ST004,Delhi,SKU002,Bath Soap 100g,42,38.69,0,390,42,0,348,17.69,133.77,348,0,2310.0,False
2026-05-06,ST004,Delhi,SKU003,Laundry Detergent 1kg,21,31.6,0,339,21,0,318,13.15,107.96,318,0,4620.0,False
2026-05-06,ST004,Delhi,SKU004,Dishwash Liquid 500ml,21,25.16,0,251,21,0,230,13.36,88.85,230,0,2625.0,False
2026-05-06,ST004,Delhi,SKU005,Instant Coffee 100g,19,20.91,0,218,19,0,199,12.23,74.96,199,0,3515.0,False
2026-05-06,ST005,Hyderabad,SKU001,Shampoo 340ml,21,20.16,0,206,21,0,185,12.43,72.92,185,0,6909.0,False
2026-05-06,ST005,Hyderabad,SKU002,Bath Soap 100g,35,38.42,0,383,35,0,348,19.44,134.69,348,0,1732.5,False
2026-05-06,ST005,Hyderabad,SKU003,Laundry Detergent 1kg,27,29.08,0,307,27,0,280,23.64,110.89,280,0,5940.0,False
2026-05-06,ST005,Hyderabad,SKU004,Dishwash Liquid 500ml,24,25.27,0,255,24,0,231,15.11,90.92,231,0,3000.0,False
2026-05-06,ST005,Hyderabad,SKU005,Instant Coffee 100g,15,19.88,0,196,15,0,181,14.54,74.18,181,0,2775.0,False
2026-05-07,ST001,Chennai,SKU001,Shampoo 340ml,22,24.56,0,216,22,0,194,16.08,89.76,194,0,7238.0,False
2026-05-07,ST001,Chennai,SKU002,Bath Soap 100g,47,41.51,0,404,47,0,357,23.87,148.41,357,0,2585.0,False
2026-05-07,ST001,Chennai,SKU003,Laundry Detergent 1kg,36,35.61,0,292,36,0,256,21.89,128.72,256,0,7920.0,False
2026-05-07,ST001,Chennai,SKU004,Dishwash Liquid 500ml,34,29.75,0,307,34,0,273,17.4,106.65,273,0,4250.0,False
2026-05-07,ST001,Chennai,SKU005,Instant Coffee 100g,22,21.05,0,199,22,0,177,15.76,78.9,177,0,4070.0,False
2026-05-07,ST002,Bengaluru,SKU001,Shampoo 340ml,27,26.08,0,257,27,0,230,15.52,93.76,230,0,8883.0,False
2026-05-07,ST002,Bengaluru,SKU002,Bath Soap 100g,41,43.02,0,390,41,0,349,18.43,147.5,349,0,2255.0,False
2026-05-07,ST002,Bengaluru,SKU003,Laundry Detergent 1kg,39,36.78,0,235,39,0,196,21.02,131.37,196,0,8580.0,False
2026-05-07,ST002,Bengaluru,SKU004,Dishwash Liquid 500ml,30,29.73,0,282,30,0,252,19.33,108.53,252,0,3750.0,False
2026-05-07,ST002,Bengaluru,SKU005,Instant Coffee 100g,28,21.58,0,207,28,0,179,17.12,81.85,179,0,5180.0,False
2026-05-07,ST003,Mumbai,SKU001,Shampoo 340ml,29,27.41,0,233,29,0,204,19.54,101.78,204,0,9541.0,False
2026-05-07,ST003,Mumbai,SKU002,Bath Soap 100g,38,45.43,0,383,38,0,345,17.14,153.44,345,0,2090.0,False
2026-05-07,ST003,Mumbai,SKU003,Laundry Detergent 1kg,28,37.28,0,432,28,0,404,22.66,134.51,404,0,6160.0,False
2026-05-07,ST003,Mumbai,SKU004,Dishwash Liquid 500ml,30,32.5,0,289,30,0,259,13.66,111.18,259,0,3750.0,False
2026-05-07,ST003,Mumbai,SKU005,Instant Coffee 100g,29,24.3,0,243,29,0,214,19.9,92.81,214,0,5365.0,False
2026-05-07,ST004,Delhi,SKU001,Shampoo 340ml,23,24.91,0,191,23,0,168,18.7,93.42,168,0,7188.65,False
2026-05-07,ST004,Delhi,SKU002,Bath Soap 100g,49,37.74,0,348,49,0,299,17.51,130.72,299,0,2695.0,False
2026-05-07,ST004,Delhi,SKU003,Laundry Detergent 1kg,41,30.12,0,318,41,0,277,14.82,105.18,277,0,9020.0,False
2026-05-07,ST004,Delhi,SKU004,Dishwash Liquid 500ml,31,25.29,0,230,31,0,199,13.86,89.72,199,0,3875.0,False
2026-05-07,ST004,Delhi,SKU005,Instant Coffee 100g,23,19.83,0,199,23,0,176,12.1,71.59,176,0,4255.0,False
2026-05-07,ST005,Hyderabad,SKU001,Shampoo 340ml,28,20.97,0,185,28,0,157,12.43,75.34,157,0,9212.0,False
2026-05-07,ST005,Hyderabad,SKU002,Bath Soap 100g,47,35.09,0,348,47,0,301,19.48,124.76,301,0,2585.0,False
2026-05-07,ST005,Hyderabad,SKU003,Laundry Detergent 1kg,31,30.21,0,280,31,0,249,23.72,114.37,249,0,6820.0,False
2026-05-07,ST005,Hyderabad,SKU004,Dishwash Liquid 500ml,27,26.38,0,231,27,0,204,15.17,94.3,204,0,3375.0,False
2026-05-07,ST005,Hyderabad,SKU005,Instant Coffee 100g,11,19.72,0,181,11,0,170,14.66,73.84,170,0,2035.0,False
2026-05-08,ST001,Chennai,SKU001,Shampoo 340ml,28,24.29,0,194,28,0,166,16.14,89.0,166,0,9212.0,False
2026-05-08,ST001,Chennai,SKU002,Bath Soap 100g,39,42.14,0,357,39,0,318,22.81,149.23,318,0,2145.0,False
2026-05-08,ST001,Chennai,SKU003,Laundry Detergent 1kg,32,34.3,0,256,32,0,224,21.82,124.72,224,0,7040.0,False
2026-05-08,ST001,Chennai,SKU004,Dishwash Liquid 500ml,42,29.75,0,273,42,0,231,17.38,106.63,231,0,5250.0,False
2026-05-08,ST001,Chennai,SKU005,Instant Coffee 100g,27,29.05,0,177,27,0,150,15.76,102.93,150,0,3996.0,False
2026-05-08,ST002,Bengaluru,SKU001,Shampoo 340ml,18,25.32,0,230,18,0,212,14.09,90.05,212,0,5922.0,False
2026-05-08,ST002,Bengaluru,SKU002,Bath Soap 100g,46,42.9,0,349,46,0,303,18.49,147.21,303,0,2530.0,False
2026-05-08,ST002,Bengaluru,SKU003,Laundry Detergent 1kg,30,36.11,0,196,30,0,166,21.11,129.44,166,0,6600.0,False
2026-05-08,ST002,Bengaluru,SKU004,Dishwash Liquid 500ml,38,36.66,0,252,38,0,214,19.12,129.1,214,0,4037.5,False
2026-05-08,ST002,Bengaluru,SKU005,Instant Coffee 100g,30,24.27,0,179,30,0,149,17.17,89.97,149,0,5550.0,False
2026-05-08,ST003,Mumbai,SKU001,Shampoo 340ml,25,27.3,0,204,25,0,179,18.99,100.88,179,0,8225.0,False
2026-05-08,ST003,Mumbai,SKU002,Bath Soap 100g,54,45.81,0,345,54,0,291,17.98,155.42,291,0,2970.0,False
2026-05-08,ST003,Mumbai,SKU003,Laundry Detergent 1kg,35,38.21,0,404,35,0,369,23.13,137.75,369,0,7700.0,False
2026-05-08,ST003,Mumbai,SKU004,Dishwash Liquid 500ml,34,31.09,0,259,34,0,225,13.68,106.95,225,0,4250.0,False
2026-05-08,ST003,Mumbai,SKU005,Instant Coffee 100g,25,25.9,0,214,25,0,189,18.93,96.64,189,0,4625.0,False
2026-05-08,ST004,Delhi,SKU001,Shampoo 340ml,22,22.43,0,168,22,0,146,18.46,85.74,146,0,7238.0,False
2026-05-08,ST004,Delhi,SKU002,Bath Soap 100g,56,37.52,0,299,56,0,243,17.97,130.52,243,0,2926.0,False
2026-05-08,ST004,Delhi,SKU003,Laundry Detergent 1kg,34,31.15,0,277,34,0,243,15.26,108.71,243,0,7480.0,False
2026-05-08,ST004,Delhi,SKU004,Dishwash Liquid 500ml,25,26.01,0,199,25,0,174,13.96,91.98,174,0,3125.0,False
2026-05-08,ST004,Delhi,SKU005,Instant Coffee 100g,26,19.65,0,176,26,0,150,12.16,71.12,150,0,4810.0,False
2026-05-08,ST005,Hyderabad,SKU001,Shampoo 340ml,17,20.88,0,157,17,0,140,12.88,75.51,140,0,5593.0,False
2026-05-08,ST005,Hyderabad,SKU002,Bath Soap 100g,42,40.83,0,301,42,0,259,19.48,141.99,259,0,1963.5,False
2026-05-08,ST005,Hyderabad,SKU003,Laundry Detergent 1kg,36,30.98,0,249,36,0,213,23.1,116.03,213,0,7920.0,False
2026-05-08,ST005,Hyderabad,SKU004,Dishwash Liquid 500ml,27,26.54,0,204,27,0,177,14.97,94.58,177,0,3375.0,False
2026-05-08,ST005,Hyderabad,SKU005,Instant Coffee 100g,13,20.23,0,170,13,0,157,15.17,75.87,157,0,2405.0,False
2026-05-09,ST001,Chennai,SKU001,Shampoo 340ml,31,28.22,0,166,31,0,135,15.85,100.52,135,0,10199.0,False
2026-05-09,ST001,Chennai,SKU002,Bath Soap 100g,46,49.16,0,318,46,0,272,22.89,170.37,272,0,2530.0,False
2026-05-09,ST001,Chennai,SKU003,Laundry Detergent 1kg,34,38.03,0,224,34,0,190,21.8,135.9,190,0,7480.0,False
2026-05-09,ST001,Chennai,SKU004,Dishwash Liquid 500ml,29,34.39,0,231,29,0,202,18.11,121.29,202,0,3625.0,False
2026-05-09,ST001,Chennai,SKU005,Instant Coffee 100g,20,24.24,0,150,20,0,130,15.88,88.6,130,0,3700.0,False
2026-05-09,ST002,Bengaluru,SKU001,Shampoo 340ml,31,29.28,0,212,31,0,181,14.81,102.64,181,0,10199.0,False
2026-05-09,ST002,Bengaluru,SKU002,Bath Soap 100g,67,50.49,0,303,67,0,236,18.48,169.97,236,0,3685.0,False
2026-05-09,ST002,Bengaluru,SKU003,Laundry Detergent 1kg,38,41.0,0,166,38,0,128,21.3,144.29,128,304,8360.0,False
2026-05-09,ST002,Bengaluru,SKU004,Dishwash Liquid 500ml,27,34.77,0,214,27,0,187,19.22,123.53,187,0,3375.0,False
2026-05-09,ST002,Bengaluru,SKU005,Instant Coffee 100g,22,25.45,0,149,22,0,127,16.95,93.29,127,0,4070.0,False
2026-05-09,ST003,Mumbai,SKU001,Shampoo 340ml,30,29.47,0,179,30,0,149,18.42,106.84,149,0,9870.0,False
2026-05-09,ST003,Mumbai,SKU002,Bath Soap 100g,62,51.67,0,291,62,0,229,18.23,173.26,229,0,3410.0,False
2026-05-09,ST003,Mumbai,SKU003,Laundry Detergent 1kg,45,37.83,0,369,45,0,324,22.97,136.47,324,0,9900.0,False
2026-05-09,ST003,Mumbai,SKU004,Dishwash Liquid 500ml,39,35.63,0,225,39,0,186,13.7,120.59,186,0,4875.0,False
2026-05-09,ST003,Mumbai,SKU005,Instant Coffee 100g,25,26.91,0,189,25,0,164,18.64,99.37,164,0,4625.0,False
2026-05-09,ST004,Delhi,SKU001,Shampoo 340ml,24,30.32,0,146,24,0,122,18.38,109.33,122,0,6711.6,False
2026-05-09,ST004,Delhi,SKU002,Bath Soap 100g,36,44.12,0,243,36,0,207,19.63,152.01,207,0,1980.0,False
2026-05-09,ST004,Delhi,SKU003,Laundry Detergent 1kg,19,35.46,0,243,19,0,224,15.21,121.57,224,0,4180.0,False
2026-05-09,ST004,Delhi,SKU004,Dishwash Liquid 500ml,36,29.72,0,174,36,0,138,14.05,103.2,138,0,4500.0,False
2026-05-09,ST004,Delhi,SKU005,Instant Coffee 100g,25,27.04,0,150,25,0,125,12.43,93.55,125,0,4162.5,False
2026-05-09,ST005,Hyderabad,SKU001,Shampoo 340ml,18,24.23,0,140,18,0,122,12.88,85.56,122,0,5922.0,False
2026-05-09,ST005,Hyderabad,SKU002,Bath Soap 100g,43,41.69,0,259,43,0,216,19.48,144.55,216,0,2365.0,False
2026-05-09,ST005,Hyderabad,SKU003,Laundry Detergent 1kg,31,39.34,0,213,31,0,182,23.1,141.12,182,0,6820.0,False
2026-05-09,ST005,Hyderabad,SKU004,Dishwash Liquid 500ml,26,30.38,0,177,26,0,151,14.52,105.64,151,0,3250.0,False
2026-05-09,ST005,Hyderabad,SKU005,Instant Coffee 100g,26,26.0,0,157,26,0,131,15.06,93.06,131,0,4088.5,False
2026-05-10,ST001,Chennai,SKU001,Shampoo 340ml,21,27.35,0,135,21,0,114,15.84,97.88,114,0,6909.0,False
2026-05-10,ST001,Chennai,SKU002,Bath Soap 100g,46,48.92,0,272,46,0,226,22.66,169.42,226,0,2530.0,False
2026-05-10,ST001,Chennai,SKU003,Laundry Detergent 1kg,41,37.64,0,190,41,0,149,21.7,134.61,149,0,9020.0,False
2026-05-10,ST001,Chennai,SKU004,Dishwash Liquid 500ml,48,34.56,0,202,48,0,154,18.18,121.85,154,0,6000.0,False
2026-05-10,ST001,Chennai,SKU005,Instant Coffee 100g,26,24.51,0,130,26,0,104,15.95,89.48,104,0,4810.0,False
2026-05-10,ST002,Bengaluru,SKU001,Shampoo 340ml,30,28.75,0,181,30,0,151,14.62,100.86,151,0,9870.0,False
2026-05-10,ST002,Bengaluru,SKU002,Bath Soap 100g,55,53.8,0,236,55,0,181,21.15,182.55,181,379,3025.0,False
2026-05-10,ST002,Bengaluru,SKU003,Laundry Detergent 1kg,58,39.86,0,128,58,0,70,20.79,140.37,374,0,12760.0,False
2026-05-10,ST002,Bengaluru,SKU004,Dishwash Liquid 500ml,31,35.16,0,187,31,0,156,19.09,124.57,156,0,3875.0,False
2026-05-10,ST002,Bengaluru,SKU005,Instant Coffee 100g,31,26.2,0,127,31,0,96,16.82,95.4,96,0,5735.0,False
2026-05-10,ST003,Mumbai,SKU001,Shampoo 340ml,27,29.55,0,149,27,0,122,17.75,106.39,122,0,8883.0,False
2026-05-10,ST003,Mumbai,SKU002,Bath Soap 100g,61,61.19,0,229,61,0,168,19.25,202.82,168,464,3019.5,False
2026-05-10,ST003,Mumbai,SKU003,Laundry Detergent 1kg,43,40.51,0,324,43,0,281,21.94,143.48,281,0,9460.0,False
2026-05-10,ST003,Mumbai,SKU004,Dishwash Liquid 500ml,47,42.09,0,186,47,0,139,14.2,140.48,139,297,4993.75,False
2026-05-10,ST003,Mumbai,SKU005,Instant Coffee 100g,30,26.94,0,164,30,0,134,18.64,99.45,134,0,5550.0,False
2026-05-10,ST004,Delhi,SKU001,Shampoo 340ml,28,25.76,0,122,28,0,94,17.43,94.72,94,182,9212.0,False
2026-05-10,ST004,Delhi,SKU002,Bath Soap 100g,42,42.76,0,207,42,0,165,19.87,148.14,165,0,2310.0,False
2026-05-10,ST004,Delhi,SKU003,Laundry Detergent 1kg,35,37.39,0,224,35,0,189,17.01,129.16,189,0,7700.0,False
2026-05-10,ST004,Delhi,SKU004,Dishwash Liquid 500ml,37,30.44,0,138,37,0,101,14.67,105.98,101,219,4625.0,False
2026-05-10,ST004,Delhi,SKU005,Instant Coffee 100g,23,22.44,0,125,23,0,102,12.4,79.72,102,0,4255.0,False
2026-05-10,ST005,Hyderabad,SKU001,Shampoo 340ml,27,22.83,0,122,27,0,95,11.79,80.29,95,0,8883.0,False
2026-05-10,ST005,Hyderabad,SKU002,Bath Soap 100g,34,42.25,0,216,34,0,182,19.4,146.14,182,0,1870.0,False
2026-05-10,ST005,Hyderabad,SKU003,Laundry Detergent 1kg,21,32.63,0,182,21,0,161,21.98,119.86,161,0,4620.0,False
2026-05-10,ST005,Hyderabad,SKU004,Dishwash Liquid 500ml,28,28.95,0,151,28,0,123,14.53,101.37,123,0,3500.0,False
2026-05-10,ST005,Hyderabad,SKU005,Instant Coffee 100g,17,22.97,0,131,17,0,114,15.59,84.49,114,0,3145.0,False
2026-05-11,ST001,Chennai,SKU001,Shampoo 340ml,30,23.84,0,114,30,0,84,15.31,86.83,84,170,9870.0,False
2026-05-11,ST001,Chennai,SKU002,Bath Soap 100g,40,45.04,0,226,40,0,186,22.61,157.73,186,0,2200.0,False
2026-05-11,ST001,Chennai,SKU003,Laundry Detergent 1kg,33,32.28,0,149,33,0,116,21.7,118.54,116,229,7260.0,False
2026-05-11,ST001,Chennai,SKU004,Dishwash Liquid 500ml,31,29.27,0,154,31,0,123,20.17,107.97,123,0,3875.0,False
2026-05-11,ST001,Chennai,SKU005,Instant Coffee 100g,20,30.33,0,104,20,0,84,15.85,106.85,84,236,2960.0,False
2026-05-11,ST002,Bengaluru,SKU001,Shampoo 340ml,27,25.24,0,151,27,0,124,14.36,90.07,124,0,8883.0,False
2026-05-11,ST002,Bengaluru,SKU002,Bath Soap 100g,51,46.71,0,181,51,0,130,21.43,161.57,509,0,2805.0,False
2026-05-11,ST002,Bengaluru,SKU003,Laundry Detergent 1kg,38,35.34,0,70,38,0,32,24.12,130.15,336,0,8360.0,False
2026-05-11,ST002,Bengaluru,SKU004,Dishwash Liquid 500ml,27,30.06,0,156,27,0,129,17.03,107.2,129,0,3375.0,False
2026-05-11,ST002,Bengaluru,SKU005,Instant Coffee 100g,19,23.15,0,96,19,0,77,16.58,86.03,77,172,3515.0,False
2026-05-11,ST003,Mumbai,SKU001,Shampoo 340ml,36,28.96,0,122,36,0,86,16.58,103.45,86,221,10659.6,False
2026-05-11,ST003,Mumbai,SKU002,Bath Soap 100g,54,48.98,0,168,54,0,114,20.22,167.16,578,0,2970.0,False
2026-05-11,ST003,Mumbai,SKU003,Laundry Detergent 1kg,37,35.44,0,281,37,0,244,21.94,128.27,244,0,8140.0,False
2026-05-11,ST003,Mumbai,SKU004,Dishwash Liquid 500ml,39,32.33,0,139,39,0,100,15.48,112.46,397,0,4875.0,False
2026-05-11,ST003,Mumbai,SKU005,Instant Coffee 100g,23,23.99,0,134,23,0,111,17.75,89.73,111,0,4255.0,False
2026-05-11,ST004,Delhi,SKU001,Shampoo 340ml,24,22.08,0,94,24,0,70,17.14,83.39,252,0,7896.0,False
2026-05-11,ST004,Delhi,SKU002,Bath Soap 100g,35,39.48,0,165,35,0,130,19.77,138.21,130,285,1925.0,False
2026-05-11,ST004,Delhi,SKU003,Laundry Detergent 1kg,28,29.95,0,189,28,0,161,17.01,106.86,161,0,6160.0,False
2026-05-11,ST004,Delhi,SKU004,Dishwash Liquid 500ml,29,30.09,0,101,29,0,72,14.98,105.24,291,0,3262.5,False
2026-05-11,ST004,Delhi,SKU005,Instant Coffee 100g,22,21.44,0,102,22,0,80,12.36,76.67,80,0,4070.0,False
2026-05-11,ST005,Hyderabad,SKU001,Shampoo 340ml,20,20.45,0,95,20,0,75,12.23,73.59,75,0,6580.0,False
2026-05-11,ST005,Hyderabad,SKU002,Bath Soap 100g,43,35.59,0,182,43,0,139,19.4,126.17,139,0,2365.0,False
2026-05-11,ST005,Hyderabad,SKU003,Laundry Detergent 1kg,34,30.51,0,161,34,0,127,22.67,114.2,127,0,7480.0,False
2026-05-11,ST005,Hyderabad,SKU004,Dishwash Liquid 500ml,21,26.02,0,123,21,0,102,14.39,92.44,102,0,2625.0,False
2026-05-11,ST005,Hyderabad,SKU005,Instant Coffee 100g,11,19.54,0,114,11,0,103,14.2,72.84,103,0,2035.0,False
2026-05-12,ST001,Chennai,SKU001,Shampoo 340ml,20,24.05,0,84,20,0,64,15.09,87.25,234,0,6580.0,False
2026-05-12,ST001,Chennai,SKU002,Bath Soap 100g,44,41.55,0,186,44,0,142,22.58,147.23,142,297,2420.0,False
2026-05-12,ST001,Chennai,SKU003,Laundry Detergent 1kg,28,32.13,0,116,28,0,88,21.24,117.62,317,0,6160.0,False
2026-05-12,ST001,Chennai,SKU004,Dishwash Liquid 500ml,33,28.88,0,123,33,0,90,19.96,106.61,90,219,4125.0,False
2026-05-12,ST001,Chennai,SKU005,Instant Coffee 100g,21,28.23,0,84,21,0,63,15.85,100.53,299,0,3302.25,False
2026-05-12,ST002,Bengaluru,SKU001,Shampoo 340ml,13,25.0,0,124,13,0,111,14.0,88.99,111,0,4277.0,False
2026-05-12,ST002,Bengaluru,SKU002,Bath Soap 100g,43,46.76,0,130,43,0,87,21.38,161.67,466,0,2365.0,False
2026-05-12,ST002,Bengaluru,SKU003,Laundry Detergent 1kg,37,31.77,304,336,37,0,299,24.04,119.36,299,0,8140.0,False
2026-05-12,ST002,Bengaluru,SKU004,Dishwash Liquid 500ml,28,29.73,0,129,28,0,101,16.6,105.79,101,213,3500.0,False
2026-05-12,ST002,Bengaluru,SKU005,Instant Coffee 100g,22,22.89,0,77,22,0,55,16.85,85.51,227,0,4070.0,False
2026-05-12,ST003,Mumbai,SKU001,Shampoo 340ml,18,25.8,0,86,18,0,68,17.13,94.54,289,0,5922.0,False
2026-05-12,ST003,Mumbai,SKU002,Bath Soap 100g,54,62.23,0,114,54,0,60,20.24,206.92,524,0,2376.0,False
2026-05-12,ST003,Mumbai,SKU003,Laundry Detergent 1kg,38,36.5,0,244,38,0,206,21.52,131.03,206,0,8360.0,False
2026-05-12,ST003,Mumbai,SKU004,Dishwash Liquid 500ml,33,32.73,0,100,33,0,67,15.19,113.39,364,0,3918.75,False
2026-05-12,ST003,Mumbai,SKU005,Instant Coffee 100g,29,24.11,0,111,29,0,82,16.58,88.91,82,176,5365.0,False
2026-05-12,ST004,Delhi,SKU001,Shampoo 340ml,26,22.16,0,70,26,0,44,16.96,83.43,226,0,8554.0,False
2026-05-12,ST004,Delhi,SKU002,Bath Soap 100g,42,38.82,0,130,42,0,88,20.1,136.55,373,0,2310.0,False
2026-05-12,ST004,Delhi,SKU003,Laundry Detergent 1kg,31,30.4,0,161,31,0,130,17.01,108.2,130,0,6820.0,False
2026-05-12,ST004,Delhi,SKU004,Dishwash Liquid 500ml,18,26.24,0,72,18,0,54,14.96,93.68,273,0,2250.0,False
2026-05-12,ST004,Delhi,SKU005,Instant Coffee 100g,16,20.11,0,80,16,0,64,12.21,72.53,64,150,2960.0,False
2026-05-12,ST005,Hyderabad,SKU001,Shampoo 340ml,16,21.56,0,75,16,0,59,12.03,76.72,59,169,5264.0,False
2026-05-12,ST005,Hyderabad,SKU002,Bath Soap 100g,47,39.59,0,139,47,0,92,19.56,138.33,92,324,2585.0,False
2026-05-12,ST005,Hyderabad,SKU003,Laundry Detergent 1kg,29,30.06,0,127,29,0,98,22.64,112.84,98,226,6380.0,False
2026-05-12,ST005,Hyderabad,SKU004,Dishwash Liquid 500ml,30,25.59,0,102,30,0,72,14.85,91.61,72,199,3750.0,False
2026-05-12,ST005,Hyderabad,SKU005,Instant Coffee 100g,21,17.07,0,103,21,0,82,14.7,65.9,82,0,3885.0,False
2026-05-13,ST001,Chennai,SKU001,Shampoo 340ml,31,23.47,0,64,31,0,33,15.47,85.88,203,0,10199.0,False
2026-05-13,ST001,Chennai,SKU002,Bath Soap 100g,53,41.2,0,142,53,0,89,22.53,146.12,386,0,2915.0,False
2026-05-13,ST001,Chennai,SKU003,Laundry Detergent 1kg,32,32.51,0,88,32,0,56,21.44,118.96,285,0,7040.0,False
2026-05-13,ST001,Chennai,SKU004,Dishwash Liquid 500ml,37,29.82,0,90,37,0,53,19.94,109.41,272,0,4625.0,False
2026-05-13,ST001,Chennai,SKU005,Instant Coffee 100g,26,22.32,0,63,26,0,37,15.8,82.75,273,0,4810.0,False
2026-05-13,ST002,Bengaluru,SKU001,Shampoo 340ml,23,25.6,0,111,23,0,88,16.15,92.96,88,185,7567.0,False
2026-05-13,ST002,Bengaluru,SKU002,Bath Soap 100g,46,43.77,379,466,46,0,420,21.22,152.53,420,0,2530.0,False
2026-05-13,ST002,Bengaluru,SKU003,Laundry Detergent 1kg,31,33.83,0,299,31,0,268,24.04,125.53,268,0,6820.0,False
2026-05-13,ST002,Bengaluru,SKU004,Dishwash Liquid 500ml,32,30.8,0,101,32,0,69,16.67,109.07,282,0,4000.0,False
2026-05-13,ST002,Bengaluru,SKU005,Instant Coffee 100g,20,22.12,0,55,20,0,35,16.85,83.2,207,0,3700.0,False
2026-05-13,ST003,Mumbai,SKU001,Shampoo 340ml,29,25.65,0,68,29,0,39,17.91,94.86,260,0,9541.0,False
2026-05-13,ST003,Mumbai,SKU002,Bath Soap 100g,37,46.15,464,524,37,0,487,20.35,158.8,487,0,2035.0,False
2026-05-13,ST003,Mumbai,SKU003,Laundry Detergent 1kg,44,36.38,0,206,44,0,162,21.25,130.38,162,0,9680.0,False
2026-05-13,ST003,Mumbai,SKU004,Dishwash Liquid 500ml,46,30.8,297,364,46,0,318,15.19,107.57,318,0,5750.0,False
2026-05-13,ST003,Mumbai,SKU005,Instant Coffee 100g,31,28.89,0,82,31,0,51,16.06,102.73,227,0,5161.5,False
2026-05-13,ST004,Delhi,SKU001,Shampoo 340ml,21,22.06,182,226,21,0,205,16.99,83.16,205,0,6909.0,False
2026-05-13,ST004,Delhi,SKU002,Bath Soap 100g,29,38.24,0,88,29,0,59,20.05,134.77,344,0,1595.0,False
2026-05-13,ST004,Delhi,SKU003,Laundry Detergent 1kg,35,31.71,0,130,35,0,95,16.89,112.02,95,239,7700.0,False
2026-05-13,ST004,Delhi,SKU004,Dishwash Liquid 500ml,16,24.97,219,273,16,0,257,15.81,90.73,257,0,2000.0,False
2026-05-13,ST004,Delhi,SKU005,Instant Coffee 100g,21,19.73,0,64,21,0,43,12.57,71.76,193,0,3885.0,False
2026-05-13,ST005,Hyderabad,SKU001,Shampoo 340ml,21,20.94,0,59,21,0,38,12.24,75.07,207,0,6909.0,False
2026-05-13,ST005,Hyderabad,SKU002,Bath Soap 100g,31,36.06,0,92,31,0,61,19.79,127.99,385,0,1705.0,False
2026-05-13,ST005,Hyderabad,SKU003,Laundry Detergent 1kg,24,29.48,0,98,24,0,74,22.71,111.15,300,0,5280.0,False
2026-05-13,ST005,Hyderabad,SKU004,Dishwash Liquid 500ml,19,25.97,0,72,19,0,53,14.9,92.81,252,0,2375.0,False
2026-05-13,ST005,Hyderabad,SKU005,Instant Coffee 100g,14,18.08,0,82,14,0,68,14.71,68.93,68,128,2590.0,False
2026-05-14,ST001,Chennai,SKU001,Shampoo 340ml,18,23.7,170,203,18,0,185,15.65,86.74,185,0,5922.0,False
2026-05-14,ST001,Chennai,SKU002,Bath Soap 100g,41,43.46,0,89,41,0,48,22.65,153.03,345,0,2255.0,False
2026-05-14,ST001,Chennai,SKU003,Laundry Detergent 1kg,26,31.87,229,285,26,0,259,21.41,117.03,259,0,5720.0,False
2026-05-14,ST001,Chennai,SKU004,Dishwash Liquid 500ml,33,29.7,0,53,33,0,20,20.08,109.17,239,0,4125.0,False
2026-05-14,ST001,Chennai,SKU005,Instant Coffee 100g,23,20.92,236,273,23,0,250,15.29,78.06,250,0,4255.0,False
2026-05-14,ST002,Bengaluru,SKU001,Shampoo 340ml,30,25.58,0,88,30,0,58,16.06,92.79,243,0,9870.0,False
2026-05-14,ST002,Bengaluru,SKU002,Bath Soap 100g,58,44.98,0,420,58,0,362,20.83,155.76,362,0,3190.0,False
2026-05-14,ST002,Bengaluru,SKU003,Laundry Detergent 1kg,35,37.32,0,268,35,0,233,24.2,136.17,233,0,7700.0,False
2026-05-14,ST002,Bengaluru,SKU004,Dishwash Liquid 500ml,32,37.96,0,69,32,0,37,16.65,130.52,250,0,3600.0,False
2026-05-14,ST002,Bengaluru,SKU005,Instant Coffee 100g,17,22.49,172,207,17,0,190,16.47,83.93,190,0,3145.0,False
2026-05-14,ST003,Mumbai,SKU001,Shampoo 340ml,31,26.44,221,260,31,0,229,17.93,97.26,229,0,10199.0,False
2026-05-14,ST003,Mumbai,SKU002,Bath Soap 100g,57,56.78,0,487,57,0,430,21.53,191.86,430,0,2664.75,False
2026-05-14,ST003,Mumbai,SKU003,Laundry Detergent 1kg,36,40.22,0,162,36,0,126,21.5,142.15,126,298,7128.0,False
2026-05-14,ST003,Mumbai,SKU004,Dishwash Liquid 500ml,25,31.99,0,318,25,0,293,15.78,111.73,293,0,3125.0,False
2026-05-14,ST003,Mumbai,SKU005,Instant Coffee 100g,16,24.01,0,51,16,0,35,15.17,87.2,211,0,2960.0,False
2026-05-14,ST004,Delhi,SKU001,Shampoo 340ml,20,23.63,0,205,20,0,185,16.86,87.76,185,0,6580.0,False
2026-05-14,ST004,Delhi,SKU002,Bath Soap 100g,38,38.73,285,344,38,0,306,21.07,137.26,306,0,2090.0,False
2026-05-14,ST004,Delhi,SKU003,Laundry Detergent 1kg,31,34.09,0,95,31,0,64,16.49,118.76,303,0,6479.0,False
2026-05-14,ST004,Delhi,SKU004,Dishwash Liquid 500ml,28,35.36,0,257,28,0,229,16.84,122.91,229,0,2800.0,False
2026-05-14,ST004,Delhi,SKU005,Instant Coffee 100g,18,19.89,0,43,18,0,25,12.31,71.97,175,0,3330.0,False
2026-05-14,ST005,Hyderabad,SKU001,Shampoo 340ml,17,20.15,0,38,17,0,21,12.2,72.64,190,0,5593.0,False
2026-05-14,ST005,Hyderabad,SKU002,Bath Soap 100g,30,35.72,0,61,30,0,31,20.12,127.28,355,0,1650.0,False
2026-05-14,ST005,Hyderabad,SKU003,Laundry Detergent 1kg,33,33.02,0,74,33,0,41,23.15,122.21,267,0,7260.0,False
2026-05-14,ST005,Hyderabad,SKU004,Dishwash Liquid 500ml,30,25.32,0,53,30,0,23,15.43,91.39,222,0,3750.0,False
2026-05-14,ST005,Hyderabad,SKU005,Instant Coffee 100g,25,17.47,0,68,25,0,43,13.97,66.39,171,0,4625.0,False
2026-05-15,ST001,Chennai,SKU001,Shampoo 340ml,18,24.47,0,185,18,0,167,16.19,89.59,167,0,5922.0,False
2026-05-15,ST001,Chennai,SKU002,Bath Soap 100g,49,42.49,297,345,49,0,296,21.58,149.03,296,0,2695.0,False
2026-05-15,ST001,Chennai,SKU003,Laundry Detergent 1kg,38,32.78,0,259,38,0,221,21.78,120.12,221,0,8360.0,False
2026-05-15,ST001,Chennai,SKU004,Dishwash Liquid 500ml,28,29.18,219,239,28,0,211,19.55,107.08,211,0,3500.0,False
2026-05-15,ST001,Chennai,SKU005,Instant Coffee 100g,15,21.18,0,250,15,0,235,15.29,78.82,235,0,2775.0,False
2026-05-15,ST002,Bengaluru,SKU001,Shampoo 340ml,20,26.67,0,58,20,0,38,15.83,95.84,223,0,6580.0,False
2026-05-15,ST002,Bengaluru,SKU002,Bath Soap 100g,51,44.98,0,362,51,0,311,21.71,156.65,311,0,2805.0,False
2026-05-15,ST002,Bengaluru,SKU003,Laundry Detergent 1kg,33,36.71,0,233,33,0,200,23.68,133.81,200,0,7260.0,False
2026-05-15,ST002,Bengaluru,SKU004,Dishwash Liquid 500ml,48,38.22,213,250,48,0,202,16.32,130.98,202,0,4800.0,False
2026-05-15,ST002,Bengaluru,SKU005,Instant Coffee 100g,34,21.61,0,190,34,0,156,16.96,81.78,156,0,6290.0,False
2026-05-15,ST003,Mumbai,SKU001,Shampoo 340ml,37,35.08,0,229,37,0,192,18.01,123.25,192,0,10347.05,False
2026-05-15,ST003,Mumbai,SKU002,Bath Soap 100g,53,45.53,0,430,53,0,377,21.7,158.28,377,0,2915.0,False
2026-05-15,ST003,Mumbai,SKU003,Laundry Detergent 1kg,35,35.99,0,126,35,0,91,21.09,129.06,389,0,7700.0,False
2026-05-15,ST003,Mumbai,SKU004,Dishwash Liquid 500ml,28,30.09,0,293,28,0,265,16.38,106.65,265,0,3500.0,False
2026-05-15,ST003,Mumbai,SKU005,Instant Coffee 100g,25,24.12,176,211,25,0,186,16.42,88.77,186,0,4625.0,False
2026-05-15,ST004,Delhi,SKU001,Shampoo 340ml,17,22.12,0,185,17,0,168,16.7,83.05,168,0,5593.0,False
2026-05-15,ST004,Delhi,SKU002,Bath Soap 100g,43,35.73,0,306,43,0,263,21.05,128.24,263,0,2365.0,False
2026-05-15,ST004,Delhi,SKU003,Laundry Detergent 1kg,29,30.29,0,64,29,0,35,16.52,107.37,274,0,6380.0,False
2026-05-15,ST004,Delhi,SKU004,Dishwash Liquid 500ml,25,26.77,0,229,25,0,204,16.15,96.47,204,0,3125.0,False
2026-05-15,ST004,Delhi,SKU005,Instant Coffee 100g,22,27.86,150,175,22,0,153,12.42,96.0,153,0,3256.0,False
2026-05-15,ST005,Hyderabad,SKU001,Shampoo 340ml,21,19.79,169,190,21,0,169,12.38,71.75,169,0,6909.0,False
2026-05-15,ST005,Hyderabad,SKU002,Bath Soap 100g,48,45.41,324,355,48,0,307,20.62,156.85,307,0,2244.0,False
2026-05-15,ST005,Hyderabad,SKU003,Laundry Detergent 1kg,33,29.63,226,267,33,0,234,21.38,110.28,234,0,7260.0,False
2026-05-15,ST005,Hyderabad,SKU004,Dishwash Liquid 500ml,28,25.65,199,222,28,0,194,13.85,90.79,194,0,3500.0,False
2026-05-15,ST005,Hyderabad,SKU005,Instant Coffee 100g,19,17.72,0,43,19,0,24,14.24,67.41,152,0,3515.0,False
2026-05-16,ST001,Chennai,SKU001,Shampoo 340ml,34,28.45,0,167,34,0,133,15.85,101.21,133,0,11186.0,False
2026-05-16,ST001,Chennai,SKU002,Bath Soap 100g,52,48.77,0,296,52,0,244,21.42,167.74,244,0,2860.0,False
2026-05-16,ST001,Chennai,SKU003,Laundry Detergent 1kg,52,37.7,0,221,52,0,169,21.78,134.89,169,0,11440.0,False
2026-05-16,ST001,Chennai,SKU004,Dishwash Liquid 500ml,28,35.01,0,211,28,0,183,19.69,124.72,183,0,3500.0,False
2026-05-16,ST001,Chennai,SKU005,Instant Coffee 100g,34,25.01,0,235,34,0,201,15.71,90.75,201,0,6290.0,False
2026-05-16,ST002,Bengaluru,SKU001,Shampoo 340ml,32,28.94,185,223,32,0,191,16.15,102.98,191,0,10528.0,False
2026-05-16,ST002,Bengaluru,SKU002,Bath Soap 100g,52,53.59,0,311,52,0,259,21.72,182.48,259,0,2860.0,False
2026-05-16,ST002,Bengaluru,SKU003,Laundry Detergent 1kg,38,41.67,0,200,38,0,162,23.05,148.05,162,0,8360.0,False
2026-05-16,ST002,Bengaluru,SKU004,Dishwash Liquid 500ml,30,35.14,0,202,30,0,172,18.77,124.2,172,0,3750.0,False
2026-05-16,ST002,Bengaluru,SKU005,Instant Coffee 100g,24,26.72,0,156,24,0,132,17.61,97.77,132,0,4440.0,False
2026-05-16,ST003,Mumbai,SKU001,Shampoo 340ml,35,29.7,0,192,35,0,157,18.19,107.31,157,0,11515.0,False
2026-05-16,ST003,Mumbai,SKU002,Bath Soap 100g,47,52.56,0,377,47,0,330,21.77,179.44,330,0,2585.0,False
2026-05-16,ST003,Mumbai,SKU003,Laundry Detergent 1kg,60,54.67,0,91,60,0,31,20.56,184.56,329,0,11220.0,False
2026-05-16,ST003,Mumbai,SKU004,Dishwash Liquid 500ml,27,35.95,0,265,27,0,238,16.46,124.32,238,0,3375.0,False
2026-05-16,ST003,Mumbai,SKU005,Instant Coffee 100g,17,27.91,0,186,17,0,169,16.45,100.17,169,0,3145.0,False
2026-05-16,ST004,Delhi,SKU001,Shampoo 340ml,28,26.23,0,168,28,0,140,16.96,95.67,140,0,9212.0,False
2026-05-16,ST004,Delhi,SKU002,Bath Soap 100g,36,44.44,0,263,36,0,227,20.75,154.06,227,0,1980.0,False
2026-05-16,ST004,Delhi,SKU003,Laundry Detergent 1kg,36,32.37,239,274,36,0,238,16.58,113.69,238,0,7920.0,False
2026-05-16,ST004,Delhi,SKU004,Dishwash Liquid 500ml,24,31.15,0,204,24,0,180,15.94,109.4,180,0,3000.0,False
2026-05-16,ST004,Delhi,SKU005,Instant Coffee 100g,33,21.55,0,153,33,0,120,12.41,77.07,120,0,6105.0,False
2026-05-16,ST005,Hyderabad,SKU001,Shampoo 340ml,24,23.92,0,169,24,0,145,12.18,83.95,145,0,7896.0,False
2026-05-16,ST005,Hyderabad,SKU002,Bath Soap 100g,31,42.04,0,307,31,0,276,20.5,146.6,276,0,1705.0,False
2026-05-16,ST005,Hyderabad,SKU003,Laundry Detergent 1kg,39,34.71,0,234,39,0,195,20.73,124.88,195,0,8580.0,False
2026-05-16,ST005,Hyderabad,SKU004,Dishwash Liquid 500ml,28,29.18,0,194,28,0,166,12.95,100.5,166,0,3500.0,False
2026-05-16,ST005,Hyderabad,SKU005,Instant Coffee 100g,27,21.77,128,152,27,0,125,14.23,79.55,125,0,4995.0,False
2026-05-17,ST001,Chennai,SKU001,Shampoo 340ml,31,33.1,0,133,31,0,102,15.06,114.37,102,245,8669.15,False
2026-05-17,ST001,Chennai,SKU002,Bath Soap 100g,56,47.33,0,244,56,0,188,21.79,163.78,188,0,3080.0,False
2026-05-17,ST001,Chennai,SKU003,Laundry Detergent 1kg,35,35.49,0,169,35,0,134,23.52,129.99,134,0,7700.0,False
2026-05-17,ST001,Chennai,SKU004,Dishwash Liquid 500ml,35,34.19,0,183,35,0,148,19.21,121.79,148,0,4375.0,False
2026-05-17,ST001,Chennai,SKU005,Instant Coffee 100g,30,27.27,0,201,30,0,171,16.44,98.24,171,0,5550.0,False
2026-05-17,ST002,Bengaluru,SKU001,Shampoo 340ml,23,29.04,0,191,23,0,168,16.05,103.18,168,0,7567.0,False
2026-05-17,ST002,Bengaluru,SKU002,Bath Soap 100g,50,51.73,0,259,50,0,209,21.04,176.22,209,0,2750.0,False
2026-05-17,ST002,Bengaluru,SKU003,Laundry Detergent 1kg,33,40.02,0,162,33,0,129,23.05,143.12,129,295,7260.0,False
2026-05-17,ST002,Bengaluru,SKU004,Dishwash Liquid 500ml,25,34.59,0,172,25,0,147,18.3,122.07,147,0,3125.0,False
2026-05-17,ST002,Bengaluru,SKU005,Instant Coffee 100g,27,25.48,0,132,27,0,105,17.5,93.95,105,0,4995.0,False
2026-05-17,ST003,Mumbai,SKU001,Shampoo 340ml,33,29.39,0,157,33,0,124,18.3,106.46,124,0,10857.0,False
2026-05-17,ST003,Mumbai,SKU002,Bath Soap 100g,56,51.25,0,330,56,0,274,21.77,175.52,274,0,3080.0,False
2026-05-17,ST003,Mumbai,SKU003,Laundry Detergent 1kg,40,41.63,298,329,40,0,289,23.68,148.58,289,0,8800.0,False
2026-05-17,ST003,Mumbai,SKU004,Dishwash Liquid 500ml,33,33.8,0,238,33,0,205,16.76,118.17,205,0,4125.0,False
2026-05-17,ST003,Mumbai,SKU005,Instant Coffee 100g,30,27.32,0,169,30,0,139,16.93,98.89,139,0,5550.0,False
2026-05-17,ST004,Delhi,SKU001,Shampoo 340ml,28,24.81,0,140,28,0,112,16.3,90.73,112,0,9212.0,False
2026-05-17,ST004,Delhi,SKU002,Bath Soap 100g,48,45.01,0,227,48,0,179,20.92,155.95,179,0,2640.0,False
2026-05-17,ST004,Delhi,SKU003,Laundry Detergent 1kg,33,34.6,0,238,33,0,205,16.21,120.0,205,0,7260.0,False
2026-05-17,ST004,Delhi,SKU004,Dishwash Liquid 500ml,30,31.08,0,180,30,0,150,15.57,108.82,150,0,3750.0,False
2026-05-17,ST004,Delhi,SKU005,Instant Coffee 100g,28,22.74,0,120,28,0,92,13.63,81.84,92,0,5180.0,False
2026-05-17,ST005,Hyderabad,SKU001,Shampoo 340ml,22,23.6,0,145,22,0,123,12.28,83.07,123,0,7238.0,False
2026-05-17,ST005,Hyderabad,SKU002,Bath Soap 100g,42,40.95,0,276,42,0,234,20.88,143.73,234,0,2310.0,False
2026-05-17,ST005,Hyderabad,SKU003,Laundry Detergent 1kg,39,32.5,0,195,39,0,156,20.84,118.33,156,0,8580.0,False
2026-05-17,ST005,Hyderabad,SKU004,Dishwash Liquid 500ml,25,27.6,0,166,25,0,141,12.65,95.44,141,0,3125.0,False
2026-05-17,ST005,Hyderabad,SKU005,Instant Coffee 100g,18,22.03,0,125,18,0,107,14.91,81.0,107,0,3330.0,False
2026-05-18,ST001,Chennai,SKU001,Shampoo 340ml,32,25.23,0,102,32,0,70,15.16,90.86,315,0,10001.6,False
2026-05-18,ST001,Chennai,SKU002,Bath Soap 100g,50,43.96,0,188,50,0,138,22.07,153.95,138,324,2750.0,False
2026-05-18,ST001,Chennai,SKU003,Laundry Detergent 1kg,28,33.16,0,134,28,0,106,23.0,122.49,106,249,6160.0,False
2026-05-18,ST001,Chennai,SKU004,Dishwash Liquid 500ml,25,30.12,0,148,25,0,123,19.27,109.64,123,0,3125.0,False
2026-05-18,ST001,Chennai,SKU005,Instant Coffee 100g,22,22.78,0,171,22,0,149,13.44,81.78,149,0,4070.0,False
2026-05-18,ST002,Bengaluru,SKU001,Shampoo 340ml,20,25.52,0,168,20,0,148,15.74,92.3,148,0,6580.0,False
2026-05-18,ST002,Bengaluru,SKU002,Bath Soap 100g,40,44.51,0,209,40,0,169,21.04,154.58,169,0,2200.0,False
2026-05-18,ST002,Bengaluru,SKU003,Laundry Detergent 1kg,31,35.72,0,129,31,0,98,22.93,130.1,393,0,6820.0,False
2026-05-18,ST002,Bengaluru,SKU004,Dishwash Liquid 500ml,28,29.57,0,147,28,0,119,17.71,106.43,119,0,3500.0,False
2026-05-18,ST002,Bengaluru,SKU005,Instant Coffee 100g,24,23.29,0,105,24,0,81,17.46,87.32,81,170,4440.0,False
2026-05-18,ST003,Mumbai,SKU001,Shampoo 340ml,32,25.8,0,124,32,0,92,18.21,95.61,92,185,10528.0,False
2026-05-18,ST003,Mumbai,SKU002,Bath Soap 100g,52,60.92,0,274,52,0,222,21.99,204.74,222,0,2288.0,False
2026-05-18,ST003,Mumbai,SKU003,Laundry Detergent 1kg,40,36.24,0,289,40,0,249,23.69,132.4,249,0,8800.0,False
2026-05-18,ST003,Mumbai,SKU004,Dishwash Liquid 500ml,35,30.59,0,205,35,0,170,16.75,108.53,170,0,4375.0,False
2026-05-18,ST003,Mumbai,SKU005,Instant Coffee 100g,24,24.28,0,139,24,0,115,16.87,89.72,115,0,4440.0,False
2026-05-18,ST004,Delhi,SKU001,Shampoo 340ml,21,21.26,0,112,21,0,91,16.34,80.13,91,0,6909.0,False
2026-05-18,ST004,Delhi,SKU002,Bath Soap 100g,40,37.51,0,179,40,0,139,20.2,132.73,139,0,2200.0,False
2026-05-18,ST004,Delhi,SKU003,Laundry Detergent 1kg,32,29.9,0,205,32,0,173,15.17,104.89,173,0,7040.0,False
2026-05-18,ST004,Delhi,SKU004,Dishwash Liquid 500ml,30,25.9,0,150,30,0,120,15.57,93.26,120,0,3750.0,False
2026-05-18,ST004,Delhi,SKU005,Instant Coffee 100g,20,20.09,0,92,20,0,72,13.61,73.88,72,143,3700.0,False
2026-05-18,ST005,Hyderabad,SKU001,Shampoo 340ml,15,20.12,0,123,15,0,108,12.24,72.59,108,0,4935.0,False
2026-05-18,ST005,Hyderabad,SKU002,Bath Soap 100g,25,35.85,0,234,25,0,209,20.44,127.98,209,0,1375.0,False
2026-05-18,ST005,Hyderabad,SKU003,Laundry Detergent 1kg,29,31.86,0,156,29,0,127,20.84,116.41,127,0,6380.0,False
2026-05-18,ST005,Hyderabad,SKU004,Dishwash Liquid 500ml,28,32.32,0,141,28,0,113,12.34,109.3,113,0,2800.0,False
2026-05-18,ST005,Hyderabad,SKU005,Instant Coffee 100g,13,17.51,0,107,13,0,94,14.86,67.38,94,0,2405.0,False
2026-05-19,ST001,Chennai,SKU001,Shampoo 340ml,28,26.57,0,70,28,0,42,15.47,95.18,287,0,8290.8,False
2026-05-19,ST001,Chennai,SKU002,Bath Soap 100g,40,40.66,0,138,40,0,98,22.0,143.97,422,0,2200.0,False
2026-05-19,ST001,Chennai,SKU003,Laundry Detergent 1kg,34,34.14,0,106,34,0,72,23.17,125.6,321,0,7480.0,False
2026-05-19,ST001,Chennai,SKU004,Dishwash Liquid 500ml,25,30.01,0,123,25,0,98,19.27,109.31,98,222,3125.0,False
2026-05-19,ST001,Chennai,SKU005,Instant Coffee 100g,27,25.09,0,149,27,0,122,13.38,88.64,122,0,4745.25,False
2026-05-19,ST002,Bengaluru,SKU001,Shampoo 340ml,27,26.89,0,148,27,0,121,15.75,96.41,121,0,8883.0,False
2026-05-19,ST002,Bengaluru,SKU002,Bath Soap 100g,38,42.99,0,169,38,0,131,20.34,149.29,131,320,2090.0,False
2026-05-19,ST002,Bengaluru,SKU003,Laundry Detergent 1kg,42,37.86,0,98,42,0,56,22.06,135.65,351,0,8778.0,False
2026-05-19,ST002,Bengaluru,SKU004,Dishwash Liquid 500ml,33,29.55,0,119,33,0,86,17.75,106.41,86,228,4125.0,False
2026-05-19,ST002,Bengaluru,SKU005,Instant Coffee 100g,21,27.74,0,81,21,0,60,17.43,100.64,230,0,3496.5,False
2026-05-19,ST003,Mumbai,SKU001,Shampoo 340ml,26,24.63,0,92,26,0,66,18.26,92.15,251,0,8554.0,False
2026-05-19,ST003,Mumbai,SKU002,Bath Soap 100g,57,47.47,0,222,57,0,165,21.73,164.13,165,0,3135.0,False
2026-05-19,ST003,Mumbai,SKU003,Laundry Detergent 1kg,37,35.61,0,249,37,0,212,23.53,130.37,212,0,8140.0,False
2026-05-19,ST003,Mumbai,SKU004,Dishwash Liquid 500ml,26,31.17,0,170,26,0,144,15.82,109.33,144,0,3250.0,False
2026-05-19,ST003,Mumbai,SKU005,Instant Coffee 100g,22,23.41,0,115,22,0,93,16.94,87.17,93,0,4070.0,False
2026-05-19,ST004,Delhi,SKU001,Shampoo 340ml,22,24.4,0,91,22,0,69,16.29,89.48,69,192,6876.1,False
2026-05-19,ST004,Delhi,SKU002,Bath Soap 100g,35,38.48,0,139,35,0,104,20.2,135.65,104,302,1925.0,False
2026-05-19,ST004,Delhi,SKU003,Laundry Detergent 1kg,30,30.75,0,173,30,0,143,14.74,106.99,143,0,6600.0,False
2026-05-19,ST004,Delhi,SKU004,Dishwash Liquid 500ml,35,25.64,0,120,35,0,85,15.54,92.47,85,187,4375.0,False
2026-05-19,ST004,Delhi,SKU005,Instant Coffee 100g,19,19.24,0,72,19,0,53,13.63,71.34,196,0,3515.0,False
2026-05-19,ST005,Hyderabad,SKU001,Shampoo 340ml,18,21.32,0,108,18,0,90,12.49,76.44,90,0,5922.0,False
2026-05-19,ST005,Hyderabad,SKU002,Bath Soap 100g,39,34.81,0,209,39,0,170,21.1,125.53,170,0,2145.0,False
2026-05-19,ST005,Hyderabad,SKU003,Laundry Detergent 1kg,21,30.01,0,127,21,0,106,20.88,110.91,106,215,4620.0,False
2026-05-19,ST005,Hyderabad,SKU004,Dishwash Liquid 500ml,23,25.66,0,113,23,0,90,12.29,89.28,90,0,2875.0,False
2026-05-19,ST005,Hyderabad,SKU005,Instant Coffee 100g,25,18.79,0,94,25,0,69,14.95,71.32,69,134,4625.0,False
2026-05-20,ST001,Chennai,SKU001,Shampoo 340ml,21,24.44,245,287,21,0,266,15.11,88.43,266,0,6909.0,False
2026-05-20,ST001,Chennai,SKU002,Bath Soap 100g,52,42.31,0,98,52,0,46,21.46,148.39,370,0,2860.0,False
2026-05-20,ST001,Chennai,SKU003,Laundry Detergent 1kg,33,32.38,0,72,33,0,39,22.65,119.79,288,0,7260.0,False
2026-05-20,ST001,Chennai,SKU004,Dishwash Liquid 500ml,31,29.39,0,98,31,0,67,19.63,107.79,289,0,3875.0,False
2026-05-20,ST001,Chennai,SKU005,Instant Coffee 100g,18,22.23,0,122,18,0,104,13.38,80.06,104,0,3330.0,False
2026-05-20,ST002,Bengaluru,SKU001,Shampoo 340ml,18,25.25,0,121,18,0,103,15.7,91.46,103,0,5922.0,False
2026-05-20,ST002,Bengaluru,SKU002,Bath Soap 100g,47,42.22,0,131,47,0,84,20.91,147.59,404,0,2585.0,False
2026-05-20,ST002,Bengaluru,SKU003,Laundry Detergent 1kg,45,36.09,295,351,45,0,306,22.21,130.47,306,0,9405.0,False
2026-05-20,ST002,Bengaluru,SKU004,Dishwash Liquid 500ml,27,28.98,0,86,27,0,59,17.74,104.68,287,0,3375.0,False
2026-05-20,ST002,Bengaluru,SKU005,Instant Coffee 100g,20,23.33,0,60,20,0,40,16.84,86.84,210,0,3700.0,False
2026-05-20,ST003,Mumbai,SKU001,Shampoo 340ml,36,28.67,0,66,36,0,30,18.3,104.3,215,0,10659.6,False
2026-05-20,ST003,Mumbai,SKU002,Bath Soap 100g,53,46.89,0,165,53,0,112,21.92,162.58,112,379,2915.0,False
2026-05-20,ST003,Mumbai,SKU003,Laundry Detergent 1kg,42,35.86,0,212,42,0,170,23.55,131.13,170,0,9240.0,False
2026-05-20,ST003,Mumbai,SKU004,Dishwash Liquid 500ml,24,29.88,0,144,24,0,120,16.22,105.87,120,0,3000.0,False
2026-05-20,ST003,Mumbai,SKU005,Instant Coffee 100g,17,23.35,0,93,17,0,76,15.76,85.8,76,174,3145.0,False
2026-05-20,ST004,Delhi,SKU001,Shampoo 340ml,24,21.9,0,69,24,0,45,15.39,81.09,237,0,7896.0,False
2026-05-20,ST004,Delhi,SKU002,Bath Soap 100g,38,38.68,0,104,38,0,66,18.51,134.55,368,0,2090.0,False
2026-05-20,ST004,Delhi,SKU003,Laundry Detergent 1kg,35,31.73,0,143,35,0,108,14.6,109.8,108,224,7700.0,False
2026-05-20,ST004,Delhi,SKU004,Dishwash Liquid 500ml,37,26.47,0,85,37,0,48,16.01,95.41,235,0,4393.75,False
2026-05-20,ST004,Delhi,SKU005,Instant Coffee 100g,16,20.46,0,53,16,0,37,13.55,74.95,180,0,2960.0,False
2026-05-20,ST005,Hyderabad,SKU001,Shampoo 340ml,23,20.32,0,90,23,0,67,12.55,73.51,67,149,7567.0,False
2026-05-20,ST005,Hyderabad,SKU002,Bath Soap 100g,38,36.41,0,170,38,0,132,20.94,130.18,132,0,2090.0,False
2026-05-20,ST005,Hyderabad,SKU003,Laundry Detergent 1kg,33,29.82,0,106,33,0,73,21.42,110.88,288,0,7260.0,False
2026-05-20,ST005,Hyderabad,SKU004,Dishwash Liquid 500ml,24,25.59,0,90,24,0,66,12.43,89.19,66,203,3000.0,False
2026-05-20,ST005,Hyderabad,SKU005,Instant Coffee 100g,26,17.54,0,69,26,0,43,14.81,67.42,177,0,4810.0,False
2026-05-21,ST001,Chennai,SKU001,Shampoo 340ml,28,24.39,0,266,28,0,238,15.39,88.55,238,0,9212.0,False
2026-05-21,ST001,Chennai,SKU002,Bath Soap 100g,48,46.4,324,370,48,0,322,20.42,159.63,322,0,2508.0,False
2026-05-21,ST001,Chennai,SKU003,Laundry Detergent 1kg,31,33.84,249,288,31,0,257,22.09,123.61,257,0,6820.0,False
2026-05-21,ST001,Chennai,SKU004,Dishwash Liquid 500ml,26,30.49,0,67,26,0,41,19.62,111.1,263,0,3250.0,False
2026-05-21,ST001,Chennai,SKU005,Instant Coffee 100g,15,21.71,0,104,15,0,89,12.7,77.82,89,0,2775.0,False
2026-05-21,ST002,Bengaluru,SKU001,Shampoo 340ml,34,25.45,0,103,34,0,69,15.98,92.32,69,202,11186.0,False
2026-05-21,ST002,Bengaluru,SKU002,Bath Soap 100g,45,42.29,0,84,45,0,39,19.99,146.85,359,0,2475.0,False
2026-05-21,ST002,Bengaluru,SKU003,Laundry Detergent 1kg,50,43.27,0,306,50,0,256,22.0,151.82,256,0,8800.0,False
2026-05-21,ST002,Bengaluru,SKU004,Dishwash Liquid 500ml,31,29.51,0,59,31,0,28,17.83,106.37,256,0,3875.0,False
2026-05-21,ST002,Bengaluru,SKU005,Instant Coffee 100g,22,23.85,170,210,22,0,188,17.01,88.56,188,0,4070.0,False
2026-05-21,ST003,Mumbai,SKU001,Shampoo 340ml,30,26.24,185,215,30,0,185,18.77,97.5,185,0,9870.0,False
2026-05-21,ST003,Mumbai,SKU002,Bath Soap 100g,35,46.76,0,112,35,0,77,21.92,162.19,456,0,1925.0,False
2026-05-21,ST003,Mumbai,SKU003,Laundry Detergent 1kg,32,35.92,0,170,32,0,138,23.57,131.32,138,0,7040.0,False
2026-05-21,ST003,Mumbai,SKU004,Dishwash Liquid 500ml,24,30.71,0,120,24,0,96,16.52,108.66,96,228,3000.0,False
2026-05-21,ST003,Mumbai,SKU005,Instant Coffee 100g,35,22.88,0,76,35,0,41,16.33,84.98,215,0,6475.0,False
2026-05-21,ST004,Delhi,SKU001,Shampoo 340ml,23,21.48,0,45,23,0,22,15.13,79.57,214,0,7567.0,False
2026-05-21,ST004,Delhi,SKU002,Bath Soap 100g,31,39.3,0,66,31,0,35,18.57,136.46,337,0,1705.0,False
2026-05-21,ST004,Delhi,SKU003,Laundry Detergent 1kg,33,31.52,0,108,33,0,75,14.64,109.2,299,0,7260.0,False
2026-05-21,ST004,Delhi,SKU004,Dishwash Liquid 500ml,32,32.66,0,48,32,0,16,16.7,114.67,203,0,3400.0,False
2026-05-21,ST004,Delhi,SKU005,Instant Coffee 100g,14,20.06,143,180,14,0,166,12.31,72.5,166,0,2590.0,False
2026-05-21,ST005,Hyderabad,SKU001,Shampoo 340ml,20,20.67,0,67,20,0,47,12.6,74.62,196,0,6580.0,False
2026-05-21,ST005,Hyderabad,SKU002,Bath Soap 100g,46,37.7,0,132,46,0,86,20.87,133.95,86,312,2530.0,False
2026-05-21,ST005,Hyderabad,SKU003,Laundry Detergent 1kg,26,29.62,0,73,26,0,47,21.08,109.92,262,0,5720.0,False
2026-05-21,ST005,Hyderabad,SKU004,Dishwash Liquid 500ml,36,33.44,0,66,36,0,30,11.99,112.3,233,0,3600.0,False
2026-05-21,ST005,Hyderabad,SKU005,Instant Coffee 100g,22,16.39,0,43,22,0,21,15.32,64.48,155,0,4070.0,False
2026-05-22,ST001,Chennai,SKU001,Shampoo 340ml,27,25.58,0,238,27,0,211,15.42,92.17,211,0,8883.0,False
2026-05-22,ST001,Chennai,SKU002,Bath Soap 100g,42,40.6,0,322,42,0,280,20.37,142.17,280,0,2310.0,False
2026-05-22,ST001,Chennai,SKU003,Laundry Detergent 1kg,32,32.14,0,257,32,0,225,21.37,117.79,225,0,7040.0,False
2026-05-22,ST001,Chennai,SKU004,Dishwash Liquid 500ml,23,32.31,222,263,23,0,240,19.28,116.21,240,0,2875.0,False
2026-05-22,ST001,Chennai,SKU005,Instant Coffee 100g,15,21.87,0,89,15,0,74,13.48,79.08,74,159,2775.0,False
2026-05-22,ST002,Bengaluru,SKU001,Shampoo 340ml,27,25.11,0,69,27,0,42,16.5,91.85,244,0,8883.0,False
2026-05-22,ST002,Bengaluru,SKU002,Bath Soap 100g,49,41.79,320,359,49,0,310,19.48,144.85,310,0,2695.0,False
2026-05-22,ST002,Bengaluru,SKU003,Laundry Detergent 1kg,37,36.31,0,256,37,0,219,22.72,131.64,219,0,8140.0,False
2026-05-22,ST002,Bengaluru,SKU004,Dishwash Liquid 500ml,32,28.8,228,256,32,0,224,16.86,103.27,224,0,4000.0,False
2026-05-22,ST002,Bengaluru,SKU005,Instant Coffee 100g,18,22.27,0,188,18,0,170,16.16,82.97,170,0,3330.0,False
2026-05-22,ST003,Mumbai,SKU001,Shampoo 340ml,48,31.62,0,185,48,0,137,18.04,112.9,137,0,14212.8,False
2026-05-22,ST003,Mumbai,SKU002,Bath Soap 100g,47,46.5,0,77,47,0,30,23.55,163.04,409,0,2585.0,False
2026-05-22,ST003,Mumbai,SKU003,Laundry Detergent 1kg,38,37.1,0,138,38,0,100,23.23,134.53,100,295,8360.0,False
2026-05-22,ST003,Mumbai,SKU004,Dishwash Liquid 500ml,20,30.51,0,96,20,0,76,17.06,108.58,304,0,2500.0,False
2026-05-22,ST003,Mumbai,SKU005,Instant Coffee 100g,28,24.41,0,41,28,0,13,16.89,90.1,187,0,5180.0,False
2026-05-22,ST004,Delhi,SKU001,Shampoo 340ml,17,21.89,192,214,17,0,197,15.12,80.79,197,0,5593.0,False
2026-05-22,ST004,Delhi,SKU002,Bath Soap 100g,38,38.73,302,337,38,0,299,18.21,134.41,299,0,2090.0,False
2026-05-22,ST004,Delhi,SKU003,Laundry Detergent 1kg,27,31.08,0,75,27,0,48,14.62,107.87,272,0,5940.0,False
2026-05-22,ST004,Delhi,SKU004,Dishwash Liquid 500ml,25,24.78,187,203,25,0,178,16.32,90.67,178,0,3125.0,False
2026-05-22,ST004,Delhi,SKU005,Instant Coffee 100g,31,22.09,0,166,31,0,135,12.95,79.23,135,0,5448.25,False
2026-05-22,ST005,Hyderabad,SKU001,Shampoo 340ml,38,28.97,0,47,38,0,9,11.55,98.46,158,0,10001.6,False
2026-05-22,ST005,Hyderabad,SKU002,Bath Soap 100g,37,36.76,0,86,37,0,49,21.26,131.55,361,0,2035.0,False
2026-05-22,ST005,Hyderabad,SKU003,Laundry Detergent 1kg,32,29.64,215,262,32,0,230,21.25,110.17,230,0,7040.0,False
2026-05-22,ST005,Hyderabad,SKU004,Dishwash Liquid 500ml,27,26.74,0,30,27,0,3,13.03,93.26,206,0,3375.0,False
2026-05-22,ST005,Hyderabad,SKU005,Instant Coffee 100g,32,17.27,134,155,32,0,123,15.23,67.03,123,0,5920.0,False
2026-05-23,ST001,Chennai,SKU001,Shampoo 340ml,33,28.2,0,211,33,0,178,15.29,99.88,178,0,10857.0,False
2026-05-23,ST001,Chennai,SKU002,Bath Soap 100g,45,47.04,0,280,45,0,235,19.5,160.61,235,0,2475.0,False
2026-05-23,ST001,Chennai,SKU003,Laundry Detergent 1kg,28,36.77,0,225,28,0,197,21.27,131.59,197,0,6160.0,False
2026-05-23,ST001,Chennai,SKU004,Dishwash Liquid 500ml,29,32.63,0,240,29,0,211,18.35,116.24,211,0,3625.0,False
2026-05-23,ST001,Chennai,SKU005,Instant Coffee 100g,16,24.95,0,74,16,0,58,14.17,89.03,217,0,2960.0,False
2026-05-23,ST002,Bengaluru,SKU001,Shampoo 340ml,33,28.24,0,42,33,0,9,16.5,101.24,211,0,10857.0,False
2026-05-23,ST002,Bengaluru,SKU002,Bath Soap 100g,45,51.21,0,310,45,0,265,18.37,172.01,265,0,2475.0,False
2026-05-23,ST002,Bengaluru,SKU003,Laundry Detergent 1kg,47,42.09,0,219,47,0,172,22.46,148.72,172,0,10340.0,False
2026-05-23,ST002,Bengaluru,SKU004,Dishwash Liquid 500ml,29,33.81,0,224,29,0,195,16.51,117.95,195,0,3625.0,False
2026-05-23,ST002,Bengaluru,SKU005,Instant Coffee 100g,15,24.9,0,170,15,0,155,16.29,90.99,155,0,2775.0,False
2026-05-23,ST003,Mumbai,SKU001,Shampoo 340ml,28,32.8,0,137,28,0,109,20.4,118.82,109,240,9212.0,False
2026-05-23,ST003,Mumbai,SKU002,Bath Soap 100g,62,54.3,379,409,62,0,347,23.6,186.49,347,0,3239.5,False
2026-05-23,ST003,Mumbai,SKU003,Laundry Detergent 1kg,29,41.66,0,100,29,0,71,22.88,147.86,366,0,6380.0,False
2026-05-23,ST003,Mumbai,SKU004,Dishwash Liquid 500ml,31,35.05,0,76,31,0,45,18.29,123.44,273,0,3875.0,False
2026-05-23,ST003,Mumbai,SKU005,Instant Coffee 100g,43,27.28,174,187,43,0,144,16.85,98.69,144,0,7955.0,False
2026-05-23,ST004,Delhi,SKU001,Shampoo 340ml,22,25.23,0,197,22,0,175,15.5,91.2,175,0,7238.0,False
2026-05-23,ST004,Delhi,SKU002,Bath Soap 100g,46,43.19,0,299,46,0,253,17.05,146.62,253,0,2530.0,False
2026-05-23,ST004,Delhi,SKU003,Laundry Detergent 1kg,24,36.96,224,272,24,0,248,14.91,125.79,248,0,5280.0,False
2026-05-23,ST004,Delhi,SKU004,Dishwash Liquid 500ml,41,34.63,0,178,41,0,137,16.31,120.2,137,0,4356.25,False
2026-05-23,ST004,Delhi,SKU005,Instant Coffee 100g,19,22.8,0,135,19,0,116,13.69,82.09,116,0,3515.0,False
2026-05-23,ST005,Hyderabad,SKU001,Shampoo 340ml,25,25.53,149,158,25,0,133,14.87,91.45,133,0,8225.0,False
2026-05-23,ST005,Hyderabad,SKU002,Bath Soap 100g,39,42.38,0,49,39,0,10,21.19,148.32,322,0,2145.0,False
2026-05-23,ST005,Hyderabad,SKU003,Laundry Detergent 1kg,35,34.22,0,230,35,0,195,20.63,123.28,195,0,7700.0,False
2026-05-23,ST005,Hyderabad,SKU004,Dishwash Liquid 500ml,32,29.07,203,206,32,0,174,13.02,100.24,174,0,4000.0,False
2026-05-23,ST005,Hyderabad,SKU005,Instant Coffee 100g,20,25.94,0,123,20,0,103,16.59,94.41,103,0,3330.0,False
2026-05-24,ST001,Chennai,SKU001,Shampoo 340ml,29,31.1,0,178,29,0,149,15.41,108.7,149,0,8586.9,False
2026-05-24,ST001,Chennai,SKU002,Bath Soap 100g,59,45.13,0,235,59,0,176,19.39,154.79,176,0,3245.0,False
2026-05-24,ST001,Chennai,SKU003,Laundry Detergent 1kg,43,38.34,0,197,43,0,154,21.08,136.1,154,0,9460.0,False
2026-05-24,ST001,Chennai,SKU004,Dishwash Liquid 500ml,37,35.34,0,211,37,0,174,18.25,124.28,174,0,4625.0,False
2026-05-24,ST001,Chennai,SKU005,Instant Coffee 100g,30,25.04,0,58,30,0,28,14.64,89.77,187,0,5550.0,False
2026-05-24,ST002,Bengaluru,SKU001,Shampoo 340ml,24,28.53,202,211,24,0,187,15.17,100.76,187,0,7896.0,False
2026-05-24,ST002,Bengaluru,SKU002,Bath Soap 100g,37,48.5,0,265,37,0,228,18.23,163.72,228,0,2035.0,False
2026-05-24,ST002,Bengaluru,SKU003,Laundry Detergent 1kg,48,38.84,0,172,48,0,124,22.46,138.96,124,287,10560.0,False
2026-05-24,ST002,Bengaluru,SKU004,Dishwash Liquid 500ml,27,33.43,0,195,27,0,168,16.51,116.8,168,0,3375.0,False
2026-05-24,ST002,Bengaluru,SKU005,Instant Coffee 100g,18,25.35,0,155,18,0,137,16.94,92.99,137,0,3330.0,False
2026-05-24,ST003,Mumbai,SKU001,Shampoo 340ml,31,32.24,0,109,31,0,78,20.26,116.99,318,0,9689.05,False
2026-05-24,ST003,Mumbai,SKU002,Bath Soap 100g,60,53.43,0,347,60,0,287,23.27,183.57,287,0,3300.0,False
2026-05-24,ST003,Mumbai,SKU003,Laundry Detergent 1kg,35,43.7,0,71,35,0,36,22.08,153.18,331,0,7700.0,False
2026-05-24,ST003,Mumbai,SKU004,Dishwash Liquid 500ml,46,41.67,228,273,46,0,227,18.23,143.23,227,0,5175.0,False
2026-05-24,ST003,Mumbai,SKU005,Instant Coffee 100g,32,30.03,0,144,32,0,112,19.09,109.17,112,0,5920.0,False
2026-05-24,ST004,Delhi,SKU001,Shampoo 340ml,22,24.88,0,175,22,0,153,15.47,90.11,153,0,7238.0,False
2026-05-24,ST004,Delhi,SKU002,Bath Soap 100g,49,43.9,0,253,49,0,204,16.71,148.4,204,0,2695.0,False
2026-05-24,ST004,Delhi,SKU003,Laundry Detergent 1kg,38,34.8,0,248,38,0,210,15.43,119.82,210,0,8360.0,False
2026-05-24,ST004,Delhi,SKU004,Dishwash Liquid 500ml,46,32.87,0,137,46,0,91,17.69,116.29,91,256,5175.0,False
2026-05-24,ST004,Delhi,SKU005,Instant Coffee 100g,25,23.25,0,116,25,0,91,13.69,83.44,91,0,4625.0,False
2026-05-24,ST005,Hyderabad,SKU001,Shampoo 340ml,23,24.36,0,133,23,0,110,15.01,88.07,110,0,7567.0,False
2026-05-24,ST005,Hyderabad,SKU002,Bath Soap 100g,48,40.79,312,322,48,0,274,21.04,143.42,274,0,2640.0,False
2026-05-24,ST005,Hyderabad,SKU003,Laundry Detergent 1kg,41,34.6,0,195,41,0,154,18.84,122.62,154,0,9020.0,False
2026-05-24,ST005,Hyderabad,SKU004,Dishwash Liquid 500ml,30,30.08,0,174,30,0,144,13.02,103.24,144,0,3375.0,False
2026-05-24,ST005,Hyderabad,SKU005,Instant Coffee 100g,24,22.92,0,103,24,0,79,16.58,85.35,79,167,4440.0,False
2026-05-25,ST001,Chennai,SKU001,Shampoo 340ml,26,23.83,0,149,26,0,123,15.43,86.91,123,0,8554.0,False
2026-05-25,ST001,Chennai,SKU002,Bath Soap 100g,32,44.19,0,176,32,0,144,20.69,153.26,144,319,1760.0,False
2026-05-25,ST001,Chennai,SKU003,Laundry Detergent 1kg,34,32.63,0,154,34,0,120,21.45,119.34,120,0,7480.0,False
2026-05-25,ST001,Chennai,SKU004,Dishwash Liquid 500ml,15,29.36,0,174,15,0,159,17.8,105.87,159,0,1875.0,False
2026-05-25,ST001,Chennai,SKU005,Instant Coffee 100g,24,21.86,159,187,24,0,163,14.64,80.22,163,0,4440.0,False
2026-05-25,ST002,Bengaluru,SKU001,Shampoo 340ml,29,25.8,0,187,29,0,158,15.22,92.61,158,0,9541.0,False
2026-05-25,ST002,Bengaluru,SKU002,Bath Soap 100g,36,42.38,0,228,36,0,192,19.14,146.28,192,0,1980.0,False
2026-05-25,ST002,Bengaluru,SKU003,Laundry Detergent 1kg,26,36.18,0,124,26,0,98,23.03,131.57,385,0,5720.0,False
2026-05-25,ST002,Bengaluru,SKU004,Dishwash Liquid 500ml,40,37.37,0,168,40,0,128,16.07,128.17,128,262,4000.0,False
2026-05-25,ST002,Bengaluru,SKU005,Instant Coffee 100g,24,22.85,0,137,24,0,113,16.45,85.0,113,0,4440.0,False
2026-05-25,ST003,Mumbai,SKU001,Shampoo 340ml,21,26.64,0,78,21,0,57,20.09,100.0,297,0,6909.0,False
2026-05-25,ST003,Mumbai,SKU002,Bath Soap 100g,56,59.3,0,287,56,0,231,21.78,199.68,231,0,2464.0,False
2026-05-25,ST003,Mumbai,SKU003,Laundry Detergent 1kg,29,35.8,295,331,29,0,302,20.17,127.57,302,0,6380.0,False
2026-05-25,ST003,Mumbai,SKU004,Dishwash Liquid 500ml,33,29.88,0,227,33,0,194,19.41,109.04,194,0,4125.0,False
2026-05-25,ST003,Mumbai,SKU005,Instant Coffee 100g,32,25.16,0,112,32,0,80,18.47,93.94,80,191,5920.0,False
2026-05-25,ST004,Delhi,SKU001,Shampoo 340ml,24,21.19,0,153,24,0,129,14.8,78.38,129,0,7896.0,False
2026-05-25,ST004,Delhi,SKU002,Bath Soap 100g,33,38.15,0,204,33,0,171,17.12,131.57,171,0,1815.0,False
2026-05-25,ST004,Delhi,SKU003,Laundry Detergent 1kg,34,29.6,0,210,34,0,176,14.04,102.83,176,0,7480.0,False
2026-05-25,ST004,Delhi,SKU004,Dishwash Liquid 500ml,33,27.66,0,91,33,0,58,19.9,102.88,314,0,4125.0,False
2026-05-25,ST004,Delhi,SKU005,Instant Coffee 100g,15,21.09,0,91,15,0,76,13.25,76.54,76,149,2775.0,False
2026-05-25,ST005,Hyderabad,SKU001,Shampoo 340ml,20,20.86,0,110,20,0,90,14.97,77.55,90,0,6580.0,False
2026-05-25,ST005,Hyderabad,SKU002,Bath Soap 100g,46,40.99,0,274,46,0,228,21.17,144.14,228,0,2150.5,False
2026-05-25,ST005,Hyderabad,SKU003,Laundry Detergent 1kg,34,29.2,0,154,34,0,120,19.42,107.02,120,0,7480.0,False
2026-05-25,ST005,Hyderabad,SKU004,Dishwash Liquid 500ml,35,31.95,0,144,35,0,109,13.02,108.87,109,0,3718.75,False
2026-05-25,ST005,Hyderabad,SKU005,Instant Coffee 100g,20,17.39,0,79,20,0,59,15.31,67.47,226,0,3700.0,False
2026-05-26,ST001,Chennai,SKU001,Shampoo 340ml,20,24.8,0,123,20,0,103,14.86,89.27,103,0,6580.0,False
2026-05-26,ST001,Chennai,SKU002,Bath Soap 100g,44,43.57,0,144,44,0,100,21.92,152.63,419,0,2420.0,False
2026-05-26,ST001,Chennai,SKU003,Laundry Detergent 1kg,26,31.1,0,120,26,0,94,20.15,113.45,94,238,5720.0,False
2026-05-26,ST001,Chennai,SKU004,Dishwash Liquid 500ml,33,29.08,0,159,33,0,126,19.91,107.16,126,0,4125.0,False
2026-05-26,ST001,Chennai,SKU005,Instant Coffee 100g,24,21.72,0,163,24,0,139,14.64,79.81,139,0,4440.0,False
2026-05-26,ST002,Bengaluru,SKU001,Shampoo 340ml,21,24.11,0,158,21,0,137,15.07,87.39,137,0,6909.0,False
2026-05-26,ST002,Bengaluru,SKU002,Bath Soap 100g,40,42.71,0,192,40,0,152,19.82,147.95,152,0,2200.0,False
2026-05-26,ST002,Bengaluru,SKU003,Laundry Detergent 1kg,44,43.92,0,98,44,0,54,24.02,155.78,341,0,7744.0,False
2026-05-26,ST002,Bengaluru,SKU004,Dishwash Liquid 500ml,40,38.9,0,128,40,0,88,16.4,133.1,350,0,4000.0,False
2026-05-26,ST002,Bengaluru,SKU005,Instant Coffee 100g,28,23.65,0,113,28,0,85,16.37,87.33,85,168,5180.0,False
2026-05-26,ST003,Mumbai,SKU001,Shampoo 340ml,37,29.22,240,297,37,0,260,20.45,108.1,260,0,12173.0,False
2026-05-26,ST003,Mumbai,SKU002,Bath Soap 100g,50,46.23,0,231,50,0,181,22.02,160.71,181,0,2750.0,False
2026-05-26,ST003,Mumbai,SKU003,Laundry Detergent 1kg,44,37.31,0,302,44,0,258,20.5,132.44,258,0,9196.0,False
2026-05-26,ST003,Mumbai,SKU004,Dishwash Liquid 500ml,28,31.09,0,194,28,0,166,19.11,112.37,166,0,3500.0,False
2026-05-26,ST003,Mumbai,SKU005,Instant Coffee 100g,17,24.81,0,80,17,0,63,17.46,91.89,254,0,3145.0,False
2026-05-26,ST004,Delhi,SKU001,Shampoo 340ml,21,22.58,0,129,21,0,108,14.74,82.49,108,0,6909.0,False
2026-05-26,ST004,Delhi,SKU002,Bath Soap 100g,40,39.5,0,171,40,0,131,17.61,136.12,131,282,2200.0,False
2026-05-26,ST004,Delhi,SKU003,Laundry Detergent 1kg,23,30.38,0,176,23,0,153,13.98,105.12,153,0,5060.0,False
2026-05-26,ST004,Delhi,SKU004,Dishwash Liquid 500ml,26,27.06,0,58,26,0,32,19.7,100.89,288,0,3250.0,False
2026-05-26,ST004,Delhi,SKU005,Instant Coffee 100g,24,20.16,0,76,24,0,52,13.5,73.99,201,0,4440.0,False
2026-05-26,ST005,Hyderabad,SKU001,Shampoo 340ml,28,20.57,0,90,28,0,62,14.56,76.28,62,159,9212.0,False
2026-05-26,ST005,Hyderabad,SKU002,Bath Soap 100g,39,36.49,0,228,39,0,189,21.35,130.84,189,0,2145.0,False
2026-05-26,ST005,Hyderabad,SKU003,Laundry Detergent 1kg,34,36.18,0,120,34,0,86,19.25,127.78,86,296,6732.0,False
2026-05-26,ST005,Hyderabad,SKU004,Dishwash Liquid 500ml,32,23.96,0,109,32,0,77,13.7,85.59,77,177,4000.0,False
2026-05-26,ST005,Hyderabad,SKU005,Instant Coffee 100g,20,18.33,0,59,20,0,39,15.25,70.25,206,0,3700.0,False
2026-05-27,ST001,Chennai,SKU001,Shampoo 340ml,14,24.14,0,103,14,0,89,14.86,87.28,89,0,4606.0,False
2026-05-27,ST001,Chennai,SKU002,Bath Soap 100g,49,43.18,0,100,49,0,51,21.82,151.36,370,0,2560.25,False
2026-05-27,ST001,Chennai,SKU003,Laundry Detergent 1kg,35,32.68,0,94,35,0,59,20.32,118.37,297,0,7700.0,False
2026-05-27,ST001,Chennai,SKU004,Dishwash Liquid 500ml,19,29.38,0,126,19,0,107,19.29,107.43,107,207,2375.0,False
2026-05-27,ST001,Chennai,SKU005,Instant Coffee 100g,13,22.04,0,139,13,0,126,14.43,80.56,126,0,2405.0,False
2026-05-27,ST002,Bengaluru,SKU001,Shampoo 340ml,27,25.26,0,137,27,0,110,15.16,90.94,110,0,8883.0,False
2026-05-27,ST002,Bengaluru,SKU002,Bath Soap 100g,54,44.05,0,152,54,0,98,20.21,152.36,98,363,2970.0,False
2026-05-27,ST002,Bengaluru,SKU003,Laundry Detergent 1kg,38,33.96,287,341,38,0,303,23.99,125.88,303,0,8360.0,False
2026-05-27,ST002,Bengaluru,SKU004,Dishwash Liquid 500ml,44,38.15,0,88,44,0,44,15.51,129.97,306,0,4400.0,False
2026-05-27,ST002,Bengaluru,SKU005,Instant Coffee 100g,22,25.22,0,85,22,0,63,16.44,92.09,231,0,4070.0,False
2026-05-27,ST003,Mumbai,SKU001,Shampoo 340ml,34,32.44,0,260,34,0,226,19.79,117.12,226,0,9508.1,False
2026-05-27,ST003,Mumbai,SKU002,Bath Soap 100g,52,44.79,0,181,52,0,129,21.75,156.14,129,341,2860.0,False
2026-05-27,ST003,Mumbai,SKU003,Laundry Detergent 1kg,47,45.4,0,258,47,0,211,20.7,156.9,211,0,8272.0,False
2026-05-27,ST003,Mumbai,SKU004,Dishwash Liquid 500ml,28,32.16,0,166,28,0,138,19.25,115.73,138,0,3500.0,False
2026-05-27,ST003,Mumbai,SKU005,Instant Coffee 100g,21,28.25,0,63,21,0,42,18.32,103.08,233,0,3885.0,False
2026-05-27,ST004,Delhi,SKU001,Shampoo 340ml,18,22.02,0,108,18,0,90,14.63,80.68,90,0,5922.0,False
2026-05-27,ST004,Delhi,SKU002,Bath Soap 100g,39,37.79,0,131,39,0,92,17.15,130.54,374,0,2145.0,False
2026-05-27,ST004,Delhi,SKU003,Laundry Detergent 1kg,28,30.05,0,153,28,0,125,14.52,104.67,125,0,6160.0,False
2026-05-27,ST004,Delhi,SKU004,Dishwash Liquid 500ml,33,27.42,256,288,33,0,255,19.79,102.05,255,0,4125.0,False
2026-05-27,ST004,Delhi,SKU005,Instant Coffee 100g,22,20.78,0,52,22,0,30,13.55,75.9,179,0,4070.0,False
2026-05-27,ST005,Hyderabad,SKU001,Shampoo 340ml,20,21.22,0,62,20,0,42,14.94,78.59,201,0,6580.0,False
2026-05-27,ST005,Hyderabad,SKU002,Bath Soap 100g,52,35.51,0,189,52,0,137,21.22,127.76,137,0,2860.0,False
2026-05-27,ST005,Hyderabad,SKU003,Laundry Detergent 1kg,41,30.25,0,86,41,0,45,19.24,109.99,341,0,9020.0,False
2026-05-27,ST005,Hyderabad,SKU004,Dishwash Liquid 500ml,30,23.85,0,77,30,0,47,13.94,85.5,224,0,3750.0,False
2026-05-27,ST005,Hyderabad,SKU005,Instant Coffee 100g,15,16.92,167,206,15,0,191,14.82,65.58,191,0,2775.0,False
2026-05-28,ST001,Chennai,SKU001,Shampoo 340ml,18,23.99,0,89,18,0,71,16.32,88.28,71,186,5922.0,False
2026-05-28,ST001,Chennai,SKU002,Bath Soap 100g,38,40.85,319,370,38,0,332,21.78,144.33,332,0,2090.0,False
2026-05-28,ST001,Chennai,SKU003,Laundry Detergent 1kg,43,32.06,0,59,43,0,16,19.88,116.07,254,0,9460.0,False
2026-05-28,ST001,Chennai,SKU004,Dishwash Liquid 500ml,33,29.12,0,107,33,0,74,20.34,107.71,281,0,4125.0,False
2026-05-28,ST001,Chennai,SKU005,Instant Coffee 100g,17,21.15,0,126,17,0,109,15.25,78.71,109,0,3145.0,False
2026-05-28,ST002,Bengaluru,SKU001,Shampoo 340ml,21,25.44,0,110,21,0,89,15.17,91.49,89,181,6909.0,False
2026-05-28,ST002,Bengaluru,SKU002,Bath Soap 100g,40,43.35,0,98,40,0,58,20.31,150.35,421,0,2200.0,False
2026-05-28,ST002,Bengaluru,SKU003,Laundry Detergent 1kg,50,33.73,0,303,50,0,253,23.93,125.13,253,0,11000.0,False
2026-05-28,ST002,Bengaluru,SKU004,Dishwash Liquid 500ml,37,29.8,262,306,37,0,269,16.57,105.96,269,0,4625.0,False
2026-05-28,ST002,Bengaluru,SKU005,Instant Coffee 100g,19,24.18,0,63,19,0,44,16.31,88.85,212,0,3515.0,False
2026-05-28,ST003,Mumbai,SKU001,Shampoo 340ml,24,26.92,0,226,24,0,202,19.81,100.56,202,0,7896.0,False
2026-05-28,ST003,Mumbai,SKU002,Bath Soap 100g,42,49.09,0,129,42,0,87,21.69,168.95,428,0,2310.0,False
2026-05-28,ST003,Mumbai,SKU003,Laundry Detergent 1kg,44,37.26,0,211,44,0,167,21.02,132.78,167,0,9680.0,False
2026-05-28,ST003,Mumbai,SKU004,Dishwash Liquid 500ml,34,31.35,0,138,34,0,104,19.38,113.43,104,229,4250.0,False
2026-05-28,ST003,Mumbai,SKU005,Instant Coffee 100g,21,27.44,191,233,21,0,212,18.38,100.69,212,0,3885.0,False
2026-05-28,ST004,Delhi,SKU001,Shampoo 340ml,21,30.83,0,90,21,0,69,14.67,107.16,69,254,5527.2,False
2026-05-28,ST004,Delhi,SKU002,Bath Soap 100g,34,39.71,0,92,34,0,58,16.9,136.02,340,0,1870.0,False
2026-05-28,ST004,Delhi,SKU003,Laundry Detergent 1kg,31,30.06,0,125,31,0,94,14.57,104.74,94,222,6820.0,False
2026-05-28,ST004,Delhi,SKU004,Dishwash Liquid 500ml,28,27.58,0,255,28,0,227,19.55,102.3,227,0,3500.0,False
2026-05-28,ST004,Delhi,SKU005,Instant Coffee 100g,23,19.96,149,179,23,0,156,13.55,73.44,156,0,4255.0,False
2026-05-28,ST005,Hyderabad,SKU001,Shampoo 340ml,27,20.92,0,42,27,0,15,14.68,77.46,174,0,8883.0,False
2026-05-28,ST005,Hyderabad,SKU002,Bath Soap 100g,31,36.17,0,137,31,0,106,22.4,130.9,106,279,1619.75,False
2026-05-28,ST005,Hyderabad,SKU003,Laundry Detergent 1kg,28,30.29,0,45,28,0,17,18.03,108.89,313,0,6160.0,False
2026-05-28,ST005,Hyderabad,SKU004,Dishwash Liquid 500ml,27,25.19,0,47,27,0,20,12.98,88.56,197,0,3375.0,False
2026-05-28,ST005,Hyderabad,SKU005,Instant Coffee 100g,15,18.05,0,191,15,0,176,14.97,69.13,176,0,2775.0,False
2026-05-29,ST001,Chennai,SKU001,Shampoo 340ml,17,24.37,0,71,17,0,54,16.58,89.69,240,0,5593.0,False
2026-05-29,ST001,Chennai,SKU002,Bath Soap 100g,43,43.53,0,332,43,0,289,20.68,151.27,289,0,2365.0,False
2026-05-29,ST001,Chennai,SKU003,Laundry Detergent 1kg,33,33.12,238,254,33,0,221,19.43,118.79,221,0,7260.0,False
2026-05-29,ST001,Chennai,SKU004,Dishwash Liquid 500ml,26,29.17,0,74,26,0,48,20.34,107.85,255,0,3250.0,False
2026-05-29,ST001,Chennai,SKU005,Instant Coffee 100g,28,21.36,0,109,28,0,81,15.55,79.64,81,0,5180.0,False
2026-05-29,ST002,Bengaluru,SKU001,Shampoo 340ml,28,24.84,0,89,28,0,61,14.93,89.44,242,0,9212.0,False
2026-05-29,ST002,Bengaluru,SKU002,Bath Soap 100g,49,43.42,0,58,49,0,9,20.48,150.74,372,0,2695.0,False
2026-05-29,ST002,Bengaluru,SKU003,Laundry Detergent 1kg,35,35.56,0,253,35,0,218,24.62,131.31,218,0,7700.0,False
2026-05-29,ST002,Bengaluru,SKU004,Dishwash Liquid 500ml,32,29.59,0,269,32,0,237,16.48,105.23,237,0,4000.0,False
2026-05-29,ST002,Bengaluru,SKU005,Instant Coffee 100g,27,25.63,168,212,27,0,185,16.11,93.02,185,0,4995.0,False
2026-05-29,ST003,Mumbai,SKU001,Shampoo 340ml,21,26.42,0,202,21,0,181,18.47,97.73,181,0,6909.0,False
2026-05-29,ST003,Mumbai,SKU002,Bath Soap 100g,50,45.45,0,87,50,0,37,22.17,158.53,378,0,2750.0,False
2026-05-29,ST003,Mumbai,SKU003,Laundry Detergent 1kg,24,36.8,0,167,24,0,143,20.75,131.14,143,0,5280.0,False
2026-05-29,ST003,Mumbai,SKU004,Dishwash Liquid 500ml,25,30.25,0,104,25,0,79,19.34,110.1,308,0,3125.0,False
2026-05-29,ST003,Mumbai,SKU005,Instant Coffee 100g,21,25.31,0,212,21,0,191,18.63,94.54,191,0,3885.0,False
2026-05-29,ST004,Delhi,SKU001,Shampoo 340ml,30,32.41,0,69,30,0,39,13.47,110.69,293,0,7896.0,False
2026-05-29,ST004,Delhi,SKU002,Bath Soap 100g,39,38.1,282,340,39,0,301,17.17,131.46,301,0,2145.0,False
2026-05-29,ST004,Delhi,SKU003,Laundry Detergent 1kg,34,30.8,0,94,34,0,60,14.42,106.8,282,0,7480.0,False
2026-05-29,ST004,Delhi,SKU004,Dishwash Liquid 500ml,27,27.63,0,227,27,0,200,19.1,101.99,200,0,3375.0,False
2026-05-29,ST004,Delhi,SKU005,Instant Coffee 100g,16,19.76,0,156,16,0,140,13.55,72.82,140,0,2960.0,False
2026-05-29,ST005,Hyderabad,SKU001,Shampoo 340ml,15,21.68,159,174,15,0,159,14.68,79.71,159,0,4935.0,False
2026-05-29,ST005,Hyderabad,SKU002,Bath Soap 100g,37,37.83,0,106,37,0,69,22.68,136.17,348,0,2035.0,False
2026-05-29,ST005,Hyderabad,SKU003,Laundry Detergent 1kg,23,30.17,296,313,23,0,290,17.38,107.89,290,0,5060.0,False
2026-05-29,ST005,Hyderabad,SKU004,Dishwash Liquid 500ml,16,24.33,177,197,16,0,181,12.95,85.93,181,0,2000.0,False
2026-05-29,ST005,Hyderabad,SKU005,Instant Coffee 100g,22,17.84,0,176,22,0,154,15.17,68.69,154,0,4070.0,False
2026-05-30,ST001,Chennai,SKU001,Shampoo 340ml,27,27.15,0,54,27,0,27,16.99,98.42,213,0,8883.0,False
2026-05-30,ST001,Chennai,SKU002,Bath Soap 100g,53,49.3,0,289,53,0,236,19.1,166.99,236,0,2915.0,False
2026-05-30,ST001,Chennai,SKU003,Laundry Detergent 1kg,42,37.66,0,221,42,0,179,17.98,130.95,179,0,9240.0,False
2026-05-30,ST001,Chennai,SKU004,Dishwash Liquid 500ml,38,36.35,207,255,38,0,217,20.51,129.55,217,0,4275.0,False
2026-05-30,ST001,Chennai,SKU005,Instant Coffee 100g,26,24.51,0,81,26,0,55,15.72,89.24,55,206,4810.0,False
2026-05-30,ST002,Bengaluru,SKU001,Shampoo 340ml,29,28.85,0,61,29,0,32,14.98,101.51,213,0,9541.0,False
2026-05-30,ST002,Bengaluru,SKU002,Bath Soap 100g,58,49.07,363,372,58,0,314,20.32,167.53,314,0,3190.0,False
2026-05-30,ST002,Bengaluru,SKU003,Laundry Detergent 1kg,34,38.89,0,218,34,0,184,24.07,140.74,184,0,7480.0,False
2026-05-30,ST002,Bengaluru,SKU004,Dishwash Liquid 500ml,34,34.12,0,237,34,0,203,16.38,118.75,203,0,4250.0,False
2026-05-30,ST002,Bengaluru,SKU005,Instant Coffee 100g,21,26.64,0,185,21,0,164,14.91,94.84,164,0,3885.0,False
2026-05-30,ST003,Mumbai,SKU001,Shampoo 340ml,25,31.78,0,181,25,0,156,18.75,114.09,156,0,8225.0,False
2026-05-30,ST003,Mumbai,SKU002,Bath Soap 100g,54,51.84,341,378,54,0,324,22.1,177.61,324,0,2970.0,False
2026-05-30,ST003,Mumbai,SKU003,Laundry Detergent 1kg,57,45.76,0,143,57,0,86,22.17,159.44,86,394,11286.0,False
2026-05-30,ST003,Mumbai,SKU004,Dishwash Liquid 500ml,43,35.62,0,79,43,0,36,19.6,126.45,265,0,5375.0,False
2026-05-30,ST003,Mumbai,SKU005,Instant Coffee 100g,24,30.27,0,191,24,0,167,18.63,109.45,167,0,4440.0,False
2026-05-30,ST004,Delhi,SKU001,Shampoo 340ml,23,24.81,0,39,23,0,16,13.97,88.39,270,0,7567.0,False
2026-05-30,ST004,Delhi,SKU002,Bath Soap 100g,43,42.29,0,301,43,0,258,17.17,144.04,258,0,2365.0,False
2026-05-30,ST004,Delhi,SKU003,Laundry Detergent 1kg,33,34.16,0,60,33,0,27,14.42,116.9,249,0,7260.0,False
2026-05-30,ST004,Delhi,SKU004,Dishwash Liquid 500ml,33,33.0,0,200,33,0,167,19.08,118.1,167,0,4125.0,False
2026-05-30,ST004,Delhi,SKU005,Instant Coffee 100g,18,23.34,0,140,18,0,122,13.43,83.44,122,0,3330.0,False
2026-05-30,ST005,Hyderabad,SKU001,Shampoo 340ml,23,23.95,0,159,23,0,136,14.54,86.39,136,0,7567.0,False
2026-05-30,ST005,Hyderabad,SKU002,Bath Soap 100g,40,39.98,0,69,40,0,29,22.65,142.59,308,0,2200.0,False
2026-05-30,ST005,Hyderabad,SKU003,Laundry Detergent 1kg,31,35.25,0,290,31,0,259,18.05,123.79,259,0,6820.0,False
2026-05-30,ST005,Hyderabad,SKU004,Dishwash Liquid 500ml,31,30.35,0,181,31,0,150,14.43,105.49,150,0,3487.5,False
2026-05-30,ST005,Hyderabad,SKU005,Instant Coffee 100g,30,23.11,0,154,30,0,124,15.21,84.54,124,0,5550.0,False
2026-05-31,ST001,Chennai,SKU001,Shampoo 340ml,25,28.83,186,213,25,0,188,16.93,103.42,188,0,8225.0,False
2026-05-31,ST001,Chennai,SKU002,Bath Soap 100g,44,47.13,0,236,44,0,192,19.55,160.95,192,0,2420.0,False
2026-05-31,ST001,Chennai,SKU003,Laundry Detergent 1kg,40,37.05,0,179,40,0,139,18.54,129.69,139,0,8800.0,False
2026-05-31,ST001,Chennai,SKU004,Dishwash Liquid 500ml,30,32.98,0,217,30,0,187,20.82,119.77,187,0,3750.0,False
2026-05-31,ST001,Chennai,SKU005,Instant Coffee 100g,28,24.12,0,55,28,0,27,14.94,87.31,233,0,5180.0,False
2026-05-31,ST002,Bengaluru,SKU001,Shampoo 340ml,34,30.16,181,213,34,0,179,15.03,105.51,179,0,11186.0,False
2026-05-31,ST002,Bengaluru,SKU002,Bath Soap 100g,54,49.5,0,314,54,0,260,21.14,169.63,260,0,2970.0,False
2026-05-31,ST002,Bengaluru,SKU003,Laundry Detergent 1kg,30,39.21,0,184,30,0,154,24.16,141.79,154,0,6600.0,False
2026-05-31,ST002,Bengaluru,SKU004,Dishwash Liquid 500ml,33,33.02,0,203,33,0,170,16.41,115.46,170,0,4125.0,False
2026-05-31,ST002,Bengaluru,SKU005,Instant Coffee 100g,31,28.43,0,164,31,0,133,14.8,100.11,133,0,5735.0,False
2026-05-31,ST003,Mumbai,SKU001,Shampoo 340ml,25,29.68,0,156,25,0,131,18.52,107.57,131,0,8225.0,False
2026-05-31,ST003,Mumbai,SKU002,Bath Soap 100g,39,47.38,0,324,39,0,285,20.87,163.01,285,0,2145.0,False
2026-05-31,ST003,Mumbai,SKU003,Laundry Detergent 1kg,43,45.43,0,86,43,0,43,23.23,159.52,437,0,9460.0,False
2026-05-31,ST003,Mumbai,SKU004,Dishwash Liquid 500ml,29,32.19,229,265,29,0,236,20.44,117.01,236,0,3625.0,False
2026-05-31,ST003,Mumbai,SKU005,Instant Coffee 100g,32,25.91,0,167,32,0,135,18.3,96.01,135,0,5920.0,False
2026-05-31,ST004,Delhi,SKU001,Shampoo 340ml,26,25.61,254,270,26,0,244,13.92,90.76,244,0,8554.0,False
2026-05-31,ST004,Delhi,SKU002,Bath Soap 100g,39,40.83,0,258,39,0,219,16.95,139.43,219,0,2145.0,False
2026-05-31,ST004,Delhi,SKU003,Laundry Detergent 1kg,29,34.6,222,249,29,0,220,14.29,118.1,220,0,6380.0,False
2026-05-31,ST004,Delhi,SKU004,Dishwash Liquid 500ml,29,30.57,0,167,29,0,138,19.04,110.75,138,0,3625.0,False
2026-05-31,ST004,Delhi,SKU005,Instant Coffee 100g,30,23.08,0,122,30,0,92,13.55,82.79,92,0,5550.0,False
2026-05-31,ST005,Hyderabad,SKU001,Shampoo 340ml,26,23.73,0,136,26,0,110,14.55,85.75,110,0,8554.0,False
2026-05-31,ST005,Hyderabad,SKU002,Bath Soap 100g,38,40.27,279,308,38,0,270,22.65,143.45,270,0,2090.0,False
2026-05-31,ST005,Hyderabad,SKU003,Laundry Detergent 1kg,43,31.88,0,259,43,0,216,17.71,113.36,216,0,9460.0,False
2026-05-31,ST005,Hyderabad,SKU004,Dishwash Liquid 500ml,31,28.1,0,150,31,0,119,13.33,97.62,119,0,3875.0,False
2026-05-31,ST005,Hyderabad,SKU005,Instant Coffee 100g,24,21.79,0,124,24,0,100,15.97,81.33,100,0,4440.0,False
2026-06-01,ST001,Chennai,SKU001,Shampoo 340ml,19,23.36,0,188,19,0,169,15.74,85.82,169,0,6251.0,False
2026-06-01,ST001,Chennai,SKU002,Bath Soap 100g,41,44.12,0,192,41,0,151,19.55,151.9,151,310,2255.0,False
2026-06-01,ST001,Chennai,SKU003,Laundry Detergent 1kg,37,31.66,0,139,37,0,102,18.4,113.37,102,233,8140.0,False
2026-06-01,ST001,Chennai,SKU004,Dishwash Liquid 500ml,26,28.12,0,187,26,0,161,20.31,104.68,161,0,3250.0,False
2026-06-01,ST001,Chennai,SKU005,Instant Coffee 100g,24,22.15,0,27,24,0,3,15.23,81.69,209,0,4440.0,False
2026-06-01,ST002,Bengaluru,SKU001,Shampoo 340ml,25,23.78,0,179,25,0,154,15.62,86.96,154,0,8225.0,False
2026-06-01,ST002,Bengaluru,SKU002,Bath Soap 100g,28,42.53,0,260,28,0,232,20.64,148.23,232,0,1540.0,False
2026-06-01,ST002,Bengaluru,SKU003,Laundry Detergent 1kg,29,36.88,0,154,29,0,125,24.04,134.67,125,268,6380.0,False
2026-06-01,ST002,Bengaluru,SKU004,Dishwash Liquid 500ml,26,29.69,0,170,26,0,144,16.1,105.17,144,0,3250.0,False
2026-06-01,ST002,Bengaluru,SKU005,Instant Coffee 100g,17,23.29,0,133,17,0,116,15.32,85.2,116,0,3145.0,False
2026-06-01,ST003,Mumbai,SKU001,Shampoo 340ml,32,27.23,0,131,32,0,99,17.69,99.38,99,191,10528.0,False
2026-06-01,ST003,Mumbai,SKU002,Bath Soap 100g,55,46.62,0,285,55,0,230,21.7,161.57,230,0,3025.0,False
2026-06-01,ST003,Mumbai,SKU003,Laundry Detergent 1kg,44,37.16,0,43,43,1,0,23.17,134.64,394,0,8987.0,True
2026-06-01,ST003,Mumbai,SKU004,Dishwash Liquid 500ml,39,29.64,0,236,39,0,197,20.45,109.36,197,0,4875.0,False
2026-06-01,ST003,Mumbai,SKU005,Instant Coffee 100g,21,22.28,0,135,21,0,114,18.57,85.39,114,0,3885.0,False
2026-06-01,ST004,Delhi,SKU001,Shampoo 340ml,27,21.39,0,244,27,0,217,13.97,78.16,217,0,8883.0,False
2026-06-01,ST004,Delhi,SKU002,Bath Soap 100g,47,37.62,0,219,47,0,172,16.96,129.81,172,0,2585.0,False
2026-06-01,ST004,Delhi,SKU003,Laundry Detergent 1kg,33,30.16,0,220,33,0,187,14.29,104.76,187,0,7260.0,False
2026-06-01,ST004,Delhi,SKU004,Dishwash Liquid 500ml,28,27.84,0,138,28,0,110,18.92,102.45,110,0,3500.0,False
2026-06-01,ST004,Delhi,SKU005,Instant Coffee 100g,19,20.83,0,92,19,0,73,14.33,76.83,73,150,3515.0,False
2026-06-01,ST005,Hyderabad,SKU001,Shampoo 340ml,16,20.64,0,110,16,0,94,14.55,76.46,94,0,5264.0,False
2026-06-01,ST005,Hyderabad,SKU002,Bath Soap 100g,36,38.33,0,270,36,0,234,22.58,137.58,234,0,1980.0,False
2026-06-01,ST005,Hyderabad,SKU003,Laundry Detergent 1kg,25,30.83,0,216,25,0,191,18.1,110.6,191,0,5500.0,False
2026-06-01,ST005,Hyderabad,SKU004,Dishwash Liquid 500ml,28,25.39,0,119,28,0,91,13.28,89.45,91,0,3500.0,False
2026-06-01,ST005,Hyderabad,SKU005,Instant Coffee 100g,21,17.35,0,100,21,0,79,16.12,68.17,79,0,3885.0,False
2026-06-02,ST001,Chennai,SKU001,Shampoo 340ml,23,23.14,0,169,23,0,146,16.04,85.46,146,0,7567.0,False
2026-06-02,ST001,Chennai,SKU002,Bath Soap 100g,32,39.87,0,151,32,0,119,18.26,137.87,429,0,1760.0,False
2026-06-02,ST001,Chennai,SKU003,Laundry Detergent 1kg,33,33.16,0,102,33,0,69,18.19,117.68,302,0,7260.0,False
2026-06-02,ST001,Chennai,SKU004,Dishwash Liquid 500ml,16,29.61,0,161,16,0,145,20.36,109.19,145,0,2000.0,False
2026-06-02,ST001,Chennai,SKU005,Instant Coffee 100g,21,21.2,206,209,21,0,188,15.12,78.72,188,0,3885.0,False
2026-06-02,ST002,Bengaluru,SKU001,Shampoo 340ml,24,24.41,0,154,24,0,130,14.99,88.23,130,0,7896.0,False
2026-06-02,ST002,Bengaluru,SKU002,Bath Soap 100g,36,44.57,0,232,36,0,196,23.17,156.88,196,0,1980.0,False
2026-06-02,ST002,Bengaluru,SKU003,Laundry Detergent 1kg,37,41.68,0,125,37,0,88,23.91,148.94,356,0,7326.0,False
2026-06-02,ST002,Bengaluru,SKU004,Dishwash Liquid 500ml,30,29.37,0,144,30,0,114,16.35,104.45,114,0,3750.0,False
2026-06-02,ST002,Bengaluru,SKU005,Instant Coffee 100g,18,23.08,0,116,18,0,98,14.65,83.89,98,0,3330.0,False
2026-06-02,ST003,Mumbai,SKU001,Shampoo 340ml,24,26.4,0,99,24,0,75,17.62,96.83,266,0,7896.0,False
2026-06-02,ST003,Mumbai,SKU002,Bath Soap 100g,39,50.52,0,230,39,0,191,21.58,173.13,191,0,2145.0,False
2026-06-02,ST003,Mumbai,SKU003,Laundry Detergent 1kg,38,33.97,394,394,38,0,356,22.7,124.62,356,0,8360.0,False
2026-06-02,ST003,Mumbai,SKU004,Dishwash Liquid 500ml,23,32.15,0,197,23,0,174,20.79,117.24,174,0,2875.0,False
2026-06-02,ST003,Mumbai,SKU005,Instant Coffee 100g,19,21.82,0,114,19,0,95,18.78,84.23,95,0,3515.0,False
2026-06-02,ST004,Delhi,SKU001,Shampoo 340ml,24,21.43,0,217,24,0,193,10.58,74.86,193,0,7896.0,False
2026-06-02,ST004,Delhi,SKU002,Bath Soap 100g,33,38.99,0,172,33,0,139,17.24,134.2,139,0,1815.0,False
2026-06-02,ST004,Delhi,SKU003,Laundry Detergent 1kg,30,30.76,0,187,30,0,157,14.23,106.53,157,0,6600.0,False
2026-06-02,ST004,Delhi,SKU004,Dishwash Liquid 500ml,27,28.68,0,110,27,0,83,18.96,105.01,83,223,3375.0,False
2026-06-02,ST004,Delhi,SKU005,Instant Coffee 100g,18,20.2,0,73,18,0,55,14.33,74.94,205,0,3330.0,False
2026-06-02,ST005,Hyderabad,SKU001,Shampoo 340ml,26,25.7,0,94,26,0,68,14.42,91.51,68,204,7270.9,False
2026-06-02,ST005,Hyderabad,SKU002,Bath Soap 100g,46,37.59,0,234,46,0,188,22.41,135.17,188,0,2530.0,False
2026-06-02,ST005,Hyderabad,SKU003,Laundry Detergent 1kg,11,30.75,0,191,11,0,180,17.01,109.25,180,0,2420.0,False
2026-06-02,ST005,Hyderabad,SKU004,Dishwash Liquid 500ml,25,27.24,0,91,25,0,66,12.78,94.51,66,220,3125.0,False
2026-06-02,ST005,Hyderabad,SKU005,Instant Coffee 100g,21,18.45,0,79,21,0,58,16.04,71.4,58,143,3885.0,False
2026-06-03,ST001,Chennai,SKU001,Shampoo 340ml,25,24.0,0,146,25,0,121,16.0,87.99,121,0,8225.0,False
2026-06-03,ST001,Chennai,SKU002,Bath Soap 100g,45,45.37,0,119,45,0,74,19.5,155.62,384,0,2475.0,False
2026-06-03,ST001,Chennai,SKU003,Laundry Detergent 1kg,38,33.73,0,69,38,0,31,18.19,119.37,264,0,8360.0,False
2026-06-03,ST001,Chennai,SKU004,Dishwash Liquid 500ml,33,30.39,0,145,33,0,112,21.09,112.27,112,214,4125.0,False
2026-06-03,ST001,Chennai,SKU005,Instant Coffee 100g,30,21.16,0,188,30,0,158,15.14,78.62,158,0,5550.0,False
2026-06-03,ST002,Bengaluru,SKU001,Shampoo 340ml,30,24.91,0,130,30,0,100,14.99,89.73,100,0,9870.0,False
2026-06-03,ST002,Bengaluru,SKU002,Bath Soap 100g,41,43.19,0,196,41,0,155,23.88,153.46,155,0,2255.0,False
2026-06-03,ST002,Bengaluru,SKU003,Laundry Detergent 1kg,28,36.01,0,88,28,0,60,21.76,129.8,328,0,6160.0,False
2026-06-03,ST002,Bengaluru,SKU004,Dishwash Liquid 500ml,36,30.49,0,114,36,0,78,16.35,107.82,78,244,4500.0,False
2026-06-03,ST002,Bengaluru,SKU005,Instant Coffee 100g,28,22.76,0,98,28,0,70,14.74,83.02,70,173,5180.0,False
2026-06-03,ST003,Mumbai,SKU001,Shampoo 340ml,34,27.26,0,75,34,0,41,17.9,99.68,232,0,11186.0,False
2026-06-03,ST003,Mumbai,SKU002,Bath Soap 100g,47,44.47,0,191,47,0,144,22.44,155.86,144,324,2585.0,False
2026-06-03,ST003,Mumbai,SKU003,Laundry Detergent 1kg,42,36.14,0,356,42,0,314,22.64,131.07,314,0,9240.0,False
2026-06-03,ST003,Mumbai,SKU004,Dishwash Liquid 500ml,41,30.52,0,174,41,0,133,21.27,112.84,133,0,5125.0,False
2026-06-03,ST003,Mumbai,SKU005,Instant Coffee 100g,18,23.81,0,95,18,0,77,19.1,90.54,77,181,3330.0,False
2026-06-03,ST004,Delhi,SKU001,Shampoo 340ml,18,21.94,0,193,18,0,175,10.11,75.92,175,0,5922.0,False
2026-06-03,ST004,Delhi,SKU002,Bath Soap 100g,48,38.12,0,139,48,0,91,17.65,132.0,91,308,2640.0,False
2026-06-03,ST004,Delhi,SKU003,Laundry Detergent 1kg,26,30.68,0,157,26,0,131,14.2,106.24,131,0,5720.0,False
2026-06-03,ST004,Delhi,SKU004,Dishwash Liquid 500ml,28,28.53,0,83,28,0,55,18.61,104.2,278,0,3500.0,False
2026-06-03,ST004,Delhi,SKU005,Instant Coffee 100g,20,20.3,0,55,20,0,35,14.01,74.9,185,0,3700.0,False
2026-06-03,ST005,Hyderabad,SKU001,Shampoo 340ml,21,21.01,0,68,21,0,47,14.52,77.56,251,0,6909.0,False
2026-06-03,ST005,Hyderabad,SKU002,Bath Soap 100g,34,37.49,0,188,34,0,154,18.85,131.32,154,0,1870.0,False
2026-06-03,ST005,Hyderabad,SKU003,Laundry Detergent 1kg,40,35.22,0,180,40,0,140,20.28,125.94,140,0,7480.0,False
2026-06-03,ST005,Hyderabad,SKU004,Dishwash Liquid 500ml,38,34.66,0,66,38,0,28,12.62,116.6,248,0,4037.5,False
2026-06-03,ST005,Hyderabad,SKU005,Instant Coffee 100g,19,18.58,0,58,19,0,39,15.95,71.7,182,0,3515.0,False
2026-06-04,ST001,Chennai,SKU001,Shampoo 340ml,21,23.75,0,121,21,0,100,15.95,87.19,100,0,6909.0,False
2026-06-04,ST001,Chennai,SKU002,Bath Soap 100g,44,42.63,310,384,44,0,340,18.51,146.41,340,0,2420.0,False
2026-06-04,ST001,Chennai,SKU003,Laundry Detergent 1kg,37,34.78,233,264,37,0,227,16.69,121.02,227,0,8140.0,False
2026-06-04,ST001,Chennai,SKU004,Dishwash Liquid 500ml,35,29.54,0,112,35,0,77,20.7,109.33,291,0,4375.0,False
2026-06-04,ST001,Chennai,SKU005,Instant Coffee 100g,20,21.9,0,158,20,0,138,15.65,81.35,138,0,3700.0,False
2026-06-04,ST002,Bengaluru,SKU001,Shampoo 340ml,18,24.75,0,100,18,0,82,15.15,89.39,82,181,5922.0,False
2026-06-04,ST002,Bengaluru,SKU002,Bath Soap 100g,42,42.62,0,155,42,0,113,23.94,151.79,113,338,2310.0,False
2026-06-04,ST002,Bengaluru,SKU003,Laundry Detergent 1kg,42,34.01,268,328,42,0,286,22.06,124.08,286,0,9240.0,False
2026-06-04,ST002,Bengaluru,SKU004,Dishwash Liquid 500ml,31,30.86,0,78,31,0,47,16.0,108.59,291,0,3875.0,False
2026-06-04,ST002,Bengaluru,SKU005,Instant Coffee 100g,25,24.07,0,70,25,0,45,14.35,86.56,218,0,4625.0,False
2026-06-04,ST003,Mumbai,SKU001,Shampoo 340ml,36,34.15,191,232,36,0,196,17.85,120.3,196,0,10067.4,False
2026-06-04,ST003,Mumbai,SKU002,Bath Soap 100g,38,44.25,0,144,38,0,106,22.31,155.07,430,0,2090.0,False
2026-06-04,ST003,Mumbai,SKU003,Laundry Detergent 1kg,38,36.09,0,314,38,0,276,22.5,130.76,276,0,8360.0,False
2026-06-04,ST003,Mumbai,SKU004,Dishwash Liquid 500ml,28,30.48,0,133,28,0,105,21.67,113.11,105,222,3500.0,False
2026-06-04,ST003,Mumbai,SKU005,Instant Coffee 100g,27,29.99,0,77,27,0,50,18.52,108.48,231,0,4245.75,False
2026-06-04,ST004,Delhi,SKU001,Shampoo 340ml,34,21.47,0,175,34,0,141,9.75,74.14,141,0,11186.0,False
2026-06-04,ST004,Delhi,SKU002,Bath Soap 100g,42,36.83,0,91,42,0,49,18.15,128.63,357,0,2310.0,False
2026-06-04,ST004,Delhi,SKU003,Laundry Detergent 1kg,41,30.48,0,131,41,0,90,13.38,104.82,90,229,9020.0,False
2026-06-04,ST004,Delhi,SKU004,Dishwash Liquid 500ml,26,28.3,0,55,26,0,29,18.0,102.9,252,0,3250.0,False
2026-06-04,ST004,Delhi,SKU005,Instant Coffee 100g,20,19.83,150,185,20,0,165,13.96,73.47,165,0,3700.0,False
2026-06-04,ST005,Hyderabad,SKU001,Shampoo 340ml,15,20.35,0,47,15,0,32,14.52,75.58,236,0,4935.0,False
2026-06-04,ST005,Hyderabad,SKU002,Bath Soap 100g,44,37.81,0,154,44,0,110,18.93,132.37,110,288,2420.0,False
2026-06-04,ST005,Hyderabad,SKU003,Laundry Detergent 1kg,50,29.01,0,140,50,0,90,20.74,107.79,90,221,11000.0,False
2026-06-04,ST005,Hyderabad,SKU004,Dishwash Liquid 500ml,28,25.32,0,28,28,0,0,13.69,89.65,220,0,3500.0,False
2026-06-04,ST005,Hyderabad,SKU005,Instant Coffee 100g,28,18.53,0,39,28,0,11,15.7,71.29,154,0,5180.0,False
2026-06-05,ST001,Chennai,SKU001,Shampoo 340ml,23,24.42,0,100,23,0,77,16.02,89.28,77,184,7567.0,False
2026-06-05,ST001,Chennai,SKU002,Bath Soap 100g,57,40.11,0,340,57,0,283,18.5,138.82,283,0,3135.0,False
2026-06-05,ST001,Chennai,SKU003,Laundry Detergent 1kg,36,39.41,0,227,36,0,191,16.72,134.95,191,0,7128.0,False
2026-06-05,ST001,Chennai,SKU004,Dishwash Liquid 500ml,32,30.2,0,77,32,0,45,20.77,111.37,259,0,4000.0,False
2026-06-05,ST001,Chennai,SKU005,Instant Coffee 100g,20,20.9,0,138,20,0,118,15.72,78.43,118,0,3700.0,False
2026-06-05,ST002,Bengaluru,SKU001,Shampoo 340ml,23,26.38,0,82,23,0,59,15.72,94.87,240,0,7567.0,False
2026-06-05,ST002,Bengaluru,SKU002,Bath Soap 100g,35,43.81,0,113,35,0,78,23.88,155.32,416,0,1925.0,False
2026-06-05,ST002,Bengaluru,SKU003,Laundry Detergent 1kg,43,34.03,0,286,43,0,243,22.16,124.25,243,0,9460.0,False
2026-06-05,ST002,Bengaluru,SKU004,Dishwash Liquid 500ml,20,29.84,0,47,20,0,27,15.97,105.49,271,0,2500.0,False
2026-06-05,ST002,Bengaluru,SKU005,Instant Coffee 100g,27,22.29,0,45,27,0,18,14.13,80.99,191,0,4995.0,False
2026-06-05,ST003,Mumbai,SKU001,Shampoo 340ml,32,26.73,0,196,32,0,164,18.14,98.32,164,0,10528.0,False
2026-06-05,ST003,Mumbai,SKU002,Bath Soap 100g,44,44.22,0,106,44,0,62,22.31,154.96,386,0,2420.0,False
2026-06-05,ST003,Mumbai,SKU003,Laundry Detergent 1kg,35,38.93,0,276,35,0,241,21.58,138.36,241,0,7700.0,False
2026-06-05,ST003,Mumbai,SKU004,Dishwash Liquid 500ml,45,31.98,0,105,45,0,60,21.77,117.7,282,0,5625.0,False
2026-06-05,ST003,Mumbai,SKU005,Instant Coffee 100g,24,23.82,0,50,24,0,26,18.42,89.88,207,0,4440.0,False
2026-06-05,ST004,Delhi,SKU001,Shampoo 340ml,21,20.93,0,141,21,0,120,11.41,74.2,120,0,6909.0,False
2026-06-05,ST004,Delhi,SKU002,Bath Soap 100g,21,38.67,0,49,21,0,28,17.5,133.5,336,0,1155.0,False
2026-06-05,ST004,Delhi,SKU003,Laundry Detergent 1kg,34,30.13,0,90,34,0,56,13.38,103.75,285,0,7480.0,False
2026-06-05,ST004,Delhi,SKU004,Dishwash Liquid 500ml,33,32.32,223,252,33,0,219,18.11,115.07,219,0,3712.5,False
2026-06-05,ST004,Delhi,SKU005,Instant Coffee 100g,26,20.15,0,165,26,0,139,13.97,74.42,139,0,4810.0,False
2026-06-05,ST005,Hyderabad,SKU001,Shampoo 340ml,19,23.48,204,236,19,0,217,14.58,85.01,217,0,5625.9,False
2026-06-05,ST005,Hyderabad,SKU002,Bath Soap 100g,39,37.07,0,110,39,0,71,18.64,129.84,359,0,2145.0,False
2026-06-05,ST005,Hyderabad,SKU003,Laundry Detergent 1kg,32,30.3,0,90,32,0,58,23.06,113.96,279,0,7040.0,False
2026-06-05,ST005,Hyderabad,SKU004,Dishwash Liquid 500ml,24,25.59,220,220,24,0,196,13.68,90.44,196,0,3000.0,False
2026-06-05,ST005,Hyderabad,SKU005,Instant Coffee 100g,24,18.83,143,154,24,0,130,15.3,71.8,130,0,4440.0,False
2026-06-06,ST001,Chennai,SKU001,Shampoo 340ml,33,25.73,0,77,33,0,44,15.94,93.14,228,0,10857.0,False
2026-06-06,ST001,Chennai,SKU002,Bath Soap 100g,60,47.25,0,283,60,0,223,19.2,160.94,223,0,3300.0,False
2026-06-06,ST001,Chennai,SKU003,Laundry Detergent 1kg,45,52.86,0,191,45,0,146,16.64,175.22,146,400,8415.0,False
2026-06-06,ST001,Chennai,SKU004,Dishwash Liquid 500ml,39,33.33,214,259,39,0,220,19.71,119.7,220,0,4875.0,False
2026-06-06,ST001,Chennai,SKU005,Instant Coffee 100g,26,22.71,0,118,26,0,92,15.62,83.76,92,0,4810.0,False
2026-06-06,ST002,Bengaluru,SKU001,Shampoo 340ml,34,28.44,0,59,34,0,25,15.21,100.54,206,0,11186.0,False
2026-06-06,ST002,Bengaluru,SKU002,Bath Soap 100g,63,49.97,0,78,63,0,15,24.65,174.57,353,0,3465.0,False
2026-06-06,ST002,Bengaluru,SKU003,Laundry Detergent 1kg,36,41.29,0,243,36,0,207,21.85,145.72,207,0,7920.0,False
2026-06-06,ST002,Bengaluru,SKU004,Dishwash Liquid 500ml,33,34.25,244,271,33,0,238,16.99,119.74,238,0,4125.0,False
2026-06-06,ST002,Bengaluru,SKU005,Instant Coffee 100g,26,24.0,173,191,26,0,165,13.77,85.77,165,0,4810.0,False
2026-06-06,ST003,Mumbai,SKU001,Shampoo 340ml,36,31.67,0,164,36,0,128,17.93,112.94,128,0,11844.0,False
2026-06-06,ST003,Mumbai,SKU002,Bath Soap 100g,49,53.02,324,386,49,0,337,22.54,181.59,337,0,2695.0,False
2026-06-06,ST003,Mumbai,SKU003,Laundry Detergent 1kg,42,40.26,0,241,42,0,199,21.58,142.37,199,0,9240.0,False
2026-06-06,ST003,Mumbai,SKU004,Dishwash Liquid 500ml,30,34.45,0,60,30,0,30,22.8,126.14,252,0,3750.0,False
2026-06-06,ST003,Mumbai,SKU005,Instant Coffee 100g,39,27.71,181,207,39,0,168,18.43,101.57,168,0,7215.0,False
2026-06-06,ST004,Delhi,SKU001,Shampoo 340ml,23,25.09,0,120,23,0,97,11.46,86.74,97,0,7567.0,False
2026-06-06,ST004,Delhi,SKU002,Bath Soap 100g,40,43.64,308,336,40,0,296,18.01,148.92,296,0,2200.0,False
2026-06-06,ST004,Delhi,SKU003,Laundry Detergent 1kg,35,39.61,0,56,35,0,21,13.38,132.2,250,0,7315.0,False
2026-06-06,ST004,Delhi,SKU004,Dishwash Liquid 500ml,28,33.42,0,219,28,0,191,17.99,118.26,191,0,3500.0,False
2026-06-06,ST004,Delhi,SKU005,Instant Coffee 100g,22,22.52,0,139,22,0,117,13.97,81.52,117,0,4070.0,False
2026-06-06,ST005,Hyderabad,SKU001,Shampoo 340ml,18,23.67,0,217,18,0,199,14.44,85.44,199,0,5922.0,False
2026-06-06,ST005,Hyderabad,SKU002,Bath Soap 100g,54,42.39,0,71,54,0,17,18.59,145.76,305,0,2970.0,False
2026-06-06,ST005,Hyderabad,SKU003,Laundry Detergent 1kg,32,32.07,0,58,32,0,26,22.95,119.16,247,0,7040.0,False
2026-06-06,ST005,Hyderabad,SKU004,Dishwash Liquid 500ml,29,28.27,0,196,29,0,167,13.84,98.65,167,0,3625.0,False
2026-06-06,ST005,Hyderabad,SKU005,Instant Coffee 100g,18,20.3,0,130,18,0,112,14.7,75.6,112,0,3330.0,False
2026-06-07,ST001,Chennai,SKU001,Shampoo 340ml,28,25.79,0,44,28,0,16,16.22,93.6,200,0,9212.0,False
2026-06-07,ST001,Chennai,SKU002,Bath Soap 100g,53,50.02,0,223,53,0,170,20.66,170.73,170,351,2915.0,False
2026-06-07,ST001,Chennai,SKU003,Laundry Detergent 1kg,50,51.23,0,146,50,0,96,17.47,171.16,496,0,8800.0,False
2026-06-07,ST001,Chennai,SKU004,Dishwash Liquid 500ml,37,35.15,0,220,37,0,183,20.32,125.77,183,0,4625.0,False
2026-06-07,ST001,Chennai,SKU005,Instant Coffee 100g,23,23.35,0,92,23,0,69,15.65,85.71,69,181,4255.0,False
2026-06-07,ST002,Bengaluru,SKU001,Shampoo 340ml,25,29.48,181,206,25,0,181,15.61,104.06,181,0,8225.0,False
2026-06-07,ST002,Bengaluru,SKU002,Bath Soap 100g,52,50.34,338,353,52,0,301,23.7,174.7,301,0,2860.0,False
2026-06-07,ST002,Bengaluru,SKU003,Laundry Detergent 1kg,42,41.98,0,207,42,0,165,21.89,147.83,165,0,9240.0,False
2026-06-07,ST002,Bengaluru,SKU004,Dishwash Liquid 500ml,41,34.08,0,238,41,0,197,16.79,119.02,197,0,5125.0,False
2026-06-07,ST002,Bengaluru,SKU005,Instant Coffee 100g,21,24.65,0,165,21,0,144,13.86,87.82,144,0,3885.0,False
2026-06-07,ST003,Mumbai,SKU001,Shampoo 340ml,26,29.09,0,128,26,0,102,18.18,105.46,102,208,8554.0,False
2026-06-07,ST003,Mumbai,SKU002,Bath Soap 100g,56,54.64,0,337,56,0,281,21.6,185.51,281,0,3080.0,False
2026-06-07,ST003,Mumbai,SKU003,Laundry Detergent 1kg,57,55.46,0,199,57,0,142,21.42,187.81,142,435,10032.0,False
2026-06-07,ST003,Mumbai,SKU004,Dishwash Liquid 500ml,28,36.16,222,252,28,0,224,22.58,131.07,224,0,3500.0,False
2026-06-07,ST003,Mumbai,SKU005,Instant Coffee 100g,17,28.22,0,168,17,0,151,19.89,104.56,151,0,3145.0,False
2026-06-07,ST004,Delhi,SKU001,Shampoo 340ml,30,25.64,0,97,30,0,67,11.46,88.37,67,201,9870.0,False
2026-06-07,ST004,Delhi,SKU002,Bath Soap 100g,38,44.24,0,296,38,0,258,17.95,150.68,258,0,2090.0,False
2026-06-07,ST004,Delhi,SKU003,Laundry Detergent 1kg,31,33.86,229,250,31,0,219,11.66,113.25,219,0,6820.0,False
2026-06-07,ST004,Delhi,SKU004,Dishwash Liquid 500ml,23,33.26,0,191,23,0,168,17.7,117.5,168,0,2875.0,False
2026-06-07,ST004,Delhi,SKU005,Instant Coffee 100g,25,20.98,0,117,25,0,92,13.84,76.78,92,0,4625.0,False
2026-06-07,ST005,Hyderabad,SKU001,Shampoo 340ml,23,23.37,0,199,23,0,176,14.44,84.56,176,0,7567.0,False
2026-06-07,ST005,Hyderabad,SKU002,Bath Soap 100g,37,44.35,288,305,37,0,268,20.12,153.18,268,0,2035.0,False
2026-06-07,ST005,Hyderabad,SKU003,Laundry Detergent 1kg,34,33.13,221,247,34,0,213,22.95,122.34,213,0,7480.0,False
2026-06-07,ST005,Hyderabad,SKU004,Dishwash Liquid 500ml,36,27.15,0,167,36,0,131,13.82,95.28,131,0,4500.0,False
2026-06-07,ST005,Hyderabad,SKU005,Instant Coffee 100g,21,21.13,0,112,21,0,91,14.58,77.97,91,0,3885.0,False
2026-06-08,ST001,Chennai,SKU001,Shampoo 340ml,23,24.03,184,200,23,0,177,16.18,88.28,177,0,7567.0,False
2026-06-08,ST001,Chennai,SKU002,Bath Soap 100g,38,43.33,0,170,38,0,132,20.96,150.96,483,0,2090.0,False
2026-06-08,ST001,Chennai,SKU003,Laundry Detergent 1kg,32,35.5,0,96,32,0,64,18.95,125.44,464,0,7040.0,False
2026-06-08,ST001,Chennai,SKU004,Dishwash Liquid 500ml,28,26.76,0,183,28,0,155,18.15,98.44,155,0,3500.0,False
2026-06-08,ST001,Chennai,SKU005,Instant Coffee 100g,18,26.14,0,69,18,0,51,15.55,93.96,232,0,2830.5,False
2026-06-08,ST002,Bengaluru,SKU001,Shampoo 340ml,27,24.66,0,181,27,0,154,15.44,89.43,154,0,8883.0,False
2026-06-08,ST002,Bengaluru,SKU002,Bath Soap 100g,46,43.25,0,301,46,0,255,23.4,153.16,255,0,2530.0,False
2026-06-08,ST002,Bengaluru,SKU003,Laundry Detergent 1kg,41,34.56,0,165,41,0,124,19.09,122.76,124,0,9020.0,False
2026-06-08,ST002,Bengaluru,SKU004,Dishwash Liquid 500ml,26,30.43,0,197,26,0,171,17.47,108.75,171,0,3250.0,False
2026-06-08,ST002,Bengaluru,SKU005,Instant Coffee 100g,22,22.56,0,144,22,0,122,13.16,80.85,122,0,4070.0,False
2026-06-08,ST003,Mumbai,SKU001,Shampoo 340ml,25,28.14,0,102,25,0,77,18.25,102.67,285,0,8225.0,False
2026-06-08,ST003,Mumbai,SKU002,Bath Soap 100g,38,47.27,0,281,38,0,243,20.99,162.8,243,0,2090.0,False
2026-06-08,ST003,Mumbai,SKU003,Laundry Detergent 1kg,45,38.13,0,142,45,0,97,23.32,137.7,532,0,9900.0,False
2026-06-08,ST003,Mumbai,SKU004,Dishwash Liquid 500ml,28,31.23,0,224,28,0,196,21.17,114.86,196,0,3500.0,False
2026-06-08,ST003,Mumbai,SKU005,Instant Coffee 100g,21,23.14,0,151,21,0,130,20.27,89.69,130,0,3885.0,False
2026-06-08,ST004,Delhi,SKU001,Shampoo 340ml,19,22.22,0,67,19,0,48,11.75,78.41,249,0,6251.0,False
2026-06-08,ST004,Delhi,SKU002,Bath Soap 100g,41,38.24,0,258,41,0,217,17.87,132.59,217,0,2255.0,False
2026-06-08,ST004,Delhi,SKU003,Laundry Detergent 1kg,26,30.17,0,219,26,0,193,11.52,102.04,193,0,5720.0,False
2026-06-08,ST004,Delhi,SKU004,Dishwash Liquid 500ml,29,26.93,0,168,29,0,139,17.57,98.36,139,0,3625.0,False
2026-06-08,ST004,Delhi,SKU005,Instant Coffee 100g,16,20.05,0,92,16,0,76,13.95,74.09,76,0,2960.0,False
2026-06-08,ST005,Hyderabad,SKU001,Shampoo 340ml,22,20.53,0,176,22,0,154,14.14,75.73,154,0,7238.0,False
2026-06-08,ST005,Hyderabad,SKU002,Bath Soap 100g,36,39.81,0,268,36,0,232,19.93,139.35,232,0,1980.0,False
2026-06-08,ST005,Hyderabad,SKU003,Laundry Detergent 1kg,29,28.34,0,213,29,0,184,22.14,107.17,184,0,6380.0,False
2026-06-08,ST005,Hyderabad,SKU004,Dishwash Liquid 500ml,27,24.05,0,131,27,0,104,14.48,86.65,104,0,3375.0,False
2026-06-08,ST005,Hyderabad,SKU005,Instant Coffee 100g,23,19.22,0,91,23,0,68,14.4,72.05,68,139,4255.0,False
2026-06-09,ST001,Chennai,SKU001,Shampoo 340ml,27,23.06,0,177,27,0,150,15.96,85.13,150,0,8883.0,False
2026-06-09,ST001,Chennai,SKU002,Bath Soap 100g,33,43.27,0,132,33,0,99,21.18,150.99,450,0,1815.0,False
2026-06-09,ST001,Chennai,SKU003,Laundry Detergent 1kg,38,35.18,400,464,38,0,426,19.0,124.54,426,0,8360.0,False
2026-06-09,ST001,Chennai,SKU004,Dishwash Liquid 500ml,24,28.11,0,155,24,0,131,18.16,102.48,131,0,3000.0,False
2026-06-09,ST001,Chennai,SKU005,Instant Coffee 100g,36,28.25,0,51,36,0,15,15.7,100.44,196,0,5328.0,False
2026-06-09,ST002,Bengaluru,SKU001,Shampoo 340ml,30,24.74,0,154,30,0,124,15.44,89.68,124,0,9870.0,False
2026-06-09,ST002,Bengaluru,SKU002,Bath Soap 100g,44,42.35,0,255,44,0,211,23.21,150.27,211,0,2420.0,False
2026-06-09,ST002,Bengaluru,SKU003,Laundry Detergent 1kg,36,35.79,0,124,36,0,88,19.16,126.54,88,290,7920.0,False
2026-06-09,ST002,Bengaluru,SKU004,Dishwash Liquid 500ml,28,30.42,0,171,28,0,143,17.57,108.82,143,0,3500.0,False
2026-06-09,ST002,Bengaluru,SKU005,Instant Coffee 100g,23,21.12,0,122,23,0,99,13.0,76.37,99,0,4255.0,False
2026-06-09,ST003,Mumbai,SKU001,Shampoo 340ml,22,26.8,0,77,22,0,55,18.23,98.64,263,0,7238.0,False
2026-06-09,ST003,Mumbai,SKU002,Bath Soap 100g,54,47.39,0,243,54,0,189,21.79,163.97,189,0,2970.0,False
2026-06-09,ST003,Mumbai,SKU003,Laundry Detergent 1kg,37,35.07,0,97,37,0,60,23.38,128.6,495,0,8140.0,False
2026-06-09,ST003,Mumbai,SKU004,Dishwash Liquid 500ml,38,31.65,0,196,38,0,158,20.88,115.83,158,0,4750.0,False
2026-06-09,ST003,Mumbai,SKU005,Instant Coffee 100g,24,23.22,0,130,24,0,106,20.36,90.02,106,0,4440.0,False
2026-06-09,ST004,Delhi,SKU001,Shampoo 340ml,26,21.46,0,48,26,0,22,11.98,76.35,223,0,8554.0,False
2026-06-09,ST004,Delhi,SKU002,Bath Soap 100g,32,38.74,0,217,32,0,185,17.79,134.01,185,0,1760.0,False
2026-06-09,ST004,Delhi,SKU003,Laundry Detergent 1kg,25,30.65,0,193,25,0,168,11.76,103.7,168,0,5500.0,False
2026-06-09,ST004,Delhi,SKU004,Dishwash Liquid 500ml,23,27.92,0,139,23,0,116,17.57,101.32,116,0,2875.0,False
2026-06-09,ST004,Delhi,SKU005,Instant Coffee 100g,18,21.08,0,76,18,0,58,14.25,77.51,58,168,3330.0,False
2026-06-09,ST005,Hyderabad,SKU001,Shampoo 340ml,18,21.05,0,154,18,0,136,14.12,77.26,136,0,5922.0,False
2026-06-09,ST005,Hyderabad,SKU002,Bath Soap 100g,41,35.55,0,232,41,0,191,19.96,126.61,191,0,2255.0,False
2026-06-09,ST005,Hyderabad,SKU003,Laundry Detergent 1kg,35,28.61,0,184,35,0,149,22.19,108.04,149,0,7700.0,False
2026-06-09,ST005,Hyderabad,SKU004,Dishwash Liquid 500ml,29,24.7,0,104,29,0,75,13.92,88.02,75,186,3625.0,False
2026-06-09,ST005,Hyderabad,SKU005,Instant Coffee 100g,20,19.24,0,68,20,0,48,13.22,70.95,187,0,3700.0,False
2026-06-10,ST001,Chennai,SKU001,Shampoo 340ml,25,23.75,0,150,25,0,125,15.78,87.04,125,0,8225.0,False
2026-06-10,ST001,Chennai,SKU002,Bath Soap 100g,59,44.28,351,450,59,0,391,22.38,155.22,391,0,3245.0,False
2026-06-10,ST001,Chennai,SKU003,Laundry Detergent 1kg,35,33.92,0,426,35,0,391,18.53,120.28,391,0,7700.0,False
2026-06-10,ST001,Chennai,SKU004,Dishwash Liquid 500ml,29,28.59,0,131,29,0,102,18.31,104.08,102,203,3625.0,False
2026-06-10,ST001,Chennai,SKU005,Instant Coffee 100g,17,21.53,181,196,17,0,179,17.24,81.81,179,0,3145.0,False
2026-06-10,ST002,Bengaluru,SKU001,Shampoo 340ml,32,25.01,0,124,32,0,92,13.87,88.9,92,0,10528.0,False
2026-06-10,ST002,Bengaluru,SKU002,Bath Soap 100g,50,43.72,0,211,50,0,161,23.18,154.34,161,0,2750.0,False
2026-06-10,ST002,Bengaluru,SKU003,Laundry Detergent 1kg,29,36.06,0,88,29,0,59,19.18,127.37,349,0,6380.0,False
2026-06-10,ST002,Bengaluru,SKU004,Dishwash Liquid 500ml,39,30.76,0,143,39,0,104,17.57,109.85,104,222,4875.0,False
2026-06-10,ST002,Bengaluru,SKU005,Instant Coffee 100g,27,25.02,0,99,27,0,72,12.99,88.06,72,192,4745.25,False
2026-06-10,ST003,Mumbai,SKU001,Shampoo 340ml,24,26.26,208,263,24,0,239,17.53,96.31,239,0,7896.0,False
2026-06-10,ST003,Mumbai,SKU002,Bath Soap 100g,38,45.64,0,189,38,0,151,21.79,158.72,151,328,2090.0,False
2026-06-10,ST003,Mumbai,SKU003,Laundry Detergent 1kg,39,36.52,435,495,39,0,456,23.42,132.99,456,0,8580.0,False
2026-06-10,ST003,Mumbai,SKU004,Dishwash Liquid 500ml,35,28.86,0,158,35,0,123,21.16,107.75,123,0,4375.0,False
2026-06-10,ST003,Mumbai,SKU005,Instant Coffee 100g,21,23.67,0,106,21,0,85,20.25,91.25,85,172,3885.0,False
2026-06-10,ST004,Delhi,SKU001,Shampoo 340ml,22,21.21,201,223,22,0,201,11.98,75.61,201,0,7238.0,False
2026-06-10,ST004,Delhi,SKU002,Bath Soap 100g,39,40.8,0,185,39,0,146,18.08,140.5,146,0,2037.75,False
2026-06-10,ST004,Delhi,SKU003,Laundry Detergent 1kg,39,35.07,0,168,39,0,129,12.27,117.49,129,0,7722.0,False
2026-06-10,ST004,Delhi,SKU004,Dishwash Liquid 500ml,27,29.24,0,116,27,0,89,16.8,104.52,89,221,3375.0,False
2026-06-10,ST004,Delhi,SKU005,Instant Coffee 100g,20,20.64,0,58,20,0,38,14.07,76.0,206,0,3700.0,False
2026-06-10,ST005,Hyderabad,SKU001,Shampoo 340ml,17,21.25,0,136,17,0,119,13.92,77.66,119,0,5593.0,False
2026-06-10,ST005,Hyderabad,SKU002,Bath Soap 100g,48,39.63,0,191,48,0,143,19.55,138.45,143,0,2640.0,False
2026-06-10,ST005,Hyderabad,SKU003,Laundry Detergent 1kg,25,31.06,0,149,25,0,124,22.17,115.35,124,0,5500.0,False
2026-06-10,ST005,Hyderabad,SKU004,Dishwash Liquid 500ml,26,25.2,0,75,26,0,49,13.9,89.5,235,0,3250.0,False
2026-06-10,ST005,Hyderabad,SKU005,Instant Coffee 100g,14,18.98,0,48,14,0,34,13.25,70.2,173,0,2590.0,False
2026-06-11,ST001,Chennai,SKU001,Shampoo 340ml,38,27.74,0,125,38,0,87,15.41,98.64,87,206,11251.8,False
2026-06-11,ST001,Chennai,SKU002,Bath Soap 100g,26,43.37,0,391,26,0,365,23.16,153.26,365,0,1430.0,False
2026-06-11,ST001,Chennai,SKU003,Laundry Detergent 1kg,37,34.89,0,391,37,0,354,18.4,123.07,354,0,8140.0,False
2026-06-11,ST001,Chennai,SKU004,Dishwash Liquid 500ml,26,28.3,0,102,26,0,76,17.8,102.69,279,0,3250.0,False
2026-06-11,ST001,Chennai,SKU005,Instant Coffee 100g,17,21.35,0,179,17,0,162,17.47,81.53,162,0,3145.0,False
2026-06-11,ST002,Bengaluru,SKU001,Shampoo 340ml,29,27.02,0,92,29,0,63,14.07,95.14,63,222,9541.0,False
2026-06-11,ST002,Bengaluru,SKU002,Bath Soap 100g,46,44.0,0,161,46,0,115,23.31,155.31,115,349,2530.0,False
2026-06-11,ST002,Bengaluru,SKU003,Laundry Detergent 1kg,33,36.27,0,59,33,0,26,19.43,128.23,316,0,7260.0,False
2026-06-11,ST002,Bengaluru,SKU004,Dishwash Liquid 500ml,31,29.98,0,104,31,0,73,17.93,107.86,295,0,3875.0,False
2026-06-11,ST002,Bengaluru,SKU005,Instant Coffee 100g,25,22.48,0,72,25,0,47,13.08,80.53,239,0,4625.0,False
2026-06-11,ST003,Mumbai,SKU001,Shampoo 340ml,28,27.18,0,239,28,0,211,17.86,99.41,211,0,9212.0,False
2026-06-11,ST003,Mumbai,SKU002,Bath Soap 100g,47,52.68,0,151,47,0,104,21.62,179.67,432,0,2326.5,False
2026-06-11,ST003,Mumbai,SKU003,Laundry Detergent 1kg,38,37.52,0,456,38,0,418,23.35,135.9,418,0,8360.0,False
2026-06-11,ST003,Mumbai,SKU004,Dishwash Liquid 500ml,41,30.23,0,123,41,0,82,19.68,110.38,82,241,5125.0,False
2026-06-11,ST003,Mumbai,SKU005,Instant Coffee 100g,33,23.87,0,85,33,0,52,20.06,91.69,224,0,6105.0,False
2026-06-11,ST004,Delhi,SKU001,Shampoo 340ml,22,21.36,0,201,22,0,179,11.94,76.03,179,0,7238.0,False
2026-06-11,ST004,Delhi,SKU002,Bath Soap 100g,33,38.51,0,146,33,0,113,17.27,132.79,113,290,1815.0,False
2026-06-11,ST004,Delhi,SKU003,Laundry Detergent 1kg,27,30.58,0,129,27,0,102,12.81,104.55,102,217,5940.0,False
2026-06-11,ST004,Delhi,SKU004,Dishwash Liquid 500ml,20,28.79,0,89,20,0,69,15.11,101.48,290,0,2500.0,False
2026-06-11,ST004,Delhi,SKU005,Instant Coffee 100g,26,21.1,0,38,26,0,12,14.09,77.39,180,0,4810.0,False
2026-06-11,ST005,Hyderabad,SKU001,Shampoo 340ml,20,20.91,0,119,20,0,99,14.14,76.88,99,0,6580.0,False
2026-06-11,ST005,Hyderabad,SKU002,Bath Soap 100g,28,39.33,0,143,28,0,115,19.48,137.47,115,298,1463.0,False
2026-06-11,ST005,Hyderabad,SKU003,Laundry Detergent 1kg,28,29.69,0,124,28,0,96,22.06,111.14,96,224,6160.0,False
2026-06-11,ST005,Hyderabad,SKU004,Dishwash Liquid 500ml,24,25.02,0,49,24,0,25,12.95,88.0,211,0,3000.0,False
2026-06-11,ST005,Hyderabad,SKU005,Instant Coffee 100g,11,18.95,139,173,11,0,162,13.25,70.1,162,0,2035.0,False
2026-06-12,ST001,Chennai,SKU001,Shampoo 340ml,19,23.49,0,87,19,0,68,16.51,86.99,274,0,6251.0,False
2026-06-12,ST001,Chennai,SKU002,Bath Soap 100g,41,40.82,0,365,41,0,324,25.51,147.98,324,0,2255.0,False
2026-06-12,ST001,Chennai,SKU003,Laundry Detergent 1kg,34,33.57,0,354,34,0,320,17.49,118.2,320,0,7480.0,False
2026-06-12,ST001,Chennai,SKU004,Dishwash Liquid 500ml,22,27.42,0,76,22,0,54,17.73,99.99,257,0,2750.0,False
2026-06-12,ST001,Chennai,SKU005,Instant Coffee 100g,25,21.04,0,162,25,0,137,17.76,80.89,137,0,4625.0,False
2026-06-12,ST002,Bengaluru,SKU001,Shampoo 340ml,25,24.57,0,63,25,0,38,14.01,87.71,260,0,8225.0,False
2026-06-12,ST002,Bengaluru,SKU002,Bath Soap 100g,46,46.01,0,115,46,0,69,22.27,160.3,418,0,2530.0,False
2026-06-12,ST002,Bengaluru,SKU003,Laundry Detergent 1kg,28,35.79,290,316,28,0,288,19.55,126.93,288,0,6160.0,False
2026-06-12,ST002,Bengaluru,SKU004,Dishwash Liquid 500ml,23,39.83,0,73,23,0,50,17.95,137.45,272,0,2443.75,False
2026-06-12,ST002,Bengaluru,SKU005,Instant Coffee 100g,17,23.04,0,47,17,0,30,12.67,81.79,222,0,3145.0,False
2026-06-12,ST003,Mumbai,SKU001,Shampoo 340ml,17,27.68,0,211,17,0,194,17.89,100.92,194,0,5593.0,False
2026-06-12,ST003,Mumbai,SKU002,Bath Soap 100g,46,45.62,0,104,46,0,58,21.22,158.07,386,0,2530.0,False
2026-06-12,ST003,Mumbai,SKU003,Laundry Detergent 1kg,40,38.29,0,418,40,0,378,23.26,138.12,378,0,8800.0,False
2026-06-12,ST003,Mumbai,SKU004,Dishwash Liquid 500ml,42,38.43,0,82,42,0,40,20.05,135.33,281,0,4462.5,False
2026-06-12,ST003,Mumbai,SKU005,Instant Coffee 100g,24,24.96,0,52,24,0,28,19.97,94.86,200,0,4440.0,False
2026-06-12,ST004,Delhi,SKU001,Shampoo 340ml,26,22.72,0,179,26,0,153,11.82,80.0,153,0,8554.0,False
2026-06-12,ST004,Delhi,SKU002,Bath Soap 100g,33,39.91,0,113,33,0,80,17.56,137.29,370,0,1815.0,False
2026-06-12,ST004,Delhi,SKU003,Laundry Detergent 1kg,39,31.03,0,102,39,0,63,13.04,106.12,280,0,8580.0,False
2026-06-12,ST004,Delhi,SKU004,Dishwash Liquid 500ml,25,27.82,0,69,25,0,44,15.99,99.45,265,0,3125.0,False
2026-06-12,ST004,Delhi,SKU005,Instant Coffee 100g,14,19.81,168,180,14,0,166,14.18,73.61,166,0,2590.0,False
2026-06-12,ST005,Hyderabad,SKU001,Shampoo 340ml,18,20.72,0,99,18,0,81,13.95,76.1,81,0,5922.0,False
2026-06-12,ST005,Hyderabad,SKU002,Bath Soap 100g,60,54.33,0,115,60,0,55,19.82,182.83,353,0,2640.0,False
2026-06-12,ST005,Hyderabad,SKU003,Laundry Detergent 1kg,30,30.55,0,96,30,0,66,22.19,113.84,290,0,6600.0,False
2026-06-12,ST005,Hyderabad,SKU004,Dishwash Liquid 500ml,32,24.67,186,211,32,0,179,13.17,87.17,179,0,4000.0,False
2026-06-12,ST005,Hyderabad,SKU005,Instant Coffee 100g,17,19.93,0,162,17,0,145,14.29,74.08,145,0,3145.0,False
2026-06-13,ST001,Chennai,SKU001,Shampoo 340ml,30,27.93,0,68,30,0,38,16.38,100.17,244,0,9870.0,False
2026-06-13,ST001,Chennai,SKU002,Bath Soap 100g,40,51.05,0,324,40,0,284,25.58,178.74,284,0,2200.0,False
2026-06-13,ST001,Chennai,SKU003,Laundry Detergent 1kg,44,40.92,0,320,44,0,276,17.52,140.29,276,0,9680.0,False
2026-06-13,ST001,Chennai,SKU004,Dishwash Liquid 500ml,37,31.52,203,257,37,0,220,18.1,112.66,220,0,4625.0,False
2026-06-13,ST001,Chennai,SKU005,Instant Coffee 100g,27,24.82,0,137,27,0,110,17.27,91.74,110,0,4995.0,False
2026-06-13,ST002,Bengaluru,SKU001,Shampoo 340ml,30,28.28,0,38,30,0,8,13.55,98.39,230,0,9870.0,False
2026-06-13,ST002,Bengaluru,SKU002,Bath Soap 100g,57,50.17,0,69,57,0,12,22.05,172.57,361,0,3135.0,False
2026-06-13,ST002,Bengaluru,SKU003,Laundry Detergent 1kg,44,40.99,0,288,44,0,244,20.09,143.06,244,0,9680.0,False
2026-06-13,ST002,Bengaluru,SKU004,Dishwash Liquid 500ml,31,33.94,222,272,31,0,241,16.45,118.26,241,0,3875.0,False
2026-06-13,ST002,Bengaluru,SKU005,Instant Coffee 100g,20,24.34,192,222,20,0,202,11.63,84.66,202,0,3700.0,False
2026-06-13,ST003,Mumbai,SKU001,Shampoo 340ml,43,35.65,0,194,43,0,151,18.78,125.72,151,0,12024.95,False
2026-06-13,ST003,Mumbai,SKU002,Bath Soap 100g,58,52.2,328,386,58,0,328,21.15,177.76,328,0,3190.0,False
2026-06-13,ST003,Mumbai,SKU003,Laundry Detergent 1kg,38,43.71,0,378,38,0,340,23.07,154.19,340,0,8360.0,False
2026-06-13,ST003,Mumbai,SKU004,Dishwash Liquid 500ml,31,33.13,0,40,31,0,9,20.67,120.06,250,0,3875.0,False
2026-06-13,ST003,Mumbai,SKU005,Instant Coffee 100g,16,28.23,172,200,16,0,184,19.98,104.67,184,0,2960.0,False
2026-06-13,ST004,Delhi,SKU001,Shampoo 340ml,23,25.52,0,153,23,0,130,11.36,87.91,130,0,7567.0,False
2026-06-13,ST004,Delhi,SKU002,Bath Soap 100g,47,45.02,0,80,47,0,33,17.66,152.71,323,0,2585.0,False
2026-06-13,ST004,Delhi,SKU003,Laundry Detergent 1kg,33,36.09,0,63,33,0,30,13.61,121.89,247,0,7260.0,False
2026-06-13,ST004,Delhi,SKU004,Dishwash Liquid 500ml,33,32.66,221,265,33,0,232,15.99,113.97,232,0,4125.0,False
2026-06-13,ST004,Delhi,SKU005,Instant Coffee 100g,16,22.83,0,166,16,0,150,14.76,83.25,150,0,2960.0,False
2026-06-13,ST005,Hyderabad,SKU001,Shampoo 340ml,27,24.25,0,81,27,0,54,14.07,86.82,54,203,8883.0,False
2026-06-13,ST005,Hyderabad,SKU002,Bath Soap 100g,42,42.87,0,55,42,0,13,22.21,150.83,311,0,2310.0,False
2026-06-13,ST005,Hyderabad,SKU003,Laundry Detergent 1kg,27,32.79,0,66,27,0,39,22.22,120.59,263,0,5940.0,False
2026-06-13,ST005,Hyderabad,SKU004,Dishwash Liquid 500ml,22,28.5,0,179,22,0,157,13.3,98.79,157,0,2750.0,False
2026-06-13,ST005,Hyderabad,SKU005,Instant Coffee 100g,13,22.33,0,145,13,0,132,14.42,81.4,132,0,2405.0,False
2026-06-14,ST001,Chennai,SKU001,Shampoo 340ml,31,28.18,206,244,31,0,213,15.89,100.44,213,0,10199.0,False
2026-06-14,ST001,Chennai,SKU002,Bath Soap 100g,55,46.48,0,284,55,0,229,25.49,164.94,229,0,3025.0,False
2026-06-14,ST001,Chennai,SKU003,Laundry Detergent 1kg,33,38.64,0,276,33,0,243,15.83,131.74,243,0,7260.0,False
2026-06-14,ST001,Chennai,SKU004,Dishwash Liquid 500ml,34,32.89,0,220,34,0,186,18.66,117.32,186,0,4250.0,False
2026-06-14,ST001,Chennai,SKU005,Instant Coffee 100g,25,24.1,0,110,25,0,85,16.31,88.6,85,173,4625.0,False
2026-06-14,ST002,Bengaluru,SKU001,Shampoo 340ml,27,27.49,222,230,27,0,203,13.36,95.83,203,0,8883.0,False
2026-06-14,ST002,Bengaluru,SKU002,Bath Soap 100g,43,51.82,349,361,43,0,318,22.68,178.13,318,0,2365.0,False
2026-06-14,ST002,Bengaluru,SKU003,Laundry Detergent 1kg,41,40.67,0,244,41,0,203,20.39,142.4,203,0,9020.0,False
2026-06-14,ST002,Bengaluru,SKU004,Dishwash Liquid 500ml,23,33.81,0,241,23,0,218,16.43,117.85,218,0,2875.0,False
2026-06-14,ST002,Bengaluru,SKU005,Instant Coffee 100g,28,23.98,0,202,28,0,174,11.7,83.63,174,0,5180.0,False
2026-06-14,ST003,Mumbai,SKU001,Shampoo 340ml,28,32.18,0,151,28,0,123,19.97,116.51,123,0,9212.0,False
2026-06-14,ST003,Mumbai,SKU002,Bath Soap 100g,51,54.06,0,328,51,0,277,21.71,183.9,277,0,2805.0,False
2026-06-14,ST003,Mumbai,SKU003,Laundry Detergent 1kg,37,41.51,0,340,37,0,303,20.36,144.88,303,0,8140.0,False
2026-06-14,ST003,Mumbai,SKU004,Dishwash Liquid 500ml,24,33.63,241,250,24,0,226,20.47,121.35,226,0,3000.0,False
2026-06-14,ST003,Mumbai,SKU005,Instant Coffee 100g,34,27.62,0,184,34,0,150,20.11,102.98,150,0,6290.0,False
2026-06-14,ST004,Delhi,SKU001,Shampoo 340ml,35,25.75,0,130,35,0,95,11.1,88.35,95,0,11515.0,False
2026-06-14,ST004,Delhi,SKU002,Bath Soap 100g,60,44.93,290,323,60,0,263,18.2,152.98,263,0,3300.0,False
2026-06-14,ST004,Delhi,SKU003,Laundry Detergent 1kg,30,34.74,217,247,30,0,217,13.42,117.63,217,0,6600.0,False
2026-06-14,ST004,Delhi,SKU004,Dishwash Liquid 500ml,41,31.26,0,232,41,0,191,15.79,109.57,191,0,5125.0,False
2026-06-14,ST004,Delhi,SKU005,Instant Coffee 100g,15,22.58,0,150,15,0,135,13.49,81.23,135,0,2775.0,False
2026-06-14,ST005,Hyderabad,SKU001,Shampoo 340ml,19,23.53,0,54,19,0,35,14.33,84.91,238,0,6251.0,False
2026-06-14,ST005,Hyderabad,SKU002,Bath Soap 100g,43,42.9,298,311,43,0,268,21.59,150.3,268,0,2365.0,False
2026-06-14,ST005,Hyderabad,SKU003,Laundry Detergent 1kg,30,32.97,224,263,30,0,233,22.04,120.95,233,0,6600.0,False
2026-06-14,ST005,Hyderabad,SKU004,Dishwash Liquid 500ml,36,35.4,0,157,36,0,121,13.77,119.96,121,0,3825.0,False
2026-06-14,ST005,Hyderabad,SKU005,Instant Coffee 100g,22,21.23,0,132,22,0,110,14.66,78.35,110,0,4070.0,False
2026-06-15,ST001,Chennai,SKU001,Shampoo 340ml,39,23.99,0,213,39,0,174,15.89,87.87,174,0,12831.0,False
2026-06-15,ST001,Chennai,SKU002,Bath Soap 100g,44,42.39,0,229,44,0,185,25.36,152.55,185,0,2420.0,False
2026-06-15,ST001,Chennai,SKU003,Laundry Detergent 1kg,30,33.13,0,243,30,0,213,15.91,115.31,213,0,6600.0,False
2026-06-15,ST001,Chennai,SKU004,Dishwash Liquid 500ml,31,26.66,0,186,31,0,155,18.57,98.54,155,0,3875.0,False
2026-06-15,ST001,Chennai,SKU005,Instant Coffee 100g,17,21.71,0,85,17,0,68,15.85,80.98,241,0,3145.0,False
2026-06-15,ST002,Bengaluru,SKU001,Shampoo 340ml,30,25.02,0,203,30,0,173,13.2,88.27,173,0,9870.0,False
2026-06-15,ST002,Bengaluru,SKU002,Bath Soap 100g,44,44.62,0,318,44,0,274,22.55,156.41,274,0,2420.0,False
2026-06-15,ST002,Bengaluru,SKU003,Laundry Detergent 1kg,33,33.87,0,203,33,0,170,20.28,121.91,170,0,7260.0,False
2026-06-15,ST002,Bengaluru,SKU004,Dishwash Liquid 500ml,33,29.8,0,218,33,0,185,16.71,106.12,185,0,4125.0,False
2026-06-15,ST002,Bengaluru,SKU005,Instant Coffee 100g,24,21.45,0,174,24,0,150,11.83,76.17,150,0,4440.0,False
2026-06-15,ST003,Mumbai,SKU001,Shampoo 340ml,21,26.96,0,123,21,0,102,19.9,100.79,102,0,6909.0,False
2026-06-15,ST003,Mumbai,SKU002,Bath Soap 100g,54,45.17,0,277,54,0,223,21.39,156.91,223,0,2970.0,False
2026-06-15,ST003,Mumbai,SKU003,Laundry Detergent 1kg,44,41.58,0,303,44,0,259,20.42,145.15,259,0,9196.0,False
2026-06-15,ST003,Mumbai,SKU004,Dishwash Liquid 500ml,25,30.55,0,226,25,0,201,20.96,112.6,201,0,3125.0,False
2026-06-15,ST003,Mumbai,SKU005,Instant Coffee 100g,17,24.36,0,150,17,0,133,20.51,93.59,133,0,3145.0,False
2026-06-15,ST004,Delhi,SKU001,Shampoo 340ml,17,20.82,0,95,17,0,78,12.51,74.96,78,0,5593.0,False
2026-06-15,ST004,Delhi,SKU002,Bath Soap 100g,35,41.15,0,263,35,0,228,20.98,144.44,228,0,1925.0,False
2026-06-15,ST004,Delhi,SKU003,Laundry Detergent 1kg,28,30.72,0,217,28,0,189,13.41,105.56,189,0,6160.0,False
2026-06-15,ST004,Delhi,SKU004,Dishwash Liquid 500ml,26,29.13,0,191,26,0,165,16.9,104.3,165,0,3250.0,False
2026-06-15,ST004,Delhi,SKU005,Instant Coffee 100g,23,20.65,0,135,23,0,112,13.19,75.15,112,0,4255.0,False
2026-06-15,ST005,Hyderabad,SKU001,Shampoo 340ml,20,20.67,0,35,20,0,15,14.39,76.41,218,0,6580.0,False
2026-06-15,ST005,Hyderabad,SKU002,Bath Soap 100g,34,35.15,0,268,34,0,234,21.61,127.06,234,0,1870.0,False
2026-06-15,ST005,Hyderabad,SKU003,Laundry Detergent 1kg,22,29.19,0,233,22,0,211,21.67,109.24,211,0,4840.0,False
2026-06-15,ST005,Hyderabad,SKU004,Dishwash Liquid 500ml,32,31.39,0,121,32,0,89,14.22,108.39,89,240,3600.0,False
2026-06-15,ST005,Hyderabad,SKU005,Instant Coffee 100g,16,19.32,0,110,16,0,94,14.61,72.57,94,0,2960.0,False
2026-06-16,ST001,Chennai,SKU001,Shampoo 340ml,27,23.54,0,174,27,0,147,17.17,87.79,147,0,8883.0,False
2026-06-16,ST001,Chennai,SKU002,Bath Soap 100g,42,39.75,0,185,42,0,143,25.22,144.46,143,280,2310.0,False
2026-06-16,ST001,Chennai,SKU003,Laundry Detergent 1kg,44,33.21,0,213,44,0,169,15.63,115.25,169,0,9680.0,False
2026-06-16,ST001,Chennai,SKU004,Dishwash Liquid 500ml,26,27.6,0,155,26,0,129,18.47,101.28,129,0,3250.0,False
2026-06-16,ST001,Chennai,SKU005,Instant Coffee 100g,24,21.24,0,68,24,0,44,16.14,79.86,217,0,4440.0,False
2026-06-16,ST002,Bengaluru,SKU001,Shampoo 340ml,19,24.52,0,173,19,0,154,12.73,86.29,154,0,6251.0,False
2026-06-16,ST002,Bengaluru,SKU002,Bath Soap 100g,63,43.75,0,274,63,0,211,22.38,153.62,211,0,3465.0,False
2026-06-16,ST002,Bengaluru,SKU003,Laundry Detergent 1kg,34,33.49,0,170,34,0,136,20.1,120.58,136,0,7480.0,False
2026-06-16,ST002,Bengaluru,SKU004,Dishwash Liquid 500ml,35,36.76,0,185,35,0,150,16.6,126.87,150,0,3718.75,False
2026-06-16,ST002,Bengaluru,SKU005,Instant Coffee 100g,22,20.83,0,150,22,0,128,11.83,74.31,128,0,4070.0,False
2026-06-16,ST003,Mumbai,SKU001,Shampoo 340ml,26,27.35,0,102,26,0,76,20.36,102.4,76,218,8554.0,False
2026-06-16,ST003,Mumbai,SKU002,Bath Soap 100g,59,46.56,0,223,59,0,164,21.51,161.19,164,0,3245.0,False
2026-06-16,ST003,Mumbai,SKU003,Laundry Detergent 1kg,36,38.55,0,259,36,0,223,20.55,136.21,223,0,7920.0,False
2026-06-16,ST003,Mumbai,SKU004,Dishwash Liquid 500ml,28,31.37,0,201,28,0,173,21.24,115.36,173,0,3500.0,False
2026-06-16,ST003,Mumbai,SKU005,Instant Coffee 100g,24,23.02,0,133,24,0,109,20.99,90.05,109,0,4440.0,False
2026-06-16,ST004,Delhi,SKU001,Shampoo 340ml,27,21.91,0,78,27,0,51,12.96,78.67,51,182,8883.0,False
2026-06-16,ST004,Delhi,SKU002,Bath Soap 100g,38,42.3,0,228,38,0,190,21.09,147.98,190,0,1881.0,False
2026-06-16,ST004,Delhi,SKU003,Laundry Detergent 1kg,32,30.86,0,189,32,0,157,13.54,106.12,157,0,7040.0,False
2026-06-16,ST004,Delhi,SKU004,Dishwash Liquid 500ml,32,28.68,0,165,32,0,133,17.06,103.09,133,0,4000.0,False
2026-06-16,ST004,Delhi,SKU005,Instant Coffee 100g,21,19.81,0,112,21,0,91,13.27,72.71,91,0,3885.0,False
2026-06-16,ST005,Hyderabad,SKU001,Shampoo 340ml,21,21.29,203,218,21,0,197,13.96,77.85,197,0,6909.0,False
2026-06-16,ST005,Hyderabad,SKU002,Bath Soap 100g,40,35.82,0,234,40,0,194,20.11,127.58,194,0,2200.0,False
2026-06-16,ST005,Hyderabad,SKU003,Laundry Detergent 1kg,37,30.64,0,211,37,0,174,22.23,114.15,174,0,8140.0,False
2026-06-16,ST005,Hyderabad,SKU004,Dishwash Liquid 500ml,22,27.15,0,89,22,0,67,14.32,95.77,307,0,2750.0,False
2026-06-16,ST005,Hyderabad,SKU005,Instant Coffee 100g,24,19.09,0,94,24,0,70,14.22,71.48,70,136,4440.0,False
2026-06-17,ST001,Chennai,SKU001,Shampoo 340ml,24,23.42,0,147,24,0,123,17.14,87.4,123,0,7896.0,False
2026-06-17,ST001,Chennai,SKU002,Bath Soap 100g,31,41.79,0,143,31,0,112,25.13,150.5,392,0,1705.0,False
2026-06-17,ST001,Chennai,SKU003,Laundry Detergent 1kg,46,34.67,0,169,46,0,123,16.14,120.14,123,0,10120.0,False
2026-06-17,ST001,Chennai,SKU004,Dishwash Liquid 500ml,40,28.23,0,129,40,0,89,18.41,103.1,89,212,5000.0,False
2026-06-17,ST001,Chennai,SKU005,Instant Coffee 100g,20,20.48,173,217,20,0,197,15.96,77.39,197,0,3700.0,False
2026-06-17,ST002,Bengaluru,SKU001,Shampoo 340ml,14,25.73,0,154,14,0,140,13.48,90.68,140,0,4606.0,False
2026-06-17,ST002,Bengaluru,SKU002,Bath Soap 100g,40,43.69,0,211,40,0,171,23.97,155.05,171,0,2200.0,False
2026-06-17,ST002,Bengaluru,SKU003,Laundry Detergent 1kg,35,33.54,0,136,35,0,101,20.1,120.71,101,255,7700.0,False
2026-06-17,ST002,Bengaluru,SKU004,Dishwash Liquid 500ml,32,28.55,0,150,32,0,118,16.68,102.33,118,0,4000.0,False
2026-06-17,ST002,Bengaluru,SKU005,Instant Coffee 100g,23,21.03,0,128,23,0,105,11.8,74.89,105,0,4255.0,False
2026-06-17,ST003,Mumbai,SKU001,Shampoo 340ml,25,26.55,0,76,25,0,51,20.36,100.0,269,0,8225.0,False
2026-06-17,ST003,Mumbai,SKU002,Bath Soap 100g,52,50.99,0,164,52,0,112,21.76,174.73,112,420,2860.0,False
2026-06-17,ST003,Mumbai,SKU003,Laundry Detergent 1kg,24,38.71,0,223,24,0,199,20.6,136.73,199,0,5280.0,False
2026-06-17,ST003,Mumbai,SKU004,Dishwash Liquid 500ml,21,30.82,0,173,21,0,152,21.1,113.55,152,0,2625.0,False
2026-06-17,ST003,Mumbai,SKU005,Instant Coffee 100g,39,26.56,0,109,39,0,70,20.93,100.59,70,217,6493.5,False
2026-06-17,ST004,Delhi,SKU001,Shampoo 340ml,14,21.22,0,51,14,0,37,13.05,76.71,219,0,4606.0,False
2026-06-17,ST004,Delhi,SKU002,Bath Soap 100g,37,38.08,0,190,37,0,153,20.98,135.24,153,0,2035.0,False
2026-06-17,ST004,Delhi,SKU003,Laundry Detergent 1kg,33,30.3,0,157,33,0,124,13.52,104.42,124,0,7260.0,False
2026-06-17,ST004,Delhi,SKU004,Dishwash Liquid 500ml,22,27.68,0,133,22,0,111,16.87,99.93,111,0,2750.0,False
2026-06-17,ST004,Delhi,SKU005,Instant Coffee 100g,22,20.39,0,91,22,0,69,13.26,74.42,69,149,4070.0,False
2026-06-17,ST005,Hyderabad,SKU001,Shampoo 340ml,18,20.2,0,197,18,0,179,13.82,74.41,179,0,5922.0,False
2026-06-17,ST005,Hyderabad,SKU002,Bath Soap 100g,30,33.34,0,194,30,0,164,20.09,120.12,164,0,1650.0,False
2026-06-17,ST005,Hyderabad,SKU003,Laundry Detergent 1kg,24,30.39,0,174,24,0,150,21.69,112.88,150,0,5280.0,False
2026-06-17,ST005,Hyderabad,SKU004,Dishwash Liquid 500ml,28,27.85,0,67,28,0,39,14.45,98.0,279,0,3500.0,False
2026-06-17,ST005,Hyderabad,SKU005,Instant Coffee 100g,17,17.98,0,70,17,0,53,14.14,68.06,189,0,3145.0,False
2026-06-18,ST001,Chennai,SKU001,Shampoo 340ml,29,24.14,0,123,29,0,94,16.97,89.4,94,0,9541.0,False
2026-06-18,ST001,Chennai,SKU002,Bath Soap 100g,48,43.66,0,112,48,0,64,25.9,156.87,344,0,2640.0,False
2026-06-18,ST001,Chennai,SKU003,Laundry Detergent 1kg,45,34.27,0,123,45,0,78,16.79,119.59,78,282,9900.0,False
2026-06-18,ST001,Chennai,SKU004,Dishwash Liquid 500ml,34,27.43,0,89,34,0,55,19.31,101.62,267,0,4250.0,False
2026-06-18,ST001,Chennai,SKU005,Instant Coffee 100g,21,20.71,0,197,21,0,176,15.83,77.97,176,0,3885.0,False
2026-06-18,ST002,Bengaluru,SKU001,Shampoo 340ml,22,25.23,0,140,22,0,118,14.42,90.1,118,0,7238.0,False
2026-06-18,ST002,Bengaluru,SKU002,Bath Soap 100g,50,44.05,0,171,50,0,121,24.19,156.34,121,344,2750.0,False
2026-06-18,ST002,Bengaluru,SKU003,Laundry Detergent 1kg,43,34.54,0,101,43,0,58,19.75,123.36,313,0,9460.0,False
2026-06-18,ST002,Bengaluru,SKU004,Dishwash Liquid 500ml,25,29.54,0,118,25,0,93,16.45,105.07,93,219,3125.0,False
2026-06-18,ST002,Bengaluru,SKU005,Instant Coffee 100g,24,22.08,0,105,24,0,81,11.7,77.93,81,0,4440.0,False
2026-06-18,ST003,Mumbai,SKU001,Shampoo 340ml,28,25.64,0,51,28,0,23,20.09,97.02,241,0,9212.0,False
2026-06-18,ST003,Mumbai,SKU002,Bath Soap 100g,60,60.81,0,112,60,0,52,21.71,204.13,472,0,2640.0,False
2026-06-18,ST003,Mumbai,SKU003,Laundry Detergent 1kg,40,35.28,0,199,40,0,159,22.24,128.08,159,0,8800.0,False
2026-06-18,ST003,Mumbai,SKU004,Dishwash Liquid 500ml,32,30.25,0,152,32,0,120,21.5,112.24,120,0,4000.0,False
2026-06-18,ST003,Mumbai,SKU005,Instant Coffee 100g,23,26.11,0,70,23,0,47,21.72,100.04,264,0,4255.0,False
2026-06-18,ST004,Delhi,SKU001,Shampoo 340ml,23,26.45,0,37,23,0,14,14.07,93.41,196,0,6431.95,False
2026-06-18,ST004,Delhi,SKU002,Bath Soap 100g,35,38.43,0,153,35,0,118,21.01,136.3,118,288,1925.0,False
2026-06-18,ST004,Delhi,SKU003,Laundry Detergent 1kg,53,30.6,0,124,53,0,71,13.4,105.2,71,249,11660.0,False
2026-06-18,ST004,Delhi,SKU004,Dishwash Liquid 500ml,31,26.98,0,111,31,0,80,16.92,97.88,80,207,3875.0,False
2026-06-18,ST004,Delhi,SKU005,Instant Coffee 100g,17,19.74,0,69,17,0,52,13.04,72.25,201,0,3145.0,False
2026-06-18,ST005,Hyderabad,SKU001,Shampoo 340ml,23,19.88,0,179,23,0,156,13.95,73.58,156,0,7567.0,False
2026-06-18,ST005,Hyderabad,SKU002,Bath Soap 100g,43,37.34,0,164,43,0,121,20.92,132.93,121,274,2365.0,False
2026-06-18,ST005,Hyderabad,SKU003,Laundry Detergent 1kg,32,28.91,0,150,32,0,118,22.07,108.79,118,0,7040.0,False
2026-06-18,ST005,Hyderabad,SKU004,Dishwash Liquid 500ml,20,26.96,240,279,20,0,259,14.2,95.09,259,0,2500.0,False
2026-06-18,ST005,Hyderabad,SKU005,Instant Coffee 100g,22,16.86,0,53,22,0,31,13.97,64.55,167,0,4070.0,False
2026-06-19,ST001,Chennai,SKU001,Shampoo 340ml,39,31.97,0,94,39,0,55,17.02,112.93,55,282,10264.8,False
2026-06-19,ST001,Chennai,SKU002,Bath Soap 100g,36,41.45,280,344,36,0,308,25.9,150.24,308,0,1980.0,False
2026-06-19,ST001,Chennai,SKU003,Laundry Detergent 1kg,40,34.15,0,78,40,0,38,16.98,119.43,320,0,8800.0,False
2026-06-19,ST001,Chennai,SKU004,Dishwash Liquid 500ml,24,27.53,0,55,24,0,31,19.37,101.96,243,0,3000.0,False
2026-06-19,ST001,Chennai,SKU005,Instant Coffee 100g,24,21.13,0,176,24,0,152,15.31,78.7,152,0,4440.0,False
2026-06-19,ST002,Bengaluru,SKU001,Shampoo 340ml,28,26.46,0,118,28,0,90,14.05,93.41,90,189,8751.4,False
2026-06-19,ST002,Bengaluru,SKU002,Bath Soap 100g,51,44.48,0,121,51,0,70,24.29,157.71,414,0,2805.0,False
2026-06-19,ST002,Bengaluru,SKU003,Laundry Detergent 1kg,37,34.95,0,58,37,0,21,18.74,123.6,276,0,8140.0,False
2026-06-19,ST002,Bengaluru,SKU004,Dishwash Liquid 500ml,34,30.36,0,93,34,0,59,16.88,107.95,278,0,4250.0,False
2026-06-19,ST002,Bengaluru,SKU005,Instant Coffee 100g,12,22.52,0,81,12,0,69,11.71,79.27,69,168,2220.0,False
2026-06-19,ST003,Mumbai,SKU001,Shampoo 340ml,33,26.55,218,241,33,0,208,20.08,99.72,208,0,10857.0,False
2026-06-19,ST003,Mumbai,SKU002,Bath Soap 100g,43,43.4,0,52,43,0,9,21.02,151.23,429,0,2365.0,False
2026-06-19,ST003,Mumbai,SKU003,Laundry Detergent 1kg,38,37.31,0,159,38,0,121,21.88,133.81,121,274,8360.0,False
2026-06-19,ST003,Mumbai,SKU004,Dishwash Liquid 500ml,26,31.07,0,120,26,0,94,21.06,114.26,94,238,3250.0,False
2026-06-19,ST003,Mumbai,SKU005,Instant Coffee 100g,31,24.16,0,47,31,0,16,21.15,93.63,233,0,5735.0,False
2026-06-19,ST004,Delhi,SKU001,Shampoo 340ml,15,22.98,182,196,15,0,181,14.07,83.01,181,0,4935.0,False
2026-06-19,ST004,Delhi,SKU002,Bath Soap 100g,40,37.14,0,118,40,0,78,20.65,132.07,366,0,2200.0,False
2026-06-19,ST004,Delhi,SKU003,Laundry Detergent 1kg,40,31.48,0,71,40,0,31,17.81,112.24,280,0,8800.0,False
2026-06-19,ST004,Delhi,SKU004,Dishwash Liquid 500ml,20,27.39,0,80,20,0,60,16.89,99.05,267,0,2500.0,False
2026-06-19,ST004,Delhi,SKU005,Instant Coffee 100g,21,19.27,0,52,21,0,31,12.68,70.5,180,0,3885.0,False
2026-06-19,ST005,Hyderabad,SKU001,Shampoo 340ml,15,21.31,0,156,15,0,141,13.94,77.86,141,0,4935.0,False
2026-06-19,ST005,Hyderabad,SKU002,Bath Soap 100g,35,36.04,0,121,35,0,86,20.76,128.87,360,0,1925.0,False
2026-06-19,ST005,Hyderabad,SKU003,Laundry Detergent 1kg,22,29.92,0,118,22,0,96,21.87,111.63,96,226,4840.0,False
2026-06-19,ST005,Hyderabad,SKU004,Dishwash Liquid 500ml,20,25.67,0,259,20,0,239,14.46,91.46,239,0,2500.0,False
2026-06-19,ST005,Hyderabad,SKU005,Instant Coffee 100g,20,18.8,136,167,20,0,147,13.97,70.36,147,0,3700.0,False
2026-06-20,ST001,Chennai,SKU001,Shampoo 340ml,32,28.22,0,55,32,0,23,18.47,103.13,305,0,10528.0,False
2026-06-20,ST001,Chennai,SKU002,Bath Soap 100g,47,47.73,0,308,47,0,261,26.25,169.45,261,0,2585.0,False
2026-06-20,ST001,Chennai,SKU003,Laundry Detergent 1kg,36,39.11,0,38,36,0,2,16.74,134.06,284,0,7920.0,False
2026-06-20,ST001,Chennai,SKU004,Dishwash Liquid 500ml,41,33.65,212,243,41,0,202,19.27,120.22,202,0,5125.0,False
2026-06-20,ST001,Chennai,SKU005,Instant Coffee 100g,24,23.86,0,152,24,0,128,14.72,86.31,128,0,4440.0,False
2026-06-20,ST002,Bengaluru,SKU001,Shampoo 340ml,35,29.6,0,90,35,0,55,14.07,102.88,244,0,11515.0,False
2026-06-20,ST002,Bengaluru,SKU002,Bath Soap 100g,37,49.31,0,70,37,0,33,24.39,172.33,377,0,2035.0,False
2026-06-20,ST002,Bengaluru,SKU003,Laundry Detergent 1kg,40,43.15,255,276,40,0,236,18.74,148.2,236,0,8800.0,False
2026-06-20,ST002,Bengaluru,SKU004,Dishwash Liquid 500ml,45,34.28,0,59,45,0,14,16.92,119.77,233,0,5625.0,False
2026-06-20,ST002,Bengaluru,SKU005,Instant Coffee 100g,29,25.39,0,69,29,0,40,12.86,89.04,208,0,5365.0,False
2026-06-20,ST003,Mumbai,SKU001,Shampoo 340ml,37,29.77,0,208,37,0,171,17.11,106.41,171,0,12173.0,False
2026-06-20,ST003,Mumbai,SKU002,Bath Soap 100g,68,52.16,420,429,68,0,361,21.3,177.78,361,0,3740.0,False
2026-06-20,ST003,Mumbai,SKU003,Laundry Detergent 1kg,42,43.29,0,121,42,0,79,21.88,151.75,353,0,9240.0,False
2026-06-20,ST003,Mumbai,SKU004,Dishwash Liquid 500ml,38,34.91,0,94,38,0,56,20.26,124.98,294,0,4750.0,False
2026-06-20,ST003,Mumbai,SKU005,Instant Coffee 100g,18,30.9,217,233,18,0,215,21.32,114.01,215,0,3330.0,False
2026-06-20,ST004,Delhi,SKU001,Shampoo 340ml,23,26.23,0,181,23,0,158,14.39,93.08,158,0,7567.0,False
2026-06-20,ST004,Delhi,SKU002,Bath Soap 100g,43,44.75,0,78,43,0,35,20.64,154.9,323,0,2365.0,False
2026-06-20,ST004,Delhi,SKU003,Laundry Detergent 1kg,38,34.8,0,31,31,7,0,18.08,122.47,249,0,6820.0,True
2026-06-20,ST004,Delhi,SKU004,Dishwash Liquid 500ml,27,32.3,0,60,27,0,33,17.49,114.38,240,0,3375.0,False
2026-06-20,ST004,Delhi,SKU005,Instant Coffee 100g,23,23.55,149,180,23,0,157,11.31,81.97,157,0,4255.0,False
2026-06-20,ST005,Hyderabad,SKU001,Shampoo 340ml,35,30.04,0,141,35,0,106,11.0,101.13,106,0,9787.75,False
2026-06-20,ST005,Hyderabad,SKU002,Bath Soap 100g,43,44.07,0,86,43,0,43,20.9,153.11,317,0,2365.0,False
2026-06-20,ST005,Hyderabad,SKU003,Laundry Detergent 1kg,35,35.08,0,96,35,0,61,22.47,127.72,287,0,7700.0,False
2026-06-20,ST005,Hyderabad,SKU004,Dishwash Liquid 500ml,48,36.59,0,239,48,0,191,15.15,124.93,191,0,5100.0,False
2026-06-20,ST005,Hyderabad,SKU005,Instant Coffee 100g,19,21.03,0,147,19,0,128,12.38,75.48,128,0,3515.0,False
2026-06-21,ST001,Chennai,SKU001,Shampoo 340ml,27,27.29,0,23,23,4,0,18.36,100.22,282,0,7567.0,True
2026-06-21,ST001,Chennai,SKU002,Bath Soap 100g,56,47.56,0,261,56,0,205,26.3,168.97,205,0,3080.0,False
2026-06-21,ST001,Chennai,SKU003,Laundry Detergent 1kg,37,39.32,282,284,37,0,247,15.86,133.81,247,0,8140.0,False
2026-06-21,ST001,Chennai,SKU004,Dishwash Liquid 500ml,23,33.66,0,202,23,0,179,20.19,121.16,179,0,2875.0,False
2026-06-21,ST001,Chennai,SKU005,Instant Coffee 100g,32,24.21,0,128,32,0,96,14.22,86.85,96,0,5920.0,False
2026-06-21,ST002,Bengaluru,SKU001,Shampoo 340ml,32,29.89,0,55,32,0,23,14.39,104.05,212,0,10001.6,False
2026-06-21,ST002,Bengaluru,SKU002,Bath Soap 100g,65,48.45,344,377,65,0,312,24.87,170.22,312,0,3575.0,False
2026-06-21,ST002,Bengaluru,SKU003,Laundry Detergent 1kg,40,41.81,0,236,40,0,196,18.01,143.44,196,0,8800.0,False
2026-06-21,ST002,Bengaluru,SKU004,Dishwash Liquid 500ml,41,31.93,219,233,41,0,192,18.25,114.04,192,0,5125.0,False
2026-06-21,ST002,Bengaluru,SKU005,Instant Coffee 100g,31,26.57,0,40,31,0,9,12.56,92.27,177,0,5735.0,False
2026-06-21,ST003,Mumbai,SKU001,Shampoo 340ml,23,28.99,0,171,23,0,148,17.78,104.75,148,0,7567.0,False
2026-06-21,ST003,Mumbai,SKU002,Bath Soap 100g,51,59.16,0,361,51,0,310,22.55,200.04,310,0,2805.0,False
2026-06-21,ST003,Mumbai,SKU003,Laundry Detergent 1kg,37,43.53,0,79,37,0,42,21.12,151.7,316,0,8140.0,False
2026-06-21,ST003,Mumbai,SKU004,Dishwash Liquid 500ml,44,38.05,0,56,44,0,12,20.48,134.65,250,0,5500.0,False
2026-06-21,ST003,Mumbai,SKU005,Instant Coffee 100g,25,27.29,0,215,25,0,190,19.31,101.17,190,0,4625.0,False
2026-06-21,ST004,Delhi,SKU001,Shampoo 340ml,26,25.78,0,158,26,0,132,14.37,91.72,132,0,8126.3,False
2026-06-21,ST004,Delhi,SKU002,Bath Soap 100g,41,44.83,288,323,41,0,282,20.41,154.91,282,0,2255.0,False
2026-06-21,ST004,Delhi,SKU003,Laundry Detergent 1kg,30,34.21,249,249,30,0,219,17.68,120.31,219,0,6600.0,False
2026-06-21,ST004,Delhi,SKU004,Dishwash Liquid 500ml,36,31.74,207,240,36,0,204,16.22,111.44,204,0,4500.0,False
2026-06-21,ST004,Delhi,SKU005,Instant Coffee 100g,23,22.89,0,157,23,0,134,11.36,80.04,134,0,4255.0,False
2026-06-21,ST005,Hyderabad,SKU001,Shampoo 340ml,30,26.27,0,106,30,0,76,13.25,92.04,76,200,9870.0,False
2026-06-21,ST005,Hyderabad,SKU002,Bath Soap 100g,53,56.56,274,317,53,0,264,20.91,190.58,264,0,2332.0,False
2026-06-21,ST005,Hyderabad,SKU003,Laundry Detergent 1kg,28,33.45,0,61,28,0,33,22.47,122.82,259,0,6160.0,False
2026-06-21,ST005,Hyderabad,SKU004,Dishwash Liquid 500ml,27,28.99,0,191,27,0,164,18.46,105.42,164,0,3375.0,False
2026-06-21,ST005,Hyderabad,SKU005,Instant Coffee 100g,24,21.81,0,128,24,0,104,12.4,77.82,104,0,4440.0,False
2026-06-22,ST001,Chennai,SKU001,Shampoo 340ml,36,23.4,282,282,36,0,246,18.3,88.5,246,0,11844.0,False
2026-06-22,ST001,Chennai,SKU002,Bath Soap 100g,52,42.95,0,205,52,0,153,25.83,154.66,153,303,2860.0,False
2026-06-22,ST001,Chennai,SKU003,Laundry Detergent 1kg,29,34.09,0,247,29,0,218,15.63,117.89,218,0,6380.0,False
2026-06-22,ST001,Chennai,SKU004,Dishwash Liquid 500ml,27,28.46,0,179,27,0,152,20.18,105.57,152,0,3375.0,False
2026-06-22,ST001,Chennai,SKU005,Instant Coffee 100g,26,24.23,0,96,26,0,70,14.54,87.24,70,187,4569.5,False
2026-06-22,ST002,Bengaluru,SKU001,Shampoo 340ml,32,25.05,189,212,32,0,180,14.63,89.78,180,0,10528.0,False
2026-06-22,ST002,Bengaluru,SKU002,Bath Soap 100g,43,48.02,0,312,43,0,269,26.43,170.49,269,0,2365.0,False
2026-06-22,ST002,Bengaluru,SKU003,Laundry Detergent 1kg,26,35.27,0,196,26,0,170,17.02,122.82,170,0,5720.0,False
2026-06-22,ST002,Bengaluru,SKU004,Dishwash Liquid 500ml,32,30.17,0,192,32,0,160,18.55,109.07,160,0,4000.0,False
2026-06-22,ST002,Bengaluru,SKU005,Instant Coffee 100g,19,23.45,168,177,19,0,158,12.91,83.25,158,0,3515.0,False
2026-06-22,ST003,Mumbai,SKU001,Shampoo 340ml,37,26.41,0,148,37,0,111,17.95,97.17,111,0,12173.0,False
2026-06-22,ST003,Mumbai,SKU002,Bath Soap 100g,56,44.7,0,310,56,0,254,21.85,155.97,254,0,3080.0,False
2026-06-22,ST003,Mumbai,SKU003,Laundry Detergent 1kg,41,38.38,274,316,41,0,275,21.01,136.14,275,0,9020.0,False
2026-06-22,ST003,Mumbai,SKU004,Dishwash Liquid 500ml,28,31.05,238,250,28,0,222,20.11,113.24,222,0,3500.0,False
2026-06-22,ST003,Mumbai,SKU005,Instant Coffee 100g,19,25.15,0,190,19,0,171,18.87,94.3,171,0,3515.0,False
2026-06-22,ST004,Delhi,SKU001,Shampoo 340ml,18,22.29,0,132,18,0,114,14.42,81.3,114,0,5922.0,False
2026-06-22,ST004,Delhi,SKU002,Bath Soap 100g,48,39.26,0,282,48,0,234,19.69,137.48,234,0,2640.0,False
2026-06-22,ST004,Delhi,SKU003,Laundry Detergent 1kg,30,30.89,0,219,30,0,189,17.51,110.18,189,0,6600.0,False
2026-06-22,ST004,Delhi,SKU004,Dishwash Liquid 500ml,32,26.4,0,204,32,0,172,13.7,92.89,172,0,4000.0,False
2026-06-22,ST004,Delhi,SKU005,Instant Coffee 100g,20,20.3,0,134,20,0,114,11.18,72.07,114,0,3700.0,False
2026-06-22,ST005,Hyderabad,SKU001,Shampoo 340ml,17,21.53,0,76,17,0,59,14.05,78.63,259,0,5593.0,False
2026-06-22,ST005,Hyderabad,SKU002,Bath Soap 100g,47,35.61,0,264,47,0,217,21.59,128.41,217,0,2585.0,False
2026-06-22,ST005,Hyderabad,SKU003,Laundry Detergent 1kg,31,29.73,226,259,31,0,228,21.85,111.03,228,0,6820.0,False
2026-06-22,ST005,Hyderabad,SKU004,Dishwash Liquid 500ml,27,23.37,0,164,27,0,137,18.47,88.6,137,0,3375.0,False
2026-06-22,ST005,Hyderabad,SKU005,Instant Coffee 100g,8,18.47,0,104,8,0,96,12.4,67.82,96,0,1480.0,False
2026-06-23,ST001,Chennai,SKU001,Shampoo 340ml,30,22.7,0,246,30,0,216,19.07,87.18,216,0,9870.0,False
2026-06-23,ST001,Chennai,SKU002,Bath Soap 100g,36,42.1,0,153,36,0,117,25.28,151.58,420,0,1980.0,False
2026-06-23,ST001,Chennai,SKU003,Laundry Detergent 1kg,43,35.24,0,218,43,0,175,16.22,121.95,175,0,9460.0,False
2026-06-23,ST001,Chennai,SKU004,Dishwash Liquid 500ml,36,29.22,0,152,36,0,116,18.51,106.17,116,0,4500.0,False
2026-06-23,ST001,Chennai,SKU005,Instant Coffee 100g,20,20.81,0,70,20,0,50,14.61,77.05,237,0,3700.0,False
2026-06-23,ST002,Bengaluru,SKU001,Shampoo 340ml,21,25.19,0,180,21,0,159,14.86,90.42,159,0,6909.0,False
2026-06-23,ST002,Bengaluru,SKU002,Bath Soap 100g,55,45.68,0,269,55,0,214,25.83,162.87,214,0,3025.0,False
2026-06-23,ST002,Bengaluru,SKU003,Laundry Detergent 1kg,29,34.38,0,170,29,0,141,17.02,120.16,141,0,6380.0,False
2026-06-23,ST002,Bengaluru,SKU004,Dishwash Liquid 500ml,22,29.69,0,160,22,0,138,18.13,107.21,138,0,2750.0,False
2026-06-23,ST002,Bengaluru,SKU005,Instant Coffee 100g,17,22.8,0,158,17,0,141,13.14,81.53,141,0,3145.0,False
2026-06-23,ST003,Mumbai,SKU001,Shampoo 340ml,17,24.85,0,111,17,0,94,18.11,92.67,94,0,5593.0,False
2026-06-23,ST003,Mumbai,SKU002,Bath Soap 100g,52,43.86,0,254,52,0,202,21.85,153.43,202,0,2860.0,False
2026-06-23,ST003,Mumbai,SKU003,Laundry Detergent 1kg,35,35.41,0,275,35,0,240,20.09,126.31,240,0,7700.0,False
2026-06-23,ST003,Mumbai,SKU004,Dishwash Liquid 500ml,29,30.42,0,222,29,0,193,20.24,111.51,193,0,3625.0,False
2026-06-23,ST003,Mumbai,SKU005,Instant Coffee 100g,27,23.11,0,171,27,0,144,18.59,87.93,144,0,4995.0,False
2026-06-23,ST004,Delhi,SKU001,Shampoo 340ml,25,22.51,0,114,25,0,89,14.71,82.25,89,0,8225.0,False
2026-06-23,ST004,Delhi,SKU002,Bath Soap 100g,33,36.77,0,234,33,0,201,19.99,130.3,201,0,1815.0,False
2026-06-23,ST004,Delhi,SKU003,Laundry Detergent 1kg,30,31.52,0,189,30,0,159,17.56,112.11,159,0,6600.0,False
2026-06-23,ST004,Delhi,SKU004,Dishwash Liquid 500ml,21,25.04,0,172,21,0,151,13.61,88.71,151,0,2625.0,False
2026-06-23,ST004,Delhi,SKU005,Instant Coffee 100g,19,22.65,0,114,19,0,95,10.76,78.71,95,0,3339.25,False
2026-06-23,ST005,Hyderabad,SKU001,Shampoo 340ml,11,20.57,0,59,11,0,48,14.24,75.95,248,0,3619.0,False
2026-06-23,ST005,Hyderabad,SKU002,Bath Soap 100g,49,49.17,0,217,49,0,168,21.67,169.18,168,346,2156.0,False
2026-06-23,ST005,Hyderabad,SKU003,Laundry Detergent 1kg,39,29.07,0,228,39,0,189,21.78,109.0,189,0,8580.0,False
2026-06-23,ST005,Hyderabad,SKU004,Dishwash Liquid 500ml,17,24.69,0,137,17,0,120,18.15,92.22,120,0,2125.0,False
2026-06-23,ST005,Hyderabad,SKU005,Instant Coffee 100g,19,18.77,0,96,19,0,77,13.99,70.29,77,0,3515.0,False
2026-06-24,ST001,Chennai,SKU001,Shampoo 340ml,23,22.41,0,216,23,0,193,18.82,86.06,193,0,7567.0,False
2026-06-24,ST001,Chennai,SKU002,Bath Soap 100g,48,42.72,0,117,48,0,69,25.71,153.88,372,0,2640.0,False
2026-06-24,ST001,Chennai,SKU003,Laundry Detergent 1kg,30,34.22,0,175,30,0,145,15.08,117.75,145,0,6600.0,False
2026-06-24,ST001,Chennai,SKU004,Dishwash Liquid 500ml,21,29.5,0,116,21,0,95,18.72,107.23,95,219,2625.0,False
2026-06-24,ST001,Chennai,SKU005,Instant Coffee 100g,29,21.9,0,50,29,0,21,14.72,80.41,208,0,5365.0,False
2026-06-24,ST002,Bengaluru,SKU001,Shampoo 340ml,32,26.71,0,159,32,0,127,14.86,94.99,127,0,10528.0,False
2026-06-24,ST002,Bengaluru,SKU002,Bath Soap 100g,62,56.29,0,214,62,0,152,25.86,194.73,152,437,2728.0,False
2026-06-24,ST002,Bengaluru,SKU003,Laundry Detergent 1kg,29,34.39,0,141,29,0,112,17.01,120.19,112,249,6380.0,False
2026-06-24,ST002,Bengaluru,SKU004,Dishwash Liquid 500ml,36,30.01,0,138,36,0,102,18.53,108.55,102,217,4500.0,False
2026-06-24,ST002,Bengaluru,SKU005,Instant Coffee 100g,15,21.81,0,141,15,0,126,13.33,78.75,126,0,2775.0,False
2026-06-24,ST003,Mumbai,SKU001,Shampoo 340ml,22,26.66,0,94,22,0,72,18.55,98.52,72,214,7238.0,False
2026-06-24,ST003,Mumbai,SKU002,Bath Soap 100g,44,42.06,0,202,44,0,158,21.89,148.06,158,0,2420.0,False
2026-06-24,ST003,Mumbai,SKU003,Laundry Detergent 1kg,35,42.96,0,240,35,0,205,20.19,149.07,205,0,6930.0,False
2026-06-24,ST003,Mumbai,SKU004,Dishwash Liquid 500ml,40,37.23,0,193,40,0,153,20.19,131.88,153,0,4250.0,False
2026-06-24,ST003,Mumbai,SKU005,Instant Coffee 100g,22,28.36,0,144,22,0,122,18.24,103.33,122,0,3459.5,False
2026-06-24,ST004,Delhi,SKU001,Shampoo 340ml,19,22.97,0,89,19,0,70,14.68,83.6,70,175,6251.0,False
2026-06-24,ST004,Delhi,SKU002,Bath Soap 100g,47,45.54,0,201,47,0,154,20.29,156.9,154,322,2197.25,False
2026-06-24,ST004,Delhi,SKU003,Laundry Detergent 1kg,34,31.69,0,159,34,0,125,16.8,111.87,125,0,7480.0,False
2026-06-24,ST004,Delhi,SKU004,Dishwash Liquid 500ml,23,25.58,0,151,23,0,128,14.12,90.85,128,0,2875.0,False
2026-06-24,ST004,Delhi,SKU005,Instant Coffee 100g,22,19.97,0,95,22,0,73,10.62,70.53,73,0,4070.0,False
2026-06-24,ST005,Hyderabad,SKU001,Shampoo 340ml,20,18.61,200,248,20,0,228,14.78,70.6,228,0,6580.0,False
2026-06-24,ST005,Hyderabad,SKU002,Bath Soap 100g,35,34.89,0,168,35,0,133,22.05,126.72,479,0,1925.0,False
2026-06-24,ST005,Hyderabad,SKU003,Laundry Detergent 1kg,37,31.3,0,189,37,0,152,22.17,116.08,152,0,8140.0,False
2026-06-24,ST005,Hyderabad,SKU004,Dishwash Liquid 500ml,21,25.77,0,120,21,0,99,19.03,96.35,99,0,2625.0,False
2026-06-24,ST005,Hyderabad,SKU005,Instant Coffee 100g,21,17.1,0,77,21,0,56,13.99,65.3,56,130,3885.0,False
2026-06-25,ST001,Chennai,SKU001,Shampoo 340ml,27,25.54,0,193,27,0,166,17.56,94.19,166,0,8883.0,False
2026-06-25,ST001,Chennai,SKU002,Bath Soap 100g,49,40.87,303,372,49,0,323,25.66,148.28,323,0,2695.0,False
2026-06-25,ST001,Chennai,SKU003,Laundry Detergent 1kg,30,32.38,0,145,30,0,115,15.64,112.79,115,0,6600.0,False
2026-06-25,ST001,Chennai,SKU004,Dishwash Liquid 500ml,30,29.76,0,95,30,0,65,18.39,107.67,284,0,3750.0,False
2026-06-25,ST001,Chennai,SKU005,Instant Coffee 100g,32,24.13,187,208,32,0,176,13.88,86.27,176,0,5624.0,False
2026-06-25,ST002,Bengaluru,SKU001,Shampoo 340ml,36,25.51,0,127,36,0,91,15.12,91.65,91,180,11844.0,False
2026-06-25,ST002,Bengaluru,SKU002,Bath Soap 100g,39,44.6,0,152,39,0,113,26.81,160.61,550,0,2145.0,False
2026-06-25,ST002,Bengaluru,SKU003,Laundry Detergent 1kg,46,35.58,0,112,46,0,66,17.4,124.14,315,0,10120.0,False
2026-06-25,ST002,Bengaluru,SKU004,Dishwash Liquid 500ml,23,30.47,0,102,23,0,79,17.44,108.85,296,0,2875.0,False
2026-06-25,ST002,Bengaluru,SKU005,Instant Coffee 100g,23,26.46,0,126,23,0,103,14.01,93.38,103,0,3829.5,False
2026-06-25,ST003,Mumbai,SKU001,Shampoo 340ml,24,25.82,0,72,24,0,48,18.5,95.95,262,0,7896.0,False
2026-06-25,ST003,Mumbai,SKU002,Bath Soap 100g,57,45.36,0,158,57,0,101,22.06,158.14,101,375,3135.0,False
2026-06-25,ST003,Mumbai,SKU003,Laundry Detergent 1kg,39,37.55,0,205,39,0,166,19.99,132.63,166,0,8580.0,False
2026-06-25,ST003,Mumbai,SKU004,Dishwash Liquid 500ml,31,30.28,0,153,31,0,122,20.46,111.32,122,0,3875.0,False
2026-06-25,ST003,Mumbai,SKU005,Instant Coffee 100g,21,23.11,0,122,21,0,101,18.19,87.53,101,0,3885.0,False
2026-06-25,ST004,Delhi,SKU001,Shampoo 340ml,21,22.77,0,70,21,0,49,14.58,82.89,224,0,6909.0,False
2026-06-25,ST004,Delhi,SKU002,Bath Soap 100g,41,38.37,0,154,41,0,113,20.72,135.84,435,0,2255.0,False
2026-06-25,ST004,Delhi,SKU003,Laundry Detergent 1kg,30,27.38,0,125,30,0,95,16.59,98.73,95,196,6600.0,False
2026-06-25,ST004,Delhi,SKU004,Dishwash Liquid 500ml,29,25.36,0,128,29,0,99,14.12,90.19,99,0,3625.0,False
2026-06-25,ST004,Delhi,SKU005,Instant Coffee 100g,18,20.03,0,73,18,0,55,10.62,70.71,55,156,3330.0,False
2026-06-25,ST005,Hyderabad,SKU001,Shampoo 340ml,13,19.47,0,228,13,0,215,14.78,73.2,215,0,4277.0,False
2026-06-25,ST005,Hyderabad,SKU002,Bath Soap 100g,29,35.6,0,133,29,0,104,21.49,128.29,450,0,1595.0,False
2026-06-25,ST005,Hyderabad,SKU003,Laundry Detergent 1kg,46,29.58,0,152,46,0,106,21.72,110.45,106,212,10120.0,False
2026-06-25,ST005,Hyderabad,SKU004,Dishwash Liquid 500ml,27,24.49,0,99,27,0,72,19.34,92.82,72,193,3375.0,False
2026-06-25,ST005,Hyderabad,SKU005,Instant Coffee 100g,19,16.84,0,56,19,0,37,13.77,64.29,167,0,3515.0,False
2026-06-26,ST001,Chennai,SKU001,Shampoo 340ml,21,25.57,0,166,21,0,145,16.81,93.54,145,0,6909.0,False
2026-06-26,ST001,Chennai,SKU002,Bath Soap 100g,38,41.81,0,323,38,0,285,25.52,150.94,285,0,2090.0,False
2026-06-26,ST001,Chennai,SKU003,Laundry Detergent 1kg,34,33.9,0,115,34,0,81,15.98,117.7,81,275,7480.0,False
2026-06-26,ST001,Chennai,SKU004,Dishwash Liquid 500ml,34,28.59,0,65,34,0,31,18.33,104.1,250,0,4250.0,False
2026-06-26,ST001,Chennai,SKU005,Instant Coffee 100g,20,22.5,0,176,20,0,156,14.04,81.55,156,0,3700.0,False
2026-06-26,ST002,Bengaluru,SKU001,Shampoo 340ml,29,25.32,0,91,29,0,62,15.49,91.45,242,0,9063.95,False
2026-06-26,ST002,Bengaluru,SKU002,Bath Soap 100g,39,43.94,0,113,39,0,74,26.9,158.72,511,0,2145.0,False
2026-06-26,ST002,Bengaluru,SKU003,Laundry Detergent 1kg,45,36.02,0,66,45,0,21,16.53,124.59,270,0,9900.0,False
2026-06-26,ST002,Bengaluru,SKU004,Dishwash Liquid 500ml,24,29.12,0,79,24,0,55,17.8,105.15,272,0,3000.0,False
2026-06-26,ST002,Bengaluru,SKU005,Instant Coffee 100g,21,23.55,0,103,21,0,82,13.85,84.51,82,168,3885.0,False
2026-06-26,ST003,Mumbai,SKU001,Shampoo 340ml,31,26.62,0,48,31,0,17,18.5,98.35,231,0,10199.0,False
2026-06-26,ST003,Mumbai,SKU002,Bath Soap 100g,45,47.49,0,101,45,0,56,22.02,164.5,431,0,2475.0,False
2026-06-26,ST003,Mumbai,SKU003,Laundry Detergent 1kg,34,38.34,0,166,34,0,132,19.84,134.85,132,272,7480.0,False
2026-06-26,ST003,Mumbai,SKU004,Dishwash Liquid 500ml,38,31.56,0,122,38,0,84,20.47,115.15,84,253,4750.0,False
2026-06-26,ST003,Mumbai,SKU005,Instant Coffee 100g,22,22.56,0,101,22,0,79,18.19,85.87,79,165,4070.0,False
2026-06-26,ST004,Delhi,SKU001,Shampoo 340ml,24,23.13,0,49,24,0,25,14.58,83.97,200,0,7896.0,False
2026-06-26,ST004,Delhi,SKU002,Bath Soap 100g,27,36.82,0,113,27,0,86,20.5,130.95,408,0,1485.0,False
2026-06-26,ST004,Delhi,SKU003,Laundry Detergent 1kg,31,29.84,0,95,31,0,64,16.64,106.17,260,0,6820.0,False
2026-06-26,ST004,Delhi,SKU004,Dishwash Liquid 500ml,32,25.72,0,99,32,0,67,14.13,91.28,67,205,4000.0,False
2026-06-26,ST004,Delhi,SKU005,Instant Coffee 100g,15,18.96,0,55,15,0,40,10.6,67.49,196,0,2775.0,False
2026-06-26,ST005,Hyderabad,SKU001,Shampoo 340ml,17,20.71,0,215,17,0,198,14.91,77.04,198,0,5593.0,False
2026-06-26,ST005,Hyderabad,SKU002,Bath Soap 100g,37,36.41,346,450,37,0,413,21.79,131.02,413,0,2035.0,False
2026-06-26,ST005,Hyderabad,SKU003,Laundry Detergent 1kg,24,31.28,0,106,24,0,82,23.17,117.02,294,0,5280.0,False
2026-06-26,ST005,Hyderabad,SKU004,Dishwash Liquid 500ml,20,24.99,0,72,20,0,52,19.34,94.31,245,0,2500.0,False
2026-06-26,ST005,Hyderabad,SKU005,Instant Coffee 100g,14,18.01,0,37,14,0,23,13.52,67.55,153,0,2590.0,False
2026-06-27,ST001,Chennai,SKU001,Shampoo 340ml,36,30.3,0,145,36,0,109,16.19,107.1,109,0,11251.8,False
2026-06-27,ST001,Chennai,SKU002,Bath Soap 100g,48,48.92,0,285,48,0,237,25.77,172.53,237,0,2640.0,False
2026-06-27,ST001,Chennai,SKU003,Laundry Detergent 1kg,37,39.78,0,81,37,0,44,15.9,135.25,319,0,8140.0,False
2026-06-27,ST001,Chennai,SKU004,Dishwash Liquid 500ml,36,33.08,219,250,36,0,214,18.28,117.54,214,0,4500.0,False
2026-06-27,ST001,Chennai,SKU005,Instant Coffee 100g,26,24.59,0,156,26,0,130,14.07,87.83,130,0,4810.0,False
2026-06-27,ST002,Bengaluru,SKU001,Shampoo 340ml,30,29.87,0,62,30,0,32,15.51,105.1,212,0,9870.0,False
2026-06-27,ST002,Bengaluru,SKU002,Bath Soap 100g,46,49.98,437,511,46,0,465,27.31,177.24,465,0,2530.0,False
2026-06-27,ST002,Bengaluru,SKU003,Laundry Detergent 1kg,37,39.29,249,270,37,0,233,17.27,135.15,233,0,8140.0,False
2026-06-27,ST002,Bengaluru,SKU004,Dishwash Liquid 500ml,39,32.33,217,272,39,0,233,18.22,115.21,233,0,4875.0,False
2026-06-27,ST002,Bengaluru,SKU005,Instant Coffee 100g,23,24.65,0,82,23,0,59,13.69,87.64,227,0,4255.0,False
2026-06-27,ST003,Mumbai,SKU001,Shampoo 340ml,36,30.68,214,231,36,0,195,18.21,110.25,195,0,11844.0,False
2026-06-27,ST003,Mumbai,SKU002,Bath Soap 100g,48,51.68,0,56,48,0,8,22.18,177.21,383,0,2640.0,False
2026-06-27,ST003,Mumbai,SKU003,Laundry Detergent 1kg,45,45.11,0,132,45,0,87,18.14,153.46,359,0,9900.0,False
2026-06-27,ST003,Mumbai,SKU004,Dishwash Liquid 500ml,41,33.61,0,84,41,0,43,20.22,121.04,296,0,5125.0,False
2026-06-27,ST003,Mumbai,SKU005,Instant Coffee 100g,24,26.65,0,79,24,0,55,18.15,98.1,220,0,4440.0,False
2026-06-27,ST004,Delhi,SKU001,Shampoo 340ml,35,25.35,175,200,35,0,165,14.12,90.16,165,0,11515.0,False
2026-06-27,ST004,Delhi,SKU002,Bath Soap 100g,42,45.05,322,408,42,0,366,21.63,156.77,366,0,2310.0,False
2026-06-27,ST004,Delhi,SKU003,Laundry Detergent 1kg,52,36.54,0,64,52,0,12,16.66,126.28,208,0,11440.0,False
2026-06-27,ST004,Delhi,SKU004,Dishwash Liquid 500ml,28,30.63,0,67,28,0,39,14.3,106.2,244,0,3500.0,False
2026-06-27,ST004,Delhi,SKU005,Instant Coffee 100g,30,22.6,0,40,30,0,10,10.74,78.55,166,0,5550.0,False
2026-06-27,ST005,Hyderabad,SKU001,Shampoo 340ml,25,25.4,0,198,25,0,173,14.73,90.93,173,0,8225.0,False
2026-06-27,ST005,Hyderabad,SKU002,Bath Soap 100g,38,41.63,0,413,38,0,375,21.79,146.67,375,0,2090.0,False
2026-06-27,ST005,Hyderabad,SKU003,Laundry Detergent 1kg,40,33.6,0,82,40,0,42,23.07,123.88,254,0,8800.0,False
2026-06-27,ST005,Hyderabad,SKU004,Dishwash Liquid 500ml,33,29.33,0,52,33,0,19,18.73,106.74,212,0,4125.0,False
2026-06-27,ST005,Hyderabad,SKU005,Instant Coffee 100g,18,22.24,130,153,18,0,135,13.83,80.54,135,0,3330.0,False
2026-06-28,ST001,Chennai,SKU001,Shampoo 340ml,24,28.41,0,109,24,0,85,16.82,102.05,85,216,7896.0,False
2026-06-28,ST001,Chennai,SKU002,Bath Soap 100g,38,46.59,0,237,38,0,199,25.41,165.17,199,0,2090.0,False
2026-06-28,ST001,Chennai,SKU003,Laundry Detergent 1kg,37,39.34,0,44,37,0,7,15.72,133.75,282,0,8140.0,False
2026-06-28,ST001,Chennai,SKU004,Dishwash Liquid 500ml,26,31.81,0,214,26,0,188,18.06,113.49,188,0,3250.0,False
2026-06-28,ST001,Chennai,SKU005,Instant Coffee 100g,35,27.11,0,130,35,0,95,14.07,95.38,95,191,6475.0,False
2026-06-28,ST002,Bengaluru,SKU001,Shampoo 340ml,40,29.17,180,212,40,0,172,15.54,103.05,172,0,13160.0,False
2026-06-28,ST002,Bengaluru,SKU002,Bath Soap 100g,45,51.98,0,465,45,0,420,26.67,182.62,420,0,2475.0,False
2026-06-28,ST002,Bengaluru,SKU003,Laundry Detergent 1kg,39,41.32,0,233,39,0,194,17.24,141.18,194,0,8580.0,False
2026-06-28,ST002,Bengaluru,SKU004,Dishwash Liquid 500ml,28,35.8,0,233,28,0,205,18.66,126.07,205,0,3500.0,False
2026-06-28,ST002,Bengaluru,SKU005,Instant Coffee 100g,26,26.39,0,59,26,0,33,13.66,92.83,201,0,4569.5,False
2026-06-28,ST003,Mumbai,SKU001,Shampoo 340ml,37,29.86,0,195,37,0,158,18.65,108.22,158,0,12173.0,False
2026-06-28,ST003,Mumbai,SKU002,Bath Soap 100g,54,53.07,375,383,54,0,329,22.07,181.27,329,0,2970.0,False
2026-06-28,ST003,Mumbai,SKU003,Laundry Detergent 1kg,52,45.83,0,87,52,0,35,15.7,153.18,307,0,10868.0,False
2026-06-28,ST003,Mumbai,SKU004,Dishwash Liquid 500ml,32,35.01,0,43,32,0,11,19.94,124.96,264,0,4000.0,False
2026-06-28,ST003,Mumbai,SKU005,Instant Coffee 100g,25,27.98,0,55,25,0,30,18.15,102.07,195,0,4625.0,False
2026-06-28,ST004,Delhi,SKU001,Shampoo 340ml,31,25.41,0,165,31,0,134,15.48,91.72,134,0,10199.0,False
2026-06-28,ST004,Delhi,SKU002,Bath Soap 100g,48,42.0,0,366,48,0,318,21.58,147.57,318,0,2640.0,False
2026-06-28,ST004,Delhi,SKU003,Laundry Detergent 1kg,32,37.04,196,208,32,0,176,19.61,130.71,176,0,7040.0,False
2026-06-28,ST004,Delhi,SKU004,Dishwash Liquid 500ml,27,30.93,0,39,27,0,12,14.02,106.81,217,0,3375.0,False
2026-06-28,ST004,Delhi,SKU005,Instant Coffee 100g,23,23.52,156,166,23,0,143,11.87,82.44,143,0,4255.0,False
2026-06-28,ST005,Hyderabad,SKU001,Shampoo 340ml,19,26.15,0,173,19,0,154,14.88,93.34,154,0,6251.0,False
2026-06-28,ST005,Hyderabad,SKU002,Bath Soap 100g,33,41.63,0,375,33,0,342,21.84,146.73,342,0,1815.0,False
2026-06-28,ST005,Hyderabad,SKU003,Laundry Detergent 1kg,30,32.55,212,254,30,0,224,23.53,121.17,224,0,6600.0,False
2026-06-28,ST005,Hyderabad,SKU004,Dishwash Liquid 500ml,30,29.73,193,212,30,0,182,18.87,108.07,182,0,3750.0,False
2026-06-28,ST005,Hyderabad,SKU005,Instant Coffee 100g,33,25.26,0,135,33,0,102,12.57,88.34,102,0,5189.25,False
2026-06-29,ST001,Chennai,SKU001,Shampoo 340ml,26,24.79,0,85,26,0,59,16.88,91.25,275,0,8554.0,False
2026-06-29,ST001,Chennai,SKU002,Bath Soap 100g,47,43.32,0,199,47,0,152,25.65,155.59,152,307,2585.0,False
2026-06-29,ST001,Chennai,SKU003,Laundry Detergent 1kg,29,32.62,275,282,29,0,253,15.66,113.51,253,0,6380.0,False
2026-06-29,ST001,Chennai,SKU004,Dishwash Liquid 500ml,29,29.92,0,188,29,0,159,18.22,107.99,159,0,3443.75,False
2026-06-29,ST001,Chennai,SKU005,Instant Coffee 100g,30,22.47,0,95,30,0,65,15.13,82.55,256,0,5550.0,False
2026-06-29,ST002,Bengaluru,SKU001,Shampoo 340ml,20,24.7,0,172,20,0,152,16.59,90.68,152,0,6580.0,False
2026-06-29,ST002,Bengaluru,SKU002,Bath Soap 100g,52,43.63,0,420,52,0,368,26.4,157.28,368,0,2860.0,False
2026-06-29,ST002,Bengaluru,SKU003,Laundry Detergent 1kg,36,35.92,0,194,36,0,158,16.94,124.69,158,0,7920.0,False
2026-06-29,ST002,Bengaluru,SKU004,Dishwash Liquid 500ml,29,36.28,0,205,29,0,176,18.71,127.54,176,0,2900.0,False
2026-06-29,ST002,Bengaluru,SKU005,Instant Coffee 100g,22,23.67,168,201,22,0,179,13.0,84.02,179,0,4070.0,False
2026-06-29,ST003,Mumbai,SKU001,Shampoo 340ml,27,27.2,0,158,27,0,131,19.13,100.73,131,0,8883.0,False
2026-06-29,ST003,Mumbai,SKU002,Bath Soap 100g,38,46.45,0,329,38,0,291,21.38,160.73,291,0,2090.0,False
2026-06-29,ST003,Mumbai,SKU003,Laundry Detergent 1kg,48,37.59,272,307,48,0,259,17.02,129.79,259,0,10560.0,False
2026-06-29,ST003,Mumbai,SKU004,Dishwash Liquid 500ml,39,31.55,253,264,39,0,225,19.83,114.47,225,0,4875.0,False
2026-06-29,ST003,Mumbai,SKU005,Instant Coffee 100g,30,23.76,165,195,30,0,165,17.64,88.92,165,0,5550.0,False
2026-06-29,ST004,Delhi,SKU001,Shampoo 340ml,20,21.19,0,134,20,0,114,15.94,79.5,114,0,6580.0,False
2026-06-29,ST004,Delhi,SKU002,Bath Soap 100g,39,39.03,0,318,39,0,279,22.09,139.17,279,0,2145.0,False
2026-06-29,ST004,Delhi,SKU003,Laundry Detergent 1kg,31,31.52,0,176,31,0,145,19.46,114.03,145,0,6820.0,False
2026-06-29,ST004,Delhi,SKU004,Dishwash Liquid 500ml,28,25.77,205,217,28,0,189,14.01,91.33,189,0,3500.0,False
2026-06-29,ST004,Delhi,SKU005,Instant Coffee 100g,15,19.85,0,143,15,0,128,10.76,70.31,128,0,2775.0,False
2026-06-29,ST005,Hyderabad,SKU001,Shampoo 340ml,23,20.0,0,154,23,0,131,14.56,74.57,131,0,7567.0,False
2026-06-29,ST005,Hyderabad,SKU002,Bath Soap 100g,34,37.12,0,342,34,0,308,22.18,133.55,308,0,1776.5,False
2026-06-29,ST005,Hyderabad,SKU003,Laundry Detergent 1kg,33,31.65,0,224,33,0,191,22.67,117.62,191,0,7260.0,False
2026-06-29,ST005,Hyderabad,SKU004,Dishwash Liquid 500ml,29,25.14,0,182,29,0,153,18.83,94.25,153,0,3625.0,False
2026-06-29,ST005,Hyderabad,SKU005,Instant Coffee 100g,18,19.31,0,102,18,0,84,14.42,72.34,84,0,3330.0,False
2026-06-30,ST001,Chennai,SKU001,Shampoo 340ml,17,25.18,0,59,17,0,42,16.18,91.73,258,0,5593.0,False
2026-06-30,ST001,Chennai,SKU002,Bath Soap 100g,41,42.32,0,152,41,0,111,25.62,152.59,418,0,2255.0,False
2026-06-30,ST001,Chennai,SKU003,Laundry Detergent 1kg,32,33.5,0,253,32,0,221,16.3,116.79,221,0,7040.0,False
2026-06-30,ST001,Chennai,SKU004,Dishwash Liquid 500ml,25,29.0,0,159,25,0,134,18.08,105.08,134,0,3125.0,False
2026-06-30,ST001,Chennai,SKU005,Instant Coffee 100g,26,23.0,0,65,26,0,39,15.45,84.45,230,0,4810.0,False
2026-06-30,ST002,Bengaluru,SKU001,Shampoo 340ml,35,25.79,0,152,35,0,117,17.06,94.44,117,0,11515.0,False
2026-06-30,ST002,Bengaluru,SKU002,Bath Soap 100g,44,38.78,0,368,44,0,324,24.35,140.7,324,0,2420.0,False
2026-06-30,ST002,Bengaluru,SKU003,Laundry Detergent 1kg,33,34.9,0,158,33,0,125,16.42,121.11,125,0,7260.0,False
2026-06-30,ST002,Bengaluru,SKU004,Dishwash Liquid 500ml,32,29.78,0,176,32,0,144,18.54,107.86,144,0,4000.0,False
2026-06-30,ST002,Bengaluru,SKU005,Instant Coffee 100g,17,25.28,0,179,17,0,162,12.62,88.45,162,0,3145.0,False
2026-06-30,ST003,Mumbai,SKU001,Shampoo 340ml,17,25.64,0,131,17,0,114,19.06,95.97,114,0,5593.0,False
2026-06-30,ST003,Mumbai,SKU002,Bath Soap 100g,42,44.55,0,291,42,0,249,22.16,155.81,249,0,2310.0,False
2026-06-30,ST003,Mumbai,SKU003,Laundry Detergent 1kg,35,37.26,0,259,35,0,224,17.46,129.24,224,0,7700.0,False
2026-06-30,ST003,Mumbai,SKU004,Dishwash Liquid 500ml,38,27.86,0,225,38,0,187,19.83,103.42,187,0,4750.0,False
2026-06-30,ST003,Mumbai,SKU005,Instant Coffee 100g,27,24.14,0,165,27,0,138,17.83,90.24,138,0,4995.0,False
2026-06-30,ST004,Delhi,SKU001,Shampoo 340ml,31,21.37,0,114,31,0,83,15.97,80.08,83,0,10199.0,False
2026-06-30,ST004,Delhi,SKU002,Bath Soap 100g,40,39.28,0,279,40,0,239,21.7,139.53,239,0,2200.0,False
2026-06-30,ST004,Delhi,SKU003,Laundry Detergent 1kg,25,30.41,0,145,25,0,120,19.51,110.74,120,0,5500.0,False
2026-06-30,ST004,Delhi,SKU004,Dishwash Liquid 500ml,31,25.88,0,189,31,0,158,14.01,91.64,158,0,3875.0,False
2026-06-30,ST004,Delhi,SKU005,Instant Coffee 100g,22,20.4,0,128,22,0,106,11.13,72.32,106,0,4070.0,False
2026-06-30,ST005,Hyderabad,SKU001,Shampoo 340ml,20,20.24,0,131,20,0,111,14.45,75.17,111,0,6580.0,False
2026-06-30,ST005,Hyderabad,SKU002,Bath Soap 100g,44,36.35,0,308,44,0,264,22.33,131.38,264,0,2420.0,False
2026-06-30,ST005,Hyderabad,SKU003,Laundry Detergent 1kg,21,29.37,0,191,21,0,170,22.42,110.53,170,0,4620.0,False
2026-06-30,ST005,Hyderabad,SKU004,Dishwash Liquid 500ml,27,25.19,0,153,27,0,126,18.84,94.41,126,0,3375.0,False
2026-06-30,ST005,Hyderabad,SKU005,Instant Coffee 100g,18,18.75,0,84,18,0,66,14.41,70.66,66,136,3330.0,False
2026-07-01,ST001,Chennai,SKU001,Shampoo 340ml,25,23.78,216,258,25,0,233,17.05,88.39,233,0,8225.0,False
2026-07-01,ST001,Chennai,SKU002,Bath Soap 100g,51,41.95,0,111,51,0,60,24.75,150.6,367,0,2805.0,False
2026-07-01,ST001,Chennai,SKU003,Laundry Detergent 1kg,40,34.82,0,221,40,0,181,16.39,120.84,181,0,8800.0,False
2026-07-01,ST001,Chennai,SKU004,Dishwash Liquid 500ml,24,29.83,0,134,24,0,110,16.5,105.98,110,0,3000.0,False
2026-07-01,ST001,Chennai,SKU005,Instant Coffee 100g,24,21.39,191,230,24,0,206,15.35,79.5,206,0,4440.0,False
2026-07-01,ST002,Bengaluru,SKU001,Shampoo 340ml,30,25.23,0,117,30,0,87,17.38,93.06,87,183,9870.0,False
2026-07-01,ST002,Bengaluru,SKU002,Bath Soap 100g,52,42.54,0,324,52,0,272,23.58,151.2,272,0,2860.0,False
2026-07-01,ST002,Bengaluru,SKU003,Laundry Detergent 1kg,35,34.93,0,125,35,0,90,16.54,121.32,90,276,7700.0,False
2026-07-01,ST002,Bengaluru,SKU004,Dishwash Liquid 500ml,31,29.94,0,144,31,0,113,18.53,108.36,113,0,3875.0,False
2026-07-01,ST002,Bengaluru,SKU005,Instant Coffee 100g,17,20.96,0,162,17,0,145,12.75,75.63,145,0,3145.0,False
2026-07-01,ST003,Mumbai,SKU001,Shampoo 340ml,17,26.9,0,114,17,0,97,19.92,100.61,97,192,5593.0,False
2026-07-01,ST003,Mumbai,SKU002,Bath Soap 100g,68,46.08,0,249,68,0,181,21.78,160.02,181,0,3740.0,False
2026-07-01,ST003,Mumbai,SKU003,Laundry Detergent 1kg,30,39.54,0,224,30,0,194,17.63,136.24,194,0,6600.0,False
2026-07-01,ST003,Mumbai,SKU004,Dishwash Liquid 500ml,27,32.22,0,187,27,0,160,19.17,115.83,160,0,3375.0,False
2026-07-01,ST003,Mumbai,SKU005,Instant Coffee 100g,15,23.39,0,138,15,0,123,17.61,87.77,123,0,2775.0,False
2026-07-01,ST004,Delhi,SKU001,Shampoo 340ml,18,20.47,0,83,18,0,65,16.46,77.86,65,157,5922.0,False
2026-07-01,ST004,Delhi,SKU002,Bath Soap 100g,34,39.27,0,239,34,0,205,21.41,139.23,205,0,1870.0,False
2026-07-01,ST004,Delhi,SKU003,Laundry Detergent 1kg,49,33.84,0,120,49,0,71,19.97,121.48,71,288,9702.0,False
2026-07-01,ST004,Delhi,SKU004,Dishwash Liquid 500ml,31,25.29,0,158,31,0,127,14.12,89.98,127,0,3875.0,False
2026-07-01,ST004,Delhi,SKU005,Instant Coffee 100g,25,22.12,0,106,25,0,81,11.09,77.45,81,0,4393.75,False
2026-07-01,ST005,Hyderabad,SKU001,Shampoo 340ml,22,20.81,0,111,22,0,89,14.1,76.54,89,0,7238.0,False
2026-07-01,ST005,Hyderabad,SKU002,Bath Soap 100g,38,38.1,0,264,38,0,226,22.21,136.51,226,0,2090.0,False
2026-07-01,ST005,Hyderabad,SKU003,Laundry Detergent 1kg,31,30.03,0,170,31,0,139,20.18,110.26,139,0,6820.0,False
2026-07-01,ST005,Hyderabad,SKU004,Dishwash Liquid 500ml,36,25.72,0,126,36,0,90,18.78,95.94,90,186,4500.0,False
2026-07-01,ST005,Hyderabad,SKU005,Instant Coffee 100g,19,18.81,0,66,19,0,47,14.4,70.82,183,0,3515.0,False
2026-07-02,ST001,Chennai,SKU001,Shampoo 340ml,25,24.33,0,233,25,0,208,17.05,90.03,208,0,8225.0,False
2026-07-02,ST001,Chennai,SKU002,Bath Soap 100g,37,41.91,307,367,37,0,330,24.99,150.72,330,0,2035.0,False
2026-07-02,ST001,Chennai,SKU003,Laundry Detergent 1kg,32,31.89,0,181,32,0,149,16.46,112.13,149,0,7040.0,False
2026-07-02,ST001,Chennai,SKU004,Dishwash Liquid 500ml,27,28.78,0,110,27,0,83,16.83,103.17,83,222,3375.0,False
2026-07-02,ST001,Chennai,SKU005,Instant Coffee 100g,40,28.11,0,206,40,0,166,15.05,99.39,166,0,6290.0,False
2026-07-02,ST002,Bengaluru,SKU001,Shampoo 340ml,24,26.48,0,87,24,0,63,17.38,96.84,246,0,7896.0,False
2026-07-02,ST002,Bengaluru,SKU002,Bath Soap 100g,40,43.39,0,272,40,0,232,23.36,153.53,232,0,2200.0,False
2026-07-02,ST002,Bengaluru,SKU003,Laundry Detergent 1kg,27,33.11,0,90,27,0,63,15.86,115.2,339,0,5940.0,False
2026-07-02,ST002,Bengaluru,SKU004,Dishwash Liquid 500ml,23,30.1,0,113,23,0,90,18.33,108.63,90,230,2875.0,False
2026-07-02,ST002,Bengaluru,SKU005,Instant Coffee 100g,21,22.42,0,145,21,0,124,12.76,80.01,124,0,3885.0,False
2026-07-02,ST003,Mumbai,SKU001,Shampoo 340ml,36,25.49,0,97,36,0,61,20.55,97.03,253,0,11844.0,False
2026-07-02,ST003,Mumbai,SKU002,Bath Soap 100g,38,43.46,0,181,38,0,143,23.88,154.24,143,316,2090.0,False
2026-07-02,ST003,Mumbai,SKU003,Laundry Detergent 1kg,39,37.17,0,194,39,0,155,18.34,129.85,155,0,8580.0,False
2026-07-02,ST003,Mumbai,SKU004,Dishwash Liquid 500ml,39,31.54,0,160,39,0,121,19.03,113.64,121,0,4875.0,False
2026-07-02,ST003,Mumbai,SKU005,Instant Coffee 100g,23,22.26,0,123,23,0,100,18.03,84.81,100,0,4255.0,False
2026-07-02,ST004,Delhi,SKU001,Shampoo 340ml,25,21.71,0,65,25,0,40,16.46,81.58,197,0,8225.0,False
2026-07-02,ST004,Delhi,SKU002,Bath Soap 100g,60,51.59,0,205,60,0,145,21.07,175.84,145,392,2640.0,False
2026-07-02,ST004,Delhi,SKU003,Laundry Detergent 1kg,26,33.44,0,71,26,0,45,21.22,121.55,333,0,5720.0,False
2026-07-02,ST004,Delhi,SKU004,Dishwash Liquid 500ml,37,26.2,0,127,37,0,90,14.22,92.8,90,187,4625.0,False
2026-07-02,ST004,Delhi,SKU005,Instant Coffee 100g,21,20.61,0,81,21,0,60,11.36,73.18,60,158,3885.0,False
2026-07-02,ST005,Hyderabad,SKU001,Shampoo 340ml,19,20.26,0,89,19,0,70,14.13,74.91,70,147,6251.0,False
2026-07-02,ST005,Hyderabad,SKU002,Bath Soap 100g,41,35.86,0,226,41,0,185,21.97,129.55,185,0,2255.0,False
2026-07-02,ST005,Hyderabad,SKU003,Laundry Detergent 1kg,29,30.33,0,139,29,0,110,19.67,110.67,110,213,6380.0,False
2026-07-02,ST005,Hyderabad,SKU004,Dishwash Liquid 500ml,22,22.96,0,90,22,0,68,18.48,87.38,254,0,2750.0,False
2026-07-02,ST005,Hyderabad,SKU005,Instant Coffee 100g,21,19.42,0,47,21,0,26,14.4,72.67,162,0,3885.0,False
2026-07-03,ST001,Chennai,SKU001,Shampoo 340ml,25,25.7,0,208,25,0,183,16.7,93.8,183,0,8225.0,False
2026-07-03,ST001,Chennai,SKU002,Bath Soap 100g,39,42.5,0,330,39,0,291,25.35,152.84,291,0,2145.0,False
2026-07-03,ST001,Chennai,SKU003,Laundry Detergent 1kg,36,33.3,0,149,36,0,113,16.69,116.59,113,237,7920.0,False
2026-07-03,ST001,Chennai,SKU004,Dishwash Liquid 500ml,18,29.14,0,83,18,0,65,16.72,104.14,287,0,2250.0,False
2026-07-03,ST001,Chennai,SKU005,Instant Coffee 100g,32,25.04,0,166,32,0,134,17.02,92.13,134,0,5920.0,False
2026-07-03,ST002,Bengaluru,SKU001,Shampoo 340ml,22,25.96,0,63,22,0,41,16.62,94.5,224,0,7238.0,False
2026-07-03,ST002,Bengaluru,SKU002,Bath Soap 100g,45,42.62,0,232,45,0,187,23.54,151.4,187,0,2475.0,False
2026-07-03,ST002,Bengaluru,SKU003,Laundry Detergent 1kg,27,34.32,0,63,27,0,36,16.45,119.42,312,0,5940.0,False
2026-07-03,ST002,Bengaluru,SKU004,Dishwash Liquid 500ml,27,30.91,0,90,27,0,63,18.83,111.57,293,0,3375.0,False
2026-07-03,ST002,Bengaluru,SKU005,Instant Coffee 100g,21,22.57,0,124,21,0,103,12.69,80.41,103,0,3885.0,False
2026-07-03,ST003,Mumbai,SKU001,Shampoo 340ml,30,26.18,0,61,30,0,31,20.55,99.09,223,0,9870.0,False
2026-07-03,ST003,Mumbai,SKU002,Bath Soap 100g,44,46.83,0,143,44,0,99,23.88,164.37,415,0,2420.0,False
2026-07-03,ST003,Mumbai,SKU003,Laundry Detergent 1kg,25,37.53,0,155,25,0,130,18.33,130.9,130,264,5500.0,False
2026-07-03,ST003,Mumbai,SKU004,Dishwash Liquid 500ml,28,31.6,0,121,28,0,93,19.06,113.86,93,243,3500.0,False
2026-07-03,ST003,Mumbai,SKU005,Instant Coffee 100g,24,23.39,0,100,24,0,76,18.0,88.18,76,176,4440.0,False
2026-07-03,ST004,Delhi,SKU001,Shampoo 340ml,26,27.87,0,40,26,0,14,15.47,99.08,171,0,7698.6,False
2026-07-03,ST004,Delhi,SKU002,Bath Soap 100g,33,43.09,0,145,33,0,112,23.88,153.17,504,0,1815.0,False
2026-07-03,ST004,Delhi,SKU003,Laundry Detergent 1kg,35,31.07,0,45,35,0,10,21.32,114.54,298,0,7700.0,False
2026-07-03,ST004,Delhi,SKU004,Dishwash Liquid 500ml,34,26.37,0,90,34,0,56,14.97,94.08,243,0,4250.0,False
2026-07-03,ST004,Delhi,SKU005,Instant Coffee 100g,18,19.19,0,60,18,0,42,11.36,68.94,200,0,3330.0,False
2026-07-03,ST005,Hyderabad,SKU001,Shampoo 340ml,25,18.77,0,70,25,0,45,13.85,70.16,192,0,8225.0,False
2026-07-03,ST005,Hyderabad,SKU002,Bath Soap 100g,36,37.13,0,185,36,0,149,21.88,133.27,149,0,1980.0,False
2026-07-03,ST005,Hyderabad,SKU003,Laundry Detergent 1kg,34,29.83,0,110,34,0,76,16.77,106.26,289,0,7480.0,False
2026-07-03,ST005,Hyderabad,SKU004,Dishwash Liquid 500ml,27,26.36,0,68,27,0,41,18.74,97.81,227,0,3375.0,False
2026-07-03,ST005,Hyderabad,SKU005,Instant Coffee 100g,23,18.85,136,162,23,0,139,13.59,70.14,139,0,4255.0,False
2026-07-04,ST001,Chennai,SKU001,Shampoo 340ml,25,29.36,0,183,25,0,158,16.55,104.63,158,0,8225.0,False
2026-07-04,ST001,Chennai,SKU002,Bath Soap 100g,48,50.3,0,291,48,0,243,24.55,175.45,243,0,2640.0,False
2026-07-04,ST001,Chennai,SKU003,Laundry Detergent 1kg,47,39.33,0,113,47,0,66,16.69,134.67,303,0,10340.0,False
2026-07-04,ST001,Chennai,SKU004,Dishwash Liquid 500ml,27,34.67,0,65,27,0,38,17.9,121.92,260,0,3375.0,False
2026-07-04,ST001,Chennai,SKU005,Instant Coffee 100g,28,26.38,0,134,28,0,106,17.15,96.31,106,0,5180.0,False
2026-07-04,ST002,Bengaluru,SKU001,Shampoo 340ml,31,28.68,183,224,31,0,193,16.73,102.77,193,0,10199.0,False
2026-07-04,ST002,Bengaluru,SKU002,Bath Soap 100g,53,49.8,0,187,53,0,134,22.44,171.83,134,387,2915.0,False
2026-07-04,ST002,Bengaluru,SKU003,Laundry Detergent 1kg,39,40.45,276,312,39,0,273,16.75,138.09,273,0,8580.0,False
2026-07-04,ST002,Bengaluru,SKU004,Dishwash Liquid 500ml,43,34.17,0,63,43,0,20,17.99,120.51,250,0,5375.0,False
2026-07-04,ST002,Bengaluru,SKU005,Instant Coffee 100g,32,25.07,0,103,32,0,71,12.42,87.62,71,193,5920.0,False
2026-07-04,ST003,Mumbai,SKU001,Shampoo 340ml,34,30.21,192,223,34,0,189,20.45,111.08,189,0,11186.0,False
2026-07-04,ST003,Mumbai,SKU002,Bath Soap 100g,36,54.39,0,99,36,0,63,23.88,187.03,379,0,1980.0,False
2026-07-04,ST003,Mumbai,SKU003,Laundry Detergent 1kg,62,51.85,0,130,62,0,68,19.78,175.33,332,0,11594.0,False
2026-07-04,ST003,Mumbai,SKU004,Dishwash Liquid 500ml,33,35.73,0,93,33,0,60,18.15,125.34,303,0,4125.0,False
2026-07-04,ST003,Mumbai,SKU005,Instant Coffee 100g,32,26.78,0,76,32,0,44,18.0,98.35,220,0,5920.0,False
2026-07-04,ST004,Delhi,SKU001,Shampoo 340ml,22,25.59,157,171,22,0,149,15.46,92.23,149,0,7238.0,False
2026-07-04,ST004,Delhi,SKU002,Bath Soap 100g,38,44.2,0,112,38,0,74,21.83,154.43,466,0,2090.0,False
2026-07-04,ST004,Delhi,SKU003,Laundry Detergent 1kg,52,43.7,288,298,52,0,246,21.33,152.44,246,0,9152.0,False
2026-07-04,ST004,Delhi,SKU004,Dishwash Liquid 500ml,31,29.91,0,56,31,0,25,15.07,104.79,212,0,3875.0,False
2026-07-04,ST004,Delhi,SKU005,Instant Coffee 100g,17,21.37,0,42,17,0,25,11.03,75.13,183,0,3145.0,False
2026-07-04,ST005,Hyderabad,SKU001,Shampoo 340ml,26,23.82,0,45,26,0,19,14.05,85.52,166,0,8554.0,False
2026-07-04,ST005,Hyderabad,SKU002,Bath Soap 100g,47,43.16,0,149,47,0,102,22.0,151.49,102,352,2585.0,False
2026-07-04,ST005,Hyderabad,SKU003,Laundry Detergent 1kg,38,35.07,0,76,38,0,38,16.85,122.06,251,0,8360.0,False
2026-07-04,ST005,Hyderabad,SKU004,Dishwash Liquid 500ml,32,29.55,186,227,32,0,195,18.64,107.29,195,0,4000.0,False
2026-07-04,ST005,Hyderabad,SKU005,Instant Coffee 100g,22,22.38,0,139,22,0,117,13.49,80.64,117,0,4070.0,False
2026-07-05,ST001,Chennai,SKU001,Shampoo 340ml,27,27.5,0,158,27,0,131,16.4,98.9,131,0,8883.0,False
2026-07-05,ST001,Chennai,SKU002,Bath Soap 100g,37,47.63,0,243,37,0,206,23.0,165.9,206,0,2035.0,False
2026-07-05,ST001,Chennai,SKU003,Laundry Detergent 1kg,41,38.89,0,66,41,0,25,17.01,133.68,262,0,9020.0,False
2026-07-05,ST001,Chennai,SKU004,Dishwash Liquid 500ml,47,33.35,222,260,47,0,213,17.14,117.18,213,0,5875.0,False
2026-07-05,ST001,Chennai,SKU005,Instant Coffee 100g,25,27.07,0,106,25,0,81,17.2,98.42,81,207,4625.0,False
2026-07-05,ST002,Bengaluru,SKU001,Shampoo 340ml,35,31.82,0,193,35,0,158,16.49,111.93,158,0,10363.5,False
2026-07-05,ST002,Bengaluru,SKU002,Bath Soap 100g,50,49.48,0,134,50,0,84,21.1,169.54,471,0,2750.0,False
2026-07-05,ST002,Bengaluru,SKU003,Laundry Detergent 1kg,40,39.62,0,273,40,0,233,16.84,135.7,233,0,8800.0,False
2026-07-05,ST002,Bengaluru,SKU004,Dishwash Liquid 500ml,37,35.36,230,250,37,0,213,19.11,125.18,213,0,4625.0,False
2026-07-05,ST002,Bengaluru,SKU005,Instant Coffee 100g,30,31.62,0,71,30,0,41,13.39,108.25,234,0,4440.0,False
2026-07-05,ST003,Mumbai,SKU001,Shampoo 340ml,32,30.78,0,189,32,0,157,20.23,112.57,157,0,10528.0,False
2026-07-05,ST003,Mumbai,SKU002,Bath Soap 100g,59,52.8,316,379,59,0,320,25.1,183.49,320,0,3082.75,False
2026-07-05,ST003,Mumbai,SKU003,Laundry Detergent 1kg,47,43.41,0,68,47,0,21,23.33,153.56,285,0,10340.0,False
2026-07-05,ST003,Mumbai,SKU004,Dishwash Liquid 500ml,35,35.76,0,60,35,0,25,18.07,125.35,268,0,4375.0,False
2026-07-05,ST003,Mumbai,SKU005,Instant Coffee 100g,32,29.22,0,44,32,0,12,16.63,104.29,188,0,5920.0,False
2026-07-05,ST004,Delhi,SKU001,Shampoo 340ml,21,27.14,0,149,21,0,128,15.48,96.9,128,0,6563.55,False
2026-07-05,ST004,Delhi,SKU002,Bath Soap 100g,41,45.37,392,466,41,0,425,21.86,157.98,425,0,2255.0,False
2026-07-05,ST004,Delhi,SKU003,Laundry Detergent 1kg,39,36.16,0,246,39,0,207,23.5,131.97,207,0,8580.0,False
2026-07-05,ST004,Delhi,SKU004,Dishwash Liquid 500ml,34,29.67,187,212,34,0,178,15.13,104.14,178,0,4250.0,False
2026-07-05,ST004,Delhi,SKU005,Instant Coffee 100g,21,22.54,158,183,21,0,162,11.14,78.75,162,0,3885.0,False
2026-07-05,ST005,Hyderabad,SKU001,Shampoo 340ml,20,24.2,147,166,20,0,146,14.28,86.87,146,0,6580.0,False
2026-07-05,ST005,Hyderabad,SKU002,Bath Soap 100g,35,42.55,0,102,35,0,67,20.98,148.64,419,0,1925.0,False
2026-07-05,ST005,Hyderabad,SKU003,Laundry Detergent 1kg,27,33.15,213,251,27,0,224,17.28,116.74,224,0,5940.0,False
2026-07-05,ST005,Hyderabad,SKU004,Dishwash Liquid 500ml,34,28.05,0,195,34,0,161,18.77,102.94,161,0,4250.0,False
2026-07-05,ST005,Hyderabad,SKU005,Instant Coffee 100g,23,19.97,0,117,23,0,94,13.58,73.48,94,0,4255.0,False
2026-07-06,ST001,Chennai,SKU001,Shampoo 340ml,15,24.66,0,131,15,0,116,16.4,90.37,116,0,4935.0,False
2026-07-06,ST001,Chennai,SKU002,Bath Soap 100g,39,43.32,0,206,39,0,167,22.64,152.59,167,0,2145.0,False
2026-07-06,ST001,Chennai,SKU003,Laundry Detergent 1kg,39,33.07,237,262,39,0,223,15.57,114.77,223,0,8580.0,False
2026-07-06,ST001,Chennai,SKU004,Dishwash Liquid 500ml,32,29.43,0,213,32,0,181,19.25,107.54,181,0,4000.0,False
2026-07-06,ST001,Chennai,SKU005,Instant Coffee 100g,26,21.16,0,81,26,0,55,17.14,80.62,262,0,4810.0,False
2026-07-06,ST002,Bengaluru,SKU001,Shampoo 340ml,37,24.64,0,158,37,0,121,16.8,90.73,121,0,12173.0,False
2026-07-06,ST002,Bengaluru,SKU002,Bath Soap 100g,39,44.17,0,84,39,0,45,21.02,153.52,432,0,2145.0,False
2026-07-06,ST002,Bengaluru,SKU003,Laundry Detergent 1kg,36,34.33,0,233,36,0,197,16.65,119.63,197,0,7920.0,False
2026-07-06,ST002,Bengaluru,SKU004,Dishwash Liquid 500ml,32,29.3,0,213,32,0,181,18.61,106.53,181,0,4000.0,False
2026-07-06,ST002,Bengaluru,SKU005,Instant Coffee 100g,12,22.5,0,41,12,0,29,14.01,81.52,222,0,2220.0,False
2026-07-06,ST003,Mumbai,SKU001,Shampoo 340ml,34,26.01,0,157,34,0,123,20.35,98.38,123,0,11186.0,False
2026-07-06,ST003,Mumbai,SKU002,Bath Soap 100g,53,51.58,0,320,53,0,267,25.37,180.1,267,0,2769.25,False
2026-07-06,ST003,Mumbai,SKU003,Laundry Detergent 1kg,37,36.12,264,285,37,0,248,21.66,130.01,248,0,8140.0,False
2026-07-06,ST003,Mumbai,SKU004,Dishwash Liquid 500ml,30,30.69,243,268,30,0,238,17.88,109.96,238,0,3750.0,False
2026-07-06,ST003,Mumbai,SKU005,Instant Coffee 100g,15,23.9,176,188,15,0,173,16.64,88.33,173,0,2775.0,False
2026-07-06,ST004,Delhi,SKU001,Shampoo 340ml,23,22.36,0,128,23,0,105,15.13,82.19,105,0,7567.0,False
2026-07-06,ST004,Delhi,SKU002,Bath Soap 100g,61,52.09,0,425,61,0,364,21.84,178.12,364,0,2684.0,False
2026-07-06,ST004,Delhi,SKU003,Laundry Detergent 1kg,26,32.09,0,207,26,0,181,23.56,119.84,181,0,5720.0,False
2026-07-06,ST004,Delhi,SKU004,Dishwash Liquid 500ml,24,25.48,0,178,24,0,154,15.08,91.51,154,0,3000.0,False
2026-07-06,ST004,Delhi,SKU005,Instant Coffee 100g,17,20.36,0,162,17,0,145,10.82,71.9,145,0,3145.0,False
2026-07-06,ST005,Hyderabad,SKU001,Shampoo 340ml,22,20.41,0,146,22,0,124,14.23,75.46,124,0,7238.0,False
2026-07-06,ST005,Hyderabad,SKU002,Bath Soap 100g,39,39.66,0,67,39,0,28,21.09,140.06,380,0,2145.0,False
2026-07-06,ST005,Hyderabad,SKU003,Laundry Detergent 1kg,23,29.57,0,224,23,0,201,17.34,106.04,201,0,5060.0,False
2026-07-06,ST005,Hyderabad,SKU004,Dishwash Liquid 500ml,25,23.72,0,161,25,0,136,18.54,89.7,136,0,3125.0,False
2026-07-06,ST005,Hyderabad,SKU005,Instant Coffee 100g,15,18.08,0,94,15,0,79,13.7,67.95,79,0,2775.0,False
2026-07-07,ST001,Chennai,SKU001,Shampoo 340ml,24,25.63,0,116,24,0,92,17.63,94.51,92,182,7896.0,False
2026-07-07,ST001,Chennai,SKU002,Bath Soap 100g,44,41.36,0,167,44,0,123,22.58,146.67,123,314,2420.0,False
2026-07-07,ST001,Chennai,SKU003,Laundry Detergent 1kg,29,34.37,0,223,29,0,194,15.39,118.51,194,0,6380.0,False
2026-07-07,ST001,Chennai,SKU004,Dishwash Liquid 500ml,20,28.22,0,181,20,0,161,19.28,103.93,161,0,2500.0,False
2026-07-07,ST001,Chennai,SKU005,Instant Coffee 100g,21,21.56,0,55,21,0,34,16.59,81.28,241,0,3885.0,False
2026-07-07,ST002,Bengaluru,SKU001,Shampoo 340ml,24,26.81,0,121,24,0,97,17.39,97.84,97,189,7896.0,False
2026-07-07,ST002,Bengaluru,SKU002,Bath Soap 100g,48,43.79,387,432,48,0,384,21.57,152.93,384,0,2640.0,False
2026-07-07,ST002,Bengaluru,SKU003,Laundry Detergent 1kg,39,34.37,0,197,39,0,158,16.4,119.5,158,0,8580.0,False
2026-07-07,ST002,Bengaluru,SKU004,Dishwash Liquid 500ml,23,30.01,0,181,23,0,158,18.39,108.44,158,0,2875.0,False
2026-07-07,ST002,Bengaluru,SKU005,Instant Coffee 100g,25,20.55,193,222,25,0,197,15.12,76.76,197,0,4625.0,False
2026-07-07,ST003,Mumbai,SKU001,Shampoo 340ml,25,25.52,0,123,25,0,98,20.56,97.13,98,0,8225.0,False
2026-07-07,ST003,Mumbai,SKU002,Bath Soap 100g,58,48.93,0,267,58,0,209,24.5,171.3,209,0,3030.5,False
2026-07-07,ST003,Mumbai,SKU003,Laundry Detergent 1kg,37,35.13,0,248,37,0,211,21.46,126.85,211,0,8140.0,False
2026-07-07,ST003,Mumbai,SKU004,Dishwash Liquid 500ml,29,31.56,0,238,29,0,209,17.74,112.41,209,0,3625.0,False
2026-07-07,ST003,Mumbai,SKU005,Instant Coffee 100g,29,22.67,0,173,29,0,144,17.35,85.35,144,0,5365.0,False
2026-07-07,ST004,Delhi,SKU001,Shampoo 340ml,23,21.88,0,105,23,0,82,14.93,80.58,82,0,7567.0,False
2026-07-07,ST004,Delhi,SKU002,Bath Soap 100g,33,37.49,0,364,33,0,331,24.56,137.04,331,0,1815.0,False
2026-07-07,ST004,Delhi,SKU003,Laundry Detergent 1kg,26,33.0,0,181,26,0,155,23.56,122.56,155,0,5720.0,False
2026-07-07,ST004,Delhi,SKU004,Dishwash Liquid 500ml,25,26.27,0,154,25,0,129,15.31,94.12,129,0,3125.0,False
2026-07-07,ST004,Delhi,SKU005,Instant Coffee 100g,17,20.2,0,145,17,0,128,10.72,71.33,128,0,3145.0,False
2026-07-07,ST005,Hyderabad,SKU001,Shampoo 340ml,18,19.91,0,124,18,0,106,14.23,73.97,106,0,5922.0,False
2026-07-07,ST005,Hyderabad,SKU002,Bath Soap 100g,41,37.01,352,380,41,0,339,20.99,132.03,339,0,2255.0,False
2026-07-07,ST005,Hyderabad,SKU003,Laundry Detergent 1kg,30,30.56,0,201,30,0,171,17.83,109.51,171,0,6600.0,False
2026-07-07,ST005,Hyderabad,SKU004,Dishwash Liquid 500ml,22,25.43,0,136,22,0,114,18.59,94.89,114,0,2612.5,False
2026-07-07,ST005,Hyderabad,SKU005,Instant Coffee 100g,19,18.94,0,79,19,0,60,13.72,70.54,60,144,3515.0,False
2026-07-08,ST001,Chennai,SKU001,Shampoo 340ml,24,24.24,0,92,24,0,68,17.72,90.45,250,0,7896.0,False
2026-07-08,ST001,Chennai,SKU002,Bath Soap 100g,36,43.08,0,123,36,0,87,21.87,151.1,401,0,1980.0,False
2026-07-08,ST001,Chennai,SKU003,Laundry Detergent 1kg,46,33.99,0,194,46,0,148,15.96,117.93,148,0,10120.0,False
2026-07-08,ST001,Chennai,SKU004,Dishwash Liquid 500ml,37,30.69,0,161,37,0,124,19.75,111.8,124,0,4393.75,False
2026-07-08,ST001,Chennai,SKU005,Instant Coffee 100g,17,26.83,207,241,17,0,224,15.82,96.3,224,0,2830.5,False
2026-07-08,ST002,Bengaluru,SKU001,Shampoo 340ml,39,25.81,0,97,39,0,58,17.57,95.01,247,0,12831.0,False
2026-07-08,ST002,Bengaluru,SKU002,Bath Soap 100g,44,44.55,0,384,44,0,340,21.46,155.11,340,0,2420.0,False
2026-07-08,ST002,Bengaluru,SKU003,Laundry Detergent 1kg,40,35.26,0,158,40,0,118,16.5,122.27,118,252,8800.0,False
2026-07-08,ST002,Bengaluru,SKU004,Dishwash Liquid 500ml,30,30.15,0,158,30,0,128,18.86,109.3,128,0,3750.0,False
2026-07-08,ST002,Bengaluru,SKU005,Instant Coffee 100g,16,21.39,0,197,16,0,181,15.19,79.38,181,0,2960.0,False
2026-07-08,ST003,Mumbai,SKU001,Shampoo 340ml,20,26.39,0,98,20,0,78,20.36,99.52,78,207,6580.0,False
2026-07-08,ST003,Mumbai,SKU002,Bath Soap 100g,44,45.62,0,209,44,0,165,24.77,161.62,165,0,2420.0,False
2026-07-08,ST003,Mumbai,SKU003,Laundry Detergent 1kg,42,35.09,0,211,42,0,169,21.46,126.72,169,0,9240.0,False
2026-07-08,ST003,Mumbai,SKU004,Dishwash Liquid 500ml,35,32.05,0,209,35,0,174,17.69,113.83,174,0,4375.0,False
2026-07-08,ST003,Mumbai,SKU005,Instant Coffee 100g,20,24.28,0,144,20,0,124,17.51,90.34,124,0,3700.0,False
2026-07-08,ST004,Delhi,SKU001,Shampoo 340ml,31,22.42,0,82,31,0,51,14.87,82.13,51,189,10199.0,False
2026-07-08,ST004,Delhi,SKU002,Bath Soap 100g,42,39.72,0,331,42,0,289,24.46,143.63,289,0,2310.0,False
2026-07-08,ST004,Delhi,SKU003,Laundry Detergent 1kg,35,28.42,0,155,35,0,120,23.44,108.69,120,0,7700.0,False
2026-07-08,ST004,Delhi,SKU004,Dishwash Liquid 500ml,14,25.55,0,129,14,0,115,15.12,91.78,115,0,1750.0,False
2026-07-08,ST004,Delhi,SKU005,Instant Coffee 100g,24,19.55,0,128,24,0,104,10.79,69.44,104,0,4440.0,False
2026-07-08,ST005,Hyderabad,SKU001,Shampoo 340ml,19,20.05,0,106,19,0,87,14.23,74.39,87,0,6251.0,False
2026-07-08,ST005,Hyderabad,SKU002,Bath Soap 100g,43,35.53,0,339,43,0,296,20.99,127.58,296,0,2365.0,False
2026-07-08,ST005,Hyderabad,SKU003,Laundry Detergent 1kg,31,27.65,0,171,31,0,140,17.66,100.62,140,0,6820.0,False
2026-07-08,ST005,Hyderabad,SKU004,Dishwash Liquid 500ml,22,25.98,0,114,22,0,92,18.82,96.77,92,187,2750.0,False
2026-07-08,ST005,Hyderabad,SKU005,Instant Coffee 100g,18,19.12,0,60,18,0,42,13.7,71.06,186,0,3330.0,False
2026-07-09,ST001,Chennai,SKU001,Shampoo 340ml,22,24.48,0,68,22,0,46,17.77,91.2,228,0,7238.0,False
2026-07-09,ST001,Chennai,SKU002,Bath Soap 100g,35,41.98,0,87,35,0,52,20.41,146.35,366,0,1925.0,False
2026-07-09,ST001,Chennai,SKU003,Laundry Detergent 1kg,33,35.09,0,148,33,0,115,16.71,121.98,115,253,7260.0,False
2026-07-09,ST001,Chennai,SKU004,Dishwash Liquid 500ml,45,28.41,0,124,45,0,79,20.15,105.39,79,226,5625.0,False
2026-07-09,ST001,Chennai,SKU005,Instant Coffee 100g,25,22.93,0,224,25,0,199,15.82,84.6,199,0,4625.0,False
2026-07-09,ST002,Bengaluru,SKU001,Shampoo 340ml,27,24.61,0,58,27,0,31,18.37,92.21,220,0,8883.0,False
2026-07-09,ST002,Bengaluru,SKU002,Bath Soap 100g,53,42.88,0,340,53,0,287,21.53,150.17,287,0,2915.0,False
2026-07-09,ST002,Bengaluru,SKU003,Laundry Detergent 1kg,45,43.12,0,118,45,0,73,16.21,145.56,325,0,7920.0,False
2026-07-09,ST002,Bengaluru,SKU004,Dishwash Liquid 500ml,31,29.18,0,128,31,0,97,18.35,105.88,97,214,3875.0,False
2026-07-09,ST002,Bengaluru,SKU005,Instant Coffee 100g,17,22.12,0,181,17,0,164,15.32,81.67,164,0,3145.0,False
2026-07-09,ST003,Mumbai,SKU001,Shampoo 340ml,23,25.53,0,78,23,0,55,20.72,97.31,262,0,7567.0,False
2026-07-09,ST003,Mumbai,SKU002,Bath Soap 100g,47,46.74,0,165,47,0,118,24.04,164.27,118,374,2585.0,False
2026-07-09,ST003,Mumbai,SKU003,Laundry Detergent 1kg,48,45.04,0,169,48,0,121,21.51,156.65,121,351,8976.0,False
2026-07-09,ST003,Mumbai,SKU004,Dishwash Liquid 500ml,32,29.54,0,174,32,0,142,17.69,106.31,142,0,4000.0,False
2026-07-09,ST003,Mumbai,SKU005,Instant Coffee 100g,20,23.3,0,124,20,0,104,17.58,87.48,104,0,3700.0,False
2026-07-09,ST004,Delhi,SKU001,Shampoo 340ml,28,21.77,0,51,28,0,23,15.4,80.7,212,0,9212.0,False
2026-07-09,ST004,Delhi,SKU002,Bath Soap 100g,41,37.3,0,289,41,0,248,24.44,136.35,248,0,2255.0,False
2026-07-09,ST004,Delhi,SKU003,Laundry Detergent 1kg,25,32.07,0,120,25,0,95,23.32,119.53,95,250,5500.0,False
2026-07-09,ST004,Delhi,SKU004,Dishwash Liquid 500ml,23,25.56,0,115,23,0,92,17.1,93.79,92,181,2875.0,False
2026-07-09,ST004,Delhi,SKU005,Instant Coffee 100g,16,18.55,0,104,16,0,88,11.0,66.66,88,0,2960.0,False
2026-07-09,ST005,Hyderabad,SKU001,Shampoo 340ml,19,19.63,0,87,19,0,68,14.12,73.02,68,143,6251.0,False
2026-07-09,ST005,Hyderabad,SKU002,Bath Soap 100g,40,42.09,0,296,40,0,256,20.58,146.86,256,0,1980.0,False
2026-07-09,ST005,Hyderabad,SKU003,Laundry Detergent 1kg,34,30.4,0,140,34,0,106,17.39,108.6,106,216,7480.0,False
2026-07-09,ST005,Hyderabad,SKU004,Dishwash Liquid 500ml,30,25.87,0,92,30,0,62,19.03,96.65,249,0,3750.0,False
2026-07-09,ST005,Hyderabad,SKU005,Instant Coffee 100g,17,18.31,0,42,17,0,25,13.44,68.36,169,0,3145.0,False
2026-07-10,ST001,Chennai,SKU001,Shampoo 340ml,25,25.18,182,228,25,0,203,16.95,92.5,203,0,8225.0,False
2026-07-10,ST001,Chennai,SKU002,Bath Soap 100g,49,41.5,314,366,49,0,317,18.69,143.18,317,0,2695.0,False
2026-07-10,ST001,Chennai,SKU003,Laundry Detergent 1kg,30,34.74,0,115,30,0,85,16.85,121.06,338,0,6600.0,False
2026-07-10,ST001,Chennai,SKU004,Dishwash Liquid 500ml,28,27.98,0,79,28,0,51,21.63,105.57,277,0,3500.0,False
2026-07-10,ST001,Chennai,SKU005,Instant Coffee 100g,25,20.26,0,199,25,0,174,15.09,75.89,174,0,4625.0,False
2026-07-10,ST002,Bengaluru,SKU001,Shampoo 340ml,15,25.05,189,220,15,0,205,18.4,93.56,205,0,4935.0,False
2026-07-10,ST002,Bengaluru,SKU002,Bath Soap 100g,43,44.77,0,287,43,0,244,21.69,155.99,244,0,2365.0,False
2026-07-10,ST002,Bengaluru,SKU003,Laundry Detergent 1kg,42,36.03,0,73,42,0,31,16.8,124.89,283,0,9240.0,False
2026-07-10,ST002,Bengaluru,SKU004,Dishwash Liquid 500ml,33,30.25,0,97,33,0,64,18.35,109.1,278,0,4125.0,False
2026-07-10,ST002,Bengaluru,SKU005,Instant Coffee 100g,22,21.76,0,164,22,0,142,15.43,80.7,142,0,4070.0,False
2026-07-10,ST003,Mumbai,SKU001,Shampoo 340ml,28,26.79,0,55,28,0,27,20.9,101.27,234,0,9212.0,False
2026-07-10,ST003,Mumbai,SKU002,Bath Soap 100g,53,46.39,0,118,53,0,65,24.04,163.23,439,0,2915.0,False
2026-07-10,ST003,Mumbai,SKU003,Laundry Detergent 1kg,29,35.81,0,121,29,0,92,22.02,129.46,443,0,6380.0,False
2026-07-10,ST003,Mumbai,SKU004,Dishwash Liquid 500ml,38,31.62,0,142,38,0,104,17.11,111.97,104,230,4750.0,False
2026-07-10,ST003,Mumbai,SKU005,Instant Coffee 100g,17,23.03,0,104,17,0,87,17.12,86.2,87,0,3145.0,False
2026-07-10,ST004,Delhi,SKU001,Shampoo 340ml,23,29.82,0,23,23,0,0,15.54,105.0,189,0,6053.6,False
2026-07-10,ST004,Delhi,SKU002,Bath Soap 100g,26,38.46,0,248,26,0,222,24.03,139.39,222,0,1430.0,False
2026-07-10,ST004,Delhi,SKU003,Laundry Detergent 1kg,40,38.32,0,95,40,0,55,23.53,138.48,305,0,7480.0,False
2026-07-10,ST004,Delhi,SKU004,Dishwash Liquid 500ml,31,34.4,0,92,31,0,61,16.73,119.92,242,0,3293.75,False
2026-07-10,ST004,Delhi,SKU005,Instant Coffee 100g,24,18.87,0,88,24,0,64,10.72,67.32,64,136,4440.0,False
2026-07-10,ST005,Hyderabad,SKU001,Shampoo 340ml,16,20.16,0,68,16,0,52,14.14,74.63,195,0,5264.0,False
2026-07-10,ST005,Hyderabad,SKU002,Bath Soap 100g,37,36.75,0,256,37,0,219,19.48,129.73,219,0,2035.0,False
2026-07-10,ST005,Hyderabad,SKU003,Laundry Detergent 1kg,24,29.95,0,106,24,0,82,17.42,107.28,298,0,5280.0,False
2026-07-10,ST005,Hyderabad,SKU004,Dishwash Liquid 500ml,20,25.23,0,62,20,0,42,19.0,94.69,229,0,2500.0,False
2026-07-10,ST005,Hyderabad,SKU005,Instant Coffee 100g,15,17.65,144,169,15,0,154,12.72,65.67,154,0,2775.0,False
2026-07-11,ST001,Chennai,SKU001,Shampoo 340ml,32,28.53,0,203,32,0,171,16.42,102.02,171,0,10528.0,False
2026-07-11,ST001,Chennai,SKU002,Bath Soap 100g,56,47.37,0,317,56,0,261,18.94,161.03,261,0,3080.0,False
2026-07-11,ST001,Chennai,SKU003,Laundry Detergent 1kg,40,40.42,0,85,40,0,45,17.19,138.46,298,0,8800.0,False
2026-07-11,ST001,Chennai,SKU004,Dishwash Liquid 500ml,42,32.63,0,51,42,0,9,21.16,119.06,235,0,5250.0,False
2026-07-11,ST001,Chennai,SKU005,Instant Coffee 100g,26,24.08,0,174,26,0,148,15.09,87.32,148,0,4810.0,False
2026-07-11,ST002,Bengaluru,SKU001,Shampoo 340ml,40,36.21,0,205,40,0,165,19.76,128.4,165,0,11186.0,False
2026-07-11,ST002,Bengaluru,SKU002,Bath Soap 100g,49,50.01,0,244,49,0,195,21.83,171.85,195,0,2695.0,False
2026-07-11,ST002,Bengaluru,SKU003,Laundry Detergent 1kg,53,41.17,252,283,53,0,230,16.34,139.84,230,0,11660.0,False
2026-07-11,ST002,Bengaluru,SKU004,Dishwash Liquid 500ml,35,33.49,0,64,35,0,29,17.85,118.32,243,0,4375.0,False
2026-07-11,ST002,Bengaluru,SKU005,Instant Coffee 100g,19,22.31,0,142,19,0,123,15.21,82.14,123,0,3515.0,False
2026-07-11,ST003,Mumbai,SKU001,Shampoo 340ml,28,29.89,207,234,28,0,206,19.99,109.65,206,0,9212.0,False
2026-07-11,ST003,Mumbai,SKU002,Bath Soap 100g,51,54.47,0,65,51,0,14,23.91,187.32,388,0,2805.0,False
2026-07-11,ST003,Mumbai,SKU003,Laundry Detergent 1kg,43,41.28,0,92,43,0,49,22.74,146.59,400,0,9460.0,False
2026-07-11,ST003,Mumbai,SKU004,Dishwash Liquid 500ml,52,43.45,0,104,52,0,52,16.58,146.92,282,0,5200.0,False
2026-07-11,ST003,Mumbai,SKU005,Instant Coffee 100g,38,26.3,0,87,38,0,49,17.56,96.47,49,232,7030.0,False
2026-07-11,ST004,Delhi,SKU001,Shampoo 340ml,28,24.68,189,189,28,0,161,15.5,89.55,161,0,9212.0,False
2026-07-11,ST004,Delhi,SKU002,Bath Soap 100g,37,45.04,0,222,37,0,185,25.03,160.17,185,0,2035.0,False
2026-07-11,ST004,Delhi,SKU003,Laundry Detergent 1kg,28,32.47,0,55,28,0,27,23.6,121.02,277,0,6160.0,False
2026-07-11,ST004,Delhi,SKU004,Dishwash Liquid 500ml,26,30.9,0,61,26,0,35,16.67,109.36,216,0,3250.0,False
2026-07-11,ST004,Delhi,SKU005,Instant Coffee 100g,17,21.44,0,64,17,0,47,10.44,74.76,183,0,3145.0,False
2026-07-11,ST005,Hyderabad,SKU001,Shampoo 340ml,29,23.65,0,52,29,0,23,14.3,85.24,166,0,9541.0,False
2026-07-11,ST005,Hyderabad,SKU002,Bath Soap 100g,51,43.12,0,219,51,0,168,16.12,145.49,168,0,2805.0,False
2026-07-11,ST005,Hyderabad,SKU003,Laundry Detergent 1kg,27,33.11,0,82,27,0,55,17.81,117.14,271,0,5940.0,False
2026-07-11,ST005,Hyderabad,SKU004,Dishwash Liquid 500ml,27,29.48,187,229,27,0,202,19.23,107.66,202,0,3375.0,False
2026-07-11,ST005,Hyderabad,SKU005,Instant Coffee 100g,25,23.17,0,154,25,0,129,12.88,82.38,129,0,4625.0,False
2026-07-12,ST001,Chennai,SKU001,Shampoo 340ml,24,27.7,0,171,24,0,147,16.56,99.66,147,0,7896.0,False
2026-07-12,ST001,Chennai,SKU002,Bath Soap 100g,49,50.06,0,261,49,0,212,20.04,170.21,212,0,2695.0,False
2026-07-12,ST001,Chennai,SKU003,Laundry Detergent 1kg,36,39.12,253,298,36,0,262,16.81,134.17,262,0,7920.0,False
2026-07-12,ST001,Chennai,SKU004,Dishwash Liquid 500ml,33,30.29,226,235,33,0,202,21.77,112.66,202,0,4125.0,False
2026-07-12,ST001,Chennai,SKU005,Instant Coffee 100g,28,24.74,0,148,28,0,120,15.08,89.31,120,0,5180.0,False
2026-07-12,ST002,Bengaluru,SKU001,Shampoo 340ml,23,30.28,0,165,23,0,142,20.72,111.57,142,0,7567.0,False
2026-07-12,ST002,Bengaluru,SKU002,Bath Soap 100g,40,48.93,0,195,40,0,155,21.25,168.02,155,356,2200.0,False
2026-07-12,ST002,Bengaluru,SKU003,Laundry Detergent 1kg,44,39.74,0,230,44,0,186,18.13,137.35,186,0,9680.0,False
2026-07-12,ST002,Bengaluru,SKU004,Dishwash Liquid 500ml,41,38.18,214,243,41,0,202,17.96,132.5,202,0,4868.75,False
2026-07-12,ST002,Bengaluru,SKU005,Instant Coffee 100g,19,23.42,0,123,19,0,104,15.26,85.52,104,0,3515.0,False
2026-07-12,ST003,Mumbai,SKU001,Shampoo 340ml,29,29.49,0,206,29,0,177,18.21,106.68,177,0,9541.0,False
2026-07-12,ST003,Mumbai,SKU002,Bath Soap 100g,45,49.05,374,388,45,0,343,23.6,170.76,343,0,2475.0,False
2026-07-12,ST003,Mumbai,SKU003,Laundry Detergent 1kg,44,43.37,351,400,44,0,356,22.82,152.94,356,0,9680.0,False
2026-07-12,ST003,Mumbai,SKU004,Dishwash Liquid 500ml,33,36.67,0,52,33,0,19,19.6,129.61,249,0,4125.0,False
2026-07-12,ST003,Mumbai,SKU005,Instant Coffee 100g,26,29.36,0,49,26,0,23,18.53,106.61,255,0,4810.0,False
2026-07-12,ST004,Delhi,SKU001,Shampoo 340ml,24,25.36,0,161,24,0,137,15.65,91.73,137,0,7896.0,False
2026-07-12,ST004,Delhi,SKU002,Bath Soap 100g,46,43.96,0,185,46,0,139,24.9,156.77,139,326,2530.0,False
2026-07-12,ST004,Delhi,SKU003,Laundry Detergent 1kg,30,35.82,250,277,30,0,247,23.85,131.31,247,0,6600.0,False
2026-07-12,ST004,Delhi,SKU004,Dishwash Liquid 500ml,38,35.56,181,216,38,0,178,16.54,123.24,178,0,4037.5,False
2026-07-12,ST004,Delhi,SKU005,Instant Coffee 100g,18,23.01,0,47,18,0,29,10.33,79.37,165,0,3330.0,False
2026-07-12,ST005,Hyderabad,SKU001,Shampoo 340ml,23,24.21,143,166,23,0,143,14.61,87.23,143,0,7567.0,False
2026-07-12,ST005,Hyderabad,SKU002,Bath Soap 100g,40,41.21,0,168,40,0,128,17.24,140.88,128,302,2200.0,False
2026-07-12,ST005,Hyderabad,SKU003,Laundry Detergent 1kg,26,32.03,216,271,26,0,245,17.81,113.9,245,0,5720.0,False
2026-07-12,ST005,Hyderabad,SKU004,Dishwash Liquid 500ml,36,29.22,0,202,36,0,166,19.02,106.67,166,0,4500.0,False
2026-07-12,ST005,Hyderabad,SKU005,Instant Coffee 100g,19,22.16,0,129,19,0,110,12.77,79.25,110,0,3515.0,False
2026-07-13,ST001,Chennai,SKU001,Shampoo 340ml,25,23.92,0,147,25,0,122,16.49,88.24,122,0,8225.0,False
2026-07-13,ST001,Chennai,SKU002,Bath Soap 100g,38,44.23,0,212,38,0,174,19.28,151.95,174,0,2090.0,False
2026-07-13,ST001,Chennai,SKU003,Laundry Detergent 1kg,44,40.23,0,262,44,0,218,16.7,137.38,218,0,8228.0,False
2026-07-13,ST001,Chennai,SKU004,Dishwash Liquid 500ml,36,27.96,0,202,36,0,166,21.74,105.62,166,0,4500.0,False
2026-07-13,ST001,Chennai,SKU005,Instant Coffee 100g,18,20.63,0,120,18,0,102,15.12,77.02,102,0,3330.0,False
2026-07-13,ST002,Bengaluru,SKU001,Shampoo 340ml,28,25.78,0,142,28,0,114,20.93,98.27,114,0,9212.0,False
2026-07-13,ST002,Bengaluru,SKU002,Bath Soap 100g,37,43.4,0,155,37,0,118,21.51,151.71,474,0,2035.0,False
2026-07-13,ST002,Bengaluru,SKU003,Laundry Detergent 1kg,28,36.77,0,186,28,0,158,18.38,128.68,158,0,6160.0,False
2026-07-13,ST002,Bengaluru,SKU004,Dishwash Liquid 500ml,42,30.87,0,202,42,0,160,18.06,110.67,160,0,5250.0,False
2026-07-13,ST002,Bengaluru,SKU005,Instant Coffee 100g,17,22.88,0,104,17,0,87,14.91,83.56,87,0,3145.0,False
2026-07-13,ST003,Mumbai,SKU001,Shampoo 340ml,27,25.57,0,177,27,0,150,18.22,94.94,150,0,8883.0,False
2026-07-13,ST003,Mumbai,SKU002,Bath Soap 100g,33,45.62,0,343,33,0,310,23.81,160.68,310,0,1815.0,False
2026-07-13,ST003,Mumbai,SKU003,Laundry Detergent 1kg,30,35.54,0,356,30,0,326,22.92,129.53,326,0,6600.0,False
2026-07-13,ST003,Mumbai,SKU004,Dishwash Liquid 500ml,31,31.29,230,249,31,0,218,18.9,112.76,218,0,3875.0,False
2026-07-13,ST003,Mumbai,SKU005,Instant Coffee 100g,25,24.01,0,23,23,2,0,17.81,89.84,232,0,4255.0,True
2026-07-13,ST004,Delhi,SKU001,Shampoo 340ml,23,22.3,0,137,23,0,114,14.39,81.29,114,0,7567.0,False
2026-07-13,ST004,Delhi,SKU002,Bath Soap 100g,41,40.56,0,139,41,0,98,22.67,144.35,424,0,2255.0,False
2026-07-13,ST004,Delhi,SKU003,Laundry Detergent 1kg,22,30.54,0,247,22,0,225,23.85,115.46,225,0,4840.0,False
2026-07-13,ST004,Delhi,SKU004,Dishwash Liquid 500ml,22,25.53,0,178,22,0,156,15.92,92.52,156,0,2750.0,False
2026-07-13,ST004,Delhi,SKU005,Instant Coffee 100g,16,19.59,136,165,16,0,149,9.99,68.75,149,0,2960.0,False
2026-07-13,ST005,Hyderabad,SKU001,Shampoo 340ml,29,20.91,0,143,29,0,114,14.62,77.36,114,0,9541.0,False
2026-07-13,ST005,Hyderabad,SKU002,Bath Soap 100g,30,37.2,0,128,30,0,98,17.14,128.75,400,0,1650.0,False
2026-07-13,ST005,Hyderabad,SKU003,Laundry Detergent 1kg,34,30.27,0,245,34,0,211,17.98,108.8,211,0,7480.0,False
2026-07-13,ST005,Hyderabad,SKU004,Dishwash Liquid 500ml,27,26.34,0,166,27,0,139,19.02,98.04,139,0,3375.0,False
2026-07-13,ST005,Hyderabad,SKU005,Instant Coffee 100g,23,19.96,0,110,23,0,87,12.7,72.56,87,0,4255.0,False
2026-07-14,ST001,Chennai,SKU001,Shampoo 340ml,21,23.33,0,122,21,0,101,15.02,85.01,101,0,6909.0,False
2026-07-14,ST001,Chennai,SKU002,Bath Soap 100g,45,42.56,0,174,45,0,129,19.51,147.19,129,317,2475.0,False
2026-07-14,ST001,Chennai,SKU003,Laundry Detergent 1kg,28,34.67,0,218,28,0,190,16.71,120.72,190,0,6160.0,False
2026-07-14,ST001,Chennai,SKU004,Dishwash Liquid 500ml,24,28.64,0,166,24,0,142,21.92,107.83,142,0,3000.0,False
2026-07-14,ST001,Chennai,SKU005,Instant Coffee 100g,24,20.61,0,102,24,0,78,14.96,76.77,78,0,4440.0,False
2026-07-14,ST002,Bengaluru,SKU001,Shampoo 340ml,23,25.69,0,114,23,0,91,20.92,97.99,91,187,7567.0,False
2026-07-14,ST002,Bengaluru,SKU002,Bath Soap 100g,48,44.43,0,118,48,0,70,22.18,155.48,426,0,2640.0,False
2026-07-14,ST002,Bengaluru,SKU003,Laundry Detergent 1kg,31,35.36,0,158,31,0,127,18.94,125.01,127,0,6820.0,False
2026-07-14,ST002,Bengaluru,SKU004,Dishwash Liquid 500ml,36,29.97,0,160,36,0,124,18.85,108.75,124,0,4500.0,False
2026-07-14,ST002,Bengaluru,SKU005,Instant Coffee 100g,25,21.62,0,87,25,0,62,15.02,79.89,62,170,4625.0,False
2026-07-14,ST003,Mumbai,SKU001,Shampoo 340ml,32,25.33,0,150,32,0,118,17.83,93.82,118,0,10528.0,False
2026-07-14,ST003,Mumbai,SKU002,Bath Soap 100g,37,45.29,0,310,37,0,273,25.56,161.44,273,0,2035.0,False
2026-07-14,ST003,Mumbai,SKU003,Laundry Detergent 1kg,37,38.32,0,326,37,0,289,23.35,138.31,289,0,7733.0,False
2026-07-14,ST003,Mumbai,SKU004,Dishwash Liquid 500ml,36,31.43,0,218,36,0,182,18.34,112.64,182,0,4500.0,False
2026-07-14,ST003,Mumbai,SKU005,Instant Coffee 100g,28,30.33,232,232,28,0,204,17.32,108.29,204,0,4144.0,False
2026-07-14,ST004,Delhi,SKU001,Shampoo 340ml,30,21.63,0,114,30,0,84,13.92,78.81,84,0,9870.0,False
2026-07-14,ST004,Delhi,SKU002,Bath Soap 100g,43,39.55,0,98,43,0,55,22.48,141.13,381,0,2365.0,False
2026-07-14,ST004,Delhi,SKU003,Laundry Detergent 1kg,26,30.7,0,225,26,0,199,24.53,116.64,199,0,5720.0,False
2026-07-14,ST004,Delhi,SKU004,Dishwash Liquid 500ml,35,26.88,0,156,35,0,121,16.24,96.87,121,0,4375.0,False
2026-07-14,ST004,Delhi,SKU005,Instant Coffee 100g,22,20.06,0,149,22,0,127,10.14,70.32,127,0,4070.0,False
2026-07-14,ST005,Hyderabad,SKU001,Shampoo 340ml,33,29.36,0,114,33,0,81,15.25,103.32,81,228,8685.6,False
2026-07-14,ST005,Hyderabad,SKU002,Bath Soap 100g,39,36.87,0,98,39,0,59,17.68,128.27,361,0,2145.0,False
2026-07-14,ST005,Hyderabad,SKU003,Laundry Detergent 1kg,30,30.63,0,211,30,0,181,17.42,109.3,181,0,6600.0,False
2026-07-14,ST005,Hyderabad,SKU004,Dishwash Liquid 500ml,36,26.22,0,139,36,0,103,18.83,97.48,103,0,4500.0,False
2026-07-14,ST005,Hyderabad,SKU005,Instant Coffee 100g,15,18.48,0,87,15,0,72,12.68,68.12,72,0,2775.0,False
2026-07-15,ST001,Chennai,SKU001,Shampoo 340ml,13,23.54,0,101,13,0,88,15.28,85.89,88,0,4277.0,False
2026-07-15,ST001,Chennai,SKU002,Bath Soap 100g,41,42.13,0,129,41,0,88,19.52,145.92,405,0,2255.0,False
2026-07-15,ST001,Chennai,SKU003,Laundry Detergent 1kg,36,32.48,0,190,36,0,154,16.97,114.4,154,0,7920.0,False
2026-07-15,ST001,Chennai,SKU004,Dishwash Liquid 500ml,23,29.13,0,142,23,0,119,22.08,109.48,119,0,2875.0,False
2026-07-15,ST001,Chennai,SKU005,Instant Coffee 100g,27,20.78,0,78,27,0,51,14.96,77.28,51,172,4995.0,False
2026-07-15,ST002,Bengaluru,SKU001,Shampoo 340ml,22,26.12,0,91,22,0,69,20.47,98.85,256,0,7238.0,False
2026-07-15,ST002,Bengaluru,SKU002,Bath Soap 100g,31,44.37,356,426,31,0,395,20.37,153.46,395,0,1705.0,False
2026-07-15,ST002,Bengaluru,SKU003,Laundry Detergent 1kg,36,35.59,0,127,36,0,91,19.16,125.94,91,285,7920.0,False
2026-07-15,ST002,Bengaluru,SKU004,Dishwash Liquid 500ml,37,30.08,0,124,37,0,87,18.9,109.13,87,233,4625.0,False
2026-07-15,ST002,Bengaluru,SKU005,Instant Coffee 100g,24,22.13,0,62,24,0,38,15.15,81.55,208,0,4440.0,False
2026-07-15,ST003,Mumbai,SKU001,Shampoo 340ml,27,25.57,0,118,27,0,91,17.92,94.64,91,183,8883.0,False
2026-07-15,ST003,Mumbai,SKU002,Bath Soap 100g,52,45.58,0,273,52,0,221,25.96,162.71,221,0,2860.0,False
2026-07-15,ST003,Mumbai,SKU003,Laundry Detergent 1kg,36,39.5,0,289,36,0,253,23.31,141.82,253,0,7920.0,False
2026-07-15,ST003,Mumbai,SKU004,Dishwash Liquid 500ml,35,31.3,0,182,35,0,147,18.08,111.97,147,0,4375.0,False
2026-07-15,ST003,Mumbai,SKU005,Instant Coffee 100g,20,24.05,0,204,20,0,184,17.4,89.55,184,0,3700.0,False
2026-07-15,ST004,Delhi,SKU001,Shampoo 340ml,22,20.54,0,84,22,0,62,14.21,75.82,62,158,7238.0,False
2026-07-15,ST004,Delhi,SKU002,Bath Soap 100g,47,38.79,326,381,47,0,334,22.48,138.84,334,0,2585.0,False
2026-07-15,ST004,Delhi,SKU003,Laundry Detergent 1kg,36,31.56,0,199,36,0,163,24.9,119.58,163,0,7920.0,False
2026-07-15,ST004,Delhi,SKU004,Dishwash Liquid 500ml,34,25.61,0,121,34,0,87,16.53,93.38,87,186,4250.0,False
2026-07-15,ST004,Delhi,SKU005,Instant Coffee 100g,18,19.74,0,127,18,0,109,10.18,69.4,109,0,3330.0,False
2026-07-15,ST005,Hyderabad,SKU001,Shampoo 340ml,20,21.55,0,81,20,0,61,16.52,81.18,289,0,6580.0,False
2026-07-15,ST005,Hyderabad,SKU002,Bath Soap 100g,39,37.82,302,361,39,0,322,17.68,131.15,322,0,2037.75,False
2026-07-15,ST005,Hyderabad,SKU003,Laundry Detergent 1kg,25,29.11,0,181,25,0,156,17.09,104.41,156,0,5500.0,False
2026-07-15,ST005,Hyderabad,SKU004,Dishwash Liquid 500ml,37,25.72,0,103,37,0,66,19.22,96.37,66,211,4625.0,False
2026-07-15,ST005,Hyderabad,SKU005,Instant Coffee 100g,19,19.26,0,72,19,0,53,12.7,70.49,53,153,3515.0,False
2026-07-16,ST001,Chennai,SKU001,Shampoo 340ml,39,30.22,0,88,39,0,49,16.81,107.48,49,271,10906.35,False
2026-07-16,ST001,Chennai,SKU002,Bath Soap 100g,47,41.75,0,88,47,0,41,18.29,143.53,358,0,2585.0,False
2026-07-16,ST001,Chennai,SKU003,Laundry Detergent 1kg,36,31.84,0,154,36,0,118,16.15,111.67,118,0,7920.0,False
2026-07-16,ST001,Chennai,SKU004,Dishwash Liquid 500ml,29,27.52,0,119,29,0,90,21.88,104.42,90,208,3625.0,False
2026-07-16,ST001,Chennai,SKU005,Instant Coffee 100g,23,19.65,0,51,23,0,28,14.6,73.54,200,0,4255.0,False
2026-07-16,ST002,Bengaluru,SKU001,Shampoo 340ml,38,31.23,0,69,38,0,31,19.15,112.83,218,0,11251.8,False
2026-07-16,ST002,Bengaluru,SKU002,Bath Soap 100g,55,51.1,0,395,55,0,340,21.8,175.09,340,0,2722.5,False
2026-07-16,ST002,Bengaluru,SKU003,Laundry Detergent 1kg,38,34.18,0,91,38,0,53,19.14,121.68,338,0,8360.0,False
2026-07-16,ST002,Bengaluru,SKU004,Dishwash Liquid 500ml,34,30.68,0,87,34,0,53,19.06,111.1,286,0,4250.0,False
2026-07-16,ST002,Bengaluru,SKU005,Instant Coffee 100g,29,23.42,0,38,29,0,9,15.2,85.45,179,0,5365.0,False
2026-07-16,ST003,Mumbai,SKU001,Shampoo 340ml,28,25.35,0,91,28,0,63,17.85,93.9,246,0,9212.0,False
2026-07-16,ST003,Mumbai,SKU002,Bath Soap 100g,38,49.44,0,221,38,0,183,25.96,174.27,183,0,2090.0,False
2026-07-16,ST003,Mumbai,SKU003,Laundry Detergent 1kg,30,35.24,0,253,30,0,223,21.81,127.53,223,0,6600.0,False
2026-07-16,ST003,Mumbai,SKU004,Dishwash Liquid 500ml,38,30.8,0,147,38,0,109,16.52,108.93,109,0,4750.0,False
2026-07-16,ST003,Mumbai,SKU005,Instant Coffee 100g,31,23.69,0,184,31,0,153,15.68,86.76,153,0,5735.0,False
2026-07-16,ST004,Delhi,SKU001,Shampoo 340ml,12,22.49,0,62,12,0,50,13.14,80.6,208,0,3948.0,False
2026-07-16,ST004,Delhi,SKU002,Bath Soap 100g,46,37.29,0,334,46,0,288,22.64,134.52,288,0,2530.0,False
2026-07-16,ST004,Delhi,SKU003,Laundry Detergent 1kg,24,31.49,0,163,24,0,139,24.92,119.39,139,0,5280.0,False
2026-07-16,ST004,Delhi,SKU004,Dishwash Liquid 500ml,19,25.13,0,87,19,0,68,16.42,91.8,254,0,2375.0,False
2026-07-16,ST004,Delhi,SKU005,Instant Coffee 100g,11,19.09,0,109,11,0,98,10.19,67.46,98,0,2035.0,False
2026-07-16,ST005,Hyderabad,SKU001,Shampoo 340ml,19,19.79,0,61,19,0,42,16.42,75.81,270,0,6251.0,False
2026-07-16,ST005,Hyderabad,SKU002,Bath Soap 100g,30,35.74,0,322,30,0,292,16.86,124.08,292,0,1650.0,False
2026-07-16,ST005,Hyderabad,SKU003,Laundry Detergent 1kg,40,37.33,0,156,40,0,116,16.98,128.98,116,275,7480.0,False
2026-07-16,ST005,Hyderabad,SKU004,Dishwash Liquid 500ml,20,25.05,0,66,20,0,46,19.89,95.03,257,0,2500.0,False
2026-07-16,ST005,Hyderabad,SKU005,Instant Coffee 100g,28,18.63,0,53,28,0,25,12.63,68.51,178,0,5180.0,False
2026-07-17,ST001,Chennai,SKU001,Shampoo 340ml,26,24.57,0,49,26,0,23,18.22,91.94,294,0,8554.0,False
2026-07-17,ST001,Chennai,SKU002,Bath Soap 100g,41,39.57,317,358,41,0,317,18.23,136.95,317,0,2255.0,False
2026-07-17,ST001,Chennai,SKU003,Laundry Detergent 1kg,36,33.75,0,118,36,0,82,15.39,116.65,82,271,7920.0,False
2026-07-17,ST001,Chennai,SKU004,Dishwash Liquid 500ml,24,27.77,0,90,24,0,66,21.79,105.09,274,0,3000.0,False
2026-07-17,ST001,Chennai,SKU005,Instant Coffee 100g,19,21.33,0,28,19,0,9,14.43,78.4,181,0,3515.0,False
2026-07-17,ST002,Bengaluru,SKU001,Shampoo 340ml,28,27.8,187,218,28,0,190,19.33,102.73,190,0,9212.0,False
2026-07-17,ST002,Bengaluru,SKU002,Bath Soap 100g,54,43.04,0,340,54,0,286,22.21,151.32,286,0,2970.0,False
2026-07-17,ST002,Bengaluru,SKU003,Laundry Detergent 1kg,46,35.32,0,53,46,0,7,18.87,124.84,292,0,10120.0,False
2026-07-17,ST002,Bengaluru,SKU004,Dishwash Liquid 500ml,26,30.05,0,53,26,0,27,18.6,108.74,260,0,3250.0,False
2026-07-17,ST002,Bengaluru,SKU005,Instant Coffee 100g,30,22.36,170,179,30,0,149,15.7,82.79,149,0,5550.0,False
2026-07-17,ST003,Mumbai,SKU001,Shampoo 340ml,35,25.25,0,63,35,0,28,17.85,93.61,211,0,11515.0,False
2026-07-17,ST003,Mumbai,SKU002,Bath Soap 100g,46,45.05,0,183,46,0,137,25.89,161.03,137,340,2530.0,False
2026-07-17,ST003,Mumbai,SKU003,Laundry Detergent 1kg,27,36.42,0,223,27,0,196,22.41,131.66,196,0,5940.0,False
2026-07-17,ST003,Mumbai,SKU004,Dishwash Liquid 500ml,26,33.8,0,109,26,0,83,16.56,117.96,83,272,3250.0,False
2026-07-17,ST003,Mumbai,SKU005,Instant Coffee 100g,18,29.67,0,153,18,0,135,16.08,105.09,135,0,2830.5,False
2026-07-17,ST004,Delhi,SKU001,Shampoo 340ml,27,22.32,0,50,27,0,23,14.7,81.67,181,0,8883.0,False
2026-07-17,ST004,Delhi,SKU002,Bath Soap 100g,37,40.61,0,288,37,0,251,22.55,144.39,251,0,2035.0,False
2026-07-17,ST004,Delhi,SKU003,Laundry Detergent 1kg,23,30.68,0,139,23,0,116,23.07,115.11,116,0,5060.0,False
2026-07-17,ST004,Delhi,SKU004,Dishwash Liquid 500ml,24,25.78,0,68,24,0,44,17.18,94.53,230,0,3000.0,False
2026-07-17,ST004,Delhi,SKU005,Instant Coffee 100g,15,20.36,0,98,15,0,83,11.18,72.25,83,0,2775.0,False
2026-07-17,ST005,Hyderabad,SKU001,Shampoo 340ml,20,20.76,228,270,20,0,250,16.47,78.75,250,0,6580.0,False
2026-07-17,ST005,Hyderabad,SKU002,Bath Soap 100g,34,37.15,0,292,34,0,258,17.57,129.02,258,0,1870.0,False
2026-07-17,ST005,Hyderabad,SKU003,Laundry Detergent 1kg,30,29.83,0,116,30,0,86,17.69,107.17,361,0,6600.0,False
2026-07-17,ST005,Hyderabad,SKU004,Dishwash Liquid 500ml,27,25.75,0,46,27,0,19,19.89,97.13,230,0,3375.0,False
2026-07-17,ST005,Hyderabad,SKU005,Instant Coffee 100g,32,18.41,0,25,25,7,0,13.38,68.6,153,0,4625.0,True
2026-07-18,ST001,Chennai,SKU001,Shampoo 340ml,24,27.81,0,23,23,1,0,16.71,100.13,271,0,7567.0,True
2026-07-18,ST001,Chennai,SKU002,Bath Soap 100g,56,46.09,0,317,56,0,261,17.77,156.04,261,0,3080.0,False
2026-07-18,ST001,Chennai,SKU003,Laundry Detergent 1kg,46,39.13,0,82,46,0,36,15.22,132.62,307,0,10120.0,False
2026-07-18,ST001,Chennai,SKU004,Dishwash Liquid 500ml,23,32.93,0,66,23,0,43,21.79,120.59,251,0,2875.0,False
2026-07-18,ST001,Chennai,SKU005,Instant Coffee 100g,20,24.44,172,181,20,0,161,14.9,88.23,161,0,3700.0,False
2026-07-18,ST002,Bengaluru,SKU001,Shampoo 340ml,26,30.87,0,190,26,0,164,19.33,111.94,164,0,8554.0,False
2026-07-18,ST002,Bengaluru,SKU002,Bath Soap 100g,59,49.63,0,286,59,0,227,22.45,171.34,227,0,3245.0,False
2026-07-18,ST002,Bengaluru,SKU003,Laundry Detergent 1kg,36,40.21,285,292,36,0,256,19.48,140.1,256,0,7920.0,False
2026-07-18,ST002,Bengaluru,SKU004,Dishwash Liquid 500ml,29,35.78,233,260,29,0,231,18.95,126.28,231,0,3625.0,False
2026-07-18,ST002,Bengaluru,SKU005,Instant Coffee 100g,24,24.97,0,149,24,0,125,15.43,90.33,125,0,4440.0,False
2026-07-18,ST003,Mumbai,SKU001,Shampoo 340ml,21,27.96,183,211,21,0,190,18.04,101.92,190,0,6909.0,False
2026-07-18,ST003,Mumbai,SKU002,Bath Soap 100g,50,51.49,0,137,50,0,87,25.76,180.22,427,0,2750.0,False
2026-07-18,ST003,Mumbai,SKU003,Laundry Detergent 1kg,44,44.39,0,196,44,0,152,23.35,156.51,152,316,9680.0,False
2026-07-18,ST003,Mumbai,SKU004,Dishwash Liquid 500ml,37,36.23,0,83,37,0,46,16.56,125.25,318,0,4625.0,False
2026-07-18,ST003,Mumbai,SKU005,Instant Coffee 100g,34,27.58,0,135,34,0,101,16.03,98.78,101,0,6290.0,False
2026-07-18,ST004,Delhi,SKU001,Shampoo 340ml,21,25.52,158,181,21,0,160,13.93,90.5,160,0,6909.0,False
2026-07-18,ST004,Delhi,SKU002,Bath Soap 100g,42,44.09,0,251,42,0,209,22.66,154.94,209,0,2310.0,False
2026-07-18,ST004,Delhi,SKU003,Laundry Detergent 1kg,41,36.87,0,116,41,0,75,23.32,133.94,75,318,9020.0,False
2026-07-18,ST004,Delhi,SKU004,Dishwash Liquid 500ml,36,29.82,186,230,36,0,194,16.73,106.18,194,0,4500.0,False
2026-07-18,ST004,Delhi,SKU005,Instant Coffee 100g,29,28.83,0,83,29,0,54,11.44,97.93,54,246,4828.5,False
2026-07-18,ST005,Hyderabad,SKU001,Shampoo 340ml,29,25.18,0,250,29,0,221,16.08,91.63,221,0,9541.0,False
2026-07-18,ST005,Hyderabad,SKU002,Bath Soap 100g,44,40.6,0,258,44,0,214,17.66,139.47,214,0,2420.0,False
2026-07-18,ST005,Hyderabad,SKU003,Laundry Detergent 1kg,39,34.16,0,86,39,0,47,16.97,119.46,322,0,8580.0,False
2026-07-18,ST005,Hyderabad,SKU004,Dishwash Liquid 500ml,31,29.99,211,230,31,0,199,19.41,109.38,199,0,3875.0,False
2026-07-18,ST005,Hyderabad,SKU005,Instant Coffee 100g,26,26.88,153,153,26,0,127,14.94,95.58,127,0,4329.0,False
2026-07-19,ST001,Chennai,SKU001,Shampoo 340ml,20,27.24,271,271,20,0,251,16.33,98.06,251,0,6580.0,False
2026-07-19,ST001,Chennai,SKU002,Bath Soap 100g,44,49.99,0,261,44,0,217,18.86,168.82,217,0,2420.0,False
2026-07-19,ST001,Chennai,SKU003,Laundry Detergent 1kg,42,43.54,0,36,36,6,0,16.19,146.82,271,0,7524.0,True
2026-07-19,ST001,Chennai,SKU004,Dishwash Liquid 500ml,32,34.77,208,251,32,0,219,21.24,125.55,219,0,4000.0,False
2026-07-19,ST001,Chennai,SKU005,Instant Coffee 100g,34,24.99,0,161,34,0,127,15.22,90.19,127,0,6290.0,False
2026-07-19,ST002,Bengaluru,SKU001,Shampoo 340ml,25,29.61,0,164,25,0,139,19.17,107.99,139,0,8225.0,False
2026-07-19,ST002,Bengaluru,SKU002,Bath Soap 100g,57,48.27,0,227,57,0,170,22.71,167.51,170,0,3135.0,False
2026-07-19,ST002,Bengaluru,SKU003,Laundry Detergent 1kg,38,40.62,0,256,38,0,218,19.44,141.28,218,0,8360.0,False
2026-07-19,ST002,Bengaluru,SKU004,Dishwash Liquid 500ml,40,34.34,0,231,40,0,191,17.7,120.72,191,0,5000.0,False
2026-07-19,ST002,Bengaluru,SKU005,Instant Coffee 100g,34,24.26,0,125,34,0,91,14.98,87.76,91,0,6290.0,False
2026-07-19,ST003,Mumbai,SKU001,Shampoo 340ml,35,29.17,0,190,35,0,155,17.78,105.3,155,0,11515.0,False
2026-07-19,ST003,Mumbai,SKU002,Bath Soap 100g,65,52.09,0,87,65,0,22,23.35,179.62,362,0,3575.0,False
2026-07-19,ST003,Mumbai,SKU003,Laundry Detergent 1kg,43,42.34,0,152,43,0,109,23.46,150.48,425,0,9460.0,False
2026-07-19,ST003,Mumbai,SKU004,Dishwash Liquid 500ml,38,35.48,0,46,38,0,8,16.51,122.95,280,0,4750.0,False
2026-07-19,ST003,Mumbai,SKU005,Instant Coffee 100g,29,27.52,0,101,29,0,72,16.52,99.08,72,220,5365.0,False
2026-07-19,ST004,Delhi,SKU001,Shampoo 340ml,17,26.09,0,160,17,0,143,14.02,92.3,143,0,5593.0,False
2026-07-19,ST004,Delhi,SKU002,Bath Soap 100g,49,43.39,0,209,49,0,160,22.64,152.8,160,0,2695.0,False
2026-07-19,ST004,Delhi,SKU003,Laundry Detergent 1kg,37,40.97,0,75,37,0,38,23.6,146.52,356,0,7733.0,False
2026-07-19,ST004,Delhi,SKU004,Dishwash Liquid 500ml,28,30.91,0,194,28,0,166,17.19,109.93,166,0,3500.0,False
2026-07-19,ST004,Delhi,SKU005,Instant Coffee 100g,25,23.16,0,54,25,0,29,12.41,81.89,275,0,4625.0,False
2026-07-19,ST005,Hyderabad,SKU001,Shampoo 340ml,24,24.48,0,221,24,0,197,14.87,88.32,197,0,7896.0,False
2026-07-19,ST005,Hyderabad,SKU002,Bath Soap 100g,42,42.36,0,214,42,0,172,17.73,144.81,172,0,2310.0,False
2026-07-19,ST005,Hyderabad,SKU003,Laundry Detergent 1kg,34,37.93,275,322,34,0,288,17.37,131.15,288,0,7106.0,False
2026-07-19,ST005,Hyderabad,SKU004,Dishwash Liquid 500ml,27,28.67,0,199,27,0,172,16.01,102.03,172,0,3375.0,False
2026-07-19,ST005,Hyderabad,SKU005,Instant Coffee 100g,18,22.57,0,127,18,0,109,15.25,82.95,109,0,3330.0,False
2026-07-20,ST001,Chennai,SKU001,Shampoo 340ml,28,23.56,0,251,28,0,223,16.55,87.21,223,0,9212.0,False
2026-07-20,ST001,Chennai,SKU002,Bath Soap 100g,52,51.17,0,217,52,0,165,17.69,171.19,165,365,2431.0,False
2026-07-20,ST001,Chennai,SKU003,Laundry Detergent 1kg,34,34.0,271,271,34,0,237,16.49,118.48,237,0,7480.0,False
2026-07-20,ST001,Chennai,SKU004,Dishwash Liquid 500ml,16,29.09,0,219,16,0,203,20.96,108.24,203,0,2000.0,False
2026-07-20,ST001,Chennai,SKU005,Instant Coffee 100g,24,21.55,0,127,24,0,103,15.5,80.15,103,0,4440.0,False
2026-07-20,ST002,Bengaluru,SKU001,Shampoo 340ml,18,26.39,0,139,18,0,121,19.24,98.41,121,0,5922.0,False
2026-07-20,ST002,Bengaluru,SKU002,Bath Soap 100g,43,46.11,0,170,43,0,127,21.21,159.52,127,356,2365.0,False
2026-07-20,ST002,Bengaluru,SKU003,Laundry Detergent 1kg,35,35.83,0,218,35,0,183,19.38,126.87,183,0,7700.0,False
2026-07-20,ST002,Bengaluru,SKU004,Dishwash Liquid 500ml,42,34.39,0,191,42,0,149,17.56,120.73,149,0,4725.0,False
2026-07-20,ST002,Bengaluru,SKU005,Instant Coffee 100g,31,22.51,0,91,31,0,60,15.6,83.14,60,181,5735.0,False
2026-07-20,ST003,Mumbai,SKU001,Shampoo 340ml,23,25.07,0,155,23,0,132,17.99,93.21,132,0,7567.0,False
2026-07-20,ST003,Mumbai,SKU002,Bath Soap 100g,36,46.88,340,362,36,0,326,25.08,165.74,326,0,1980.0,False
2026-07-20,ST003,Mumbai,SKU003,Laundry Detergent 1kg,37,37.22,0,109,37,0,72,23.54,135.2,388,0,8140.0,False
2026-07-20,ST003,Mumbai,SKU004,Dishwash Liquid 500ml,33,31.04,272,280,33,0,247,15.8,108.92,247,0,4125.0,False
2026-07-20,ST003,Mumbai,SKU005,Instant Coffee 100g,24,23.2,0,72,24,0,48,16.69,86.31,268,0,4440.0,False
2026-07-20,ST004,Delhi,SKU001,Shampoo 340ml,16,22.75,0,143,16,0,127,14.5,82.77,127,0,5264.0,False
2026-07-20,ST004,Delhi,SKU002,Bath Soap 100g,44,36.45,0,160,44,0,116,23.03,132.37,116,272,2299.0,False
2026-07-20,ST004,Delhi,SKU003,Laundry Detergent 1kg,33,30.72,0,38,33,0,5,23.68,115.83,323,0,7260.0,False
2026-07-20,ST004,Delhi,SKU004,Dishwash Liquid 500ml,31,31.89,0,166,31,0,135,16.71,112.39,135,0,3487.5,False
2026-07-20,ST004,Delhi,SKU005,Instant Coffee 100g,20,29.87,0,29,20,0,9,12.62,102.22,255,0,2960.0,False
2026-07-20,ST005,Hyderabad,SKU001,Shampoo 340ml,22,22.27,0,197,22,0,175,14.17,80.99,175,0,7238.0,False
2026-07-20,ST005,Hyderabad,SKU002,Bath Soap 100g,42,36.2,0,172,42,0,130,16.09,124.69,130,0,2310.0,False
2026-07-20,ST005,Hyderabad,SKU003,Laundry Detergent 1kg,26,31.07,0,288,26,0,262,17.31,110.5,262,0,5720.0,False
2026-07-20,ST005,Hyderabad,SKU004,Dishwash Liquid 500ml,33,28.06,0,172,33,0,139,16.01,100.19,139,0,3712.5,False
2026-07-20,ST005,Hyderabad,SKU005,Instant Coffee 100g,25,19.04,0,109,25,0,84,15.16,72.27,84,0,4625.0,False
2026-07-21,ST001,Chennai,SKU001,Shampoo 340ml,16,24.01,0,223,16,0,207,15.47,87.5,207,0,5264.0,False
2026-07-21,ST001,Chennai,SKU002,Bath Soap 100g,53,40.85,0,165,53,0,112,17.69,140.25,477,0,2915.0,False
2026-07-21,ST001,Chennai,SKU003,Laundry Detergent 1kg,37,39.42,0,237,37,0,200,16.03,134.29,200,0,6919.0,False
2026-07-21,ST001,Chennai,SKU004,Dishwash Liquid 500ml,29,29.19,0,203,29,0,174,22.21,109.77,174,0,3625.0,False
2026-07-21,ST001,Chennai,SKU005,Instant Coffee 100g,19,21.01,0,103,19,0,84,15.53,78.55,84,0,3515.0,False
2026-07-21,ST002,Bengaluru,SKU001,Shampoo 340ml,21,26.11,0,121,21,0,100,20.05,98.39,100,0,6909.0,False
2026-07-21,ST002,Bengaluru,SKU002,Bath Soap 100g,52,45.15,0,127,52,0,75,21.21,156.66,431,0,2860.0,False
2026-07-21,ST002,Bengaluru,SKU003,Laundry Detergent 1kg,43,34.8,0,183,43,0,140,18.4,122.8,140,0,9460.0,False
2026-07-21,ST002,Bengaluru,SKU004,Dishwash Liquid 500ml,26,30.93,0,149,26,0,123,18.37,111.15,123,0,3250.0,False
2026-07-21,ST002,Bengaluru,SKU005,Instant Coffee 100g,18,20.44,0,60,18,0,42,16.23,77.54,223,0,3330.0,False
2026-07-21,ST003,Mumbai,SKU001,Shampoo 340ml,29,26.46,0,132,29,0,103,17.5,96.87,103,0,9541.0,False
2026-07-21,ST003,Mumbai,SKU002,Bath Soap 100g,56,53.36,0,326,56,0,270,25.55,185.64,270,0,2618.0,False
2026-07-21,ST003,Mumbai,SKU003,Laundry Detergent 1kg,36,36.12,316,388,36,0,352,23.54,131.9,352,0,7920.0,False
2026-07-21,ST003,Mumbai,SKU004,Dishwash Liquid 500ml,25,31.29,0,247,25,0,222,15.39,109.26,222,0,3125.0,False
2026-07-21,ST003,Mumbai,SKU005,Instant Coffee 100g,32,23.18,0,48,32,0,16,16.39,85.94,236,0,5920.0,False
2026-07-21,ST004,Delhi,SKU001,Shampoo 340ml,18,23.34,0,127,18,0,109,14.79,84.82,109,0,5922.0,False
2026-07-21,ST004,Delhi,SKU002,Bath Soap 100g,39,36.1,0,116,39,0,77,22.79,131.08,349,0,2145.0,False
2026-07-21,ST004,Delhi,SKU003,Laundry Detergent 1kg,31,30.66,318,323,31,0,292,23.64,115.61,292,0,6820.0,False
2026-07-21,ST004,Delhi,SKU004,Dishwash Liquid 500ml,26,25.59,0,135,26,0,109,16.65,93.43,109,0,3250.0,False
2026-07-21,ST004,Delhi,SKU005,Instant Coffee 100g,20,19.83,246,255,20,0,235,12.62,72.11,235,0,3700.0,False
2026-07-21,ST005,Hyderabad,SKU001,Shampoo 340ml,22,21.18,0,175,22,0,153,13.97,77.51,153,0,7238.0,False
2026-07-21,ST005,Hyderabad,SKU002,Bath Soap 100g,30,34.74,0,130,30,0,100,15.56,119.79,100,263,1650.0,False
2026-07-21,ST005,Hyderabad,SKU003,Laundry Detergent 1kg,32,29.3,0,262,32,0,230,17.57,105.47,230,0,7040.0,False
2026-07-21,ST005,Hyderabad,SKU004,Dishwash Liquid 500ml,26,25.41,0,139,26,0,113,16.28,92.5,113,0,3250.0,False
2026-07-21,ST005,Hyderabad,SKU005,Instant Coffee 100g,30,27.04,0,84,30,0,54,13.75,94.86,54,231,4440.0,False
2026-07-22,ST001,Chennai,SKU001,Shampoo 340ml,26,23.3,0,207,26,0,181,15.88,85.76,181,0,8554.0,False
2026-07-22,ST001,Chennai,SKU002,Bath Soap 100g,51,41.45,0,112,51,0,61,17.78,142.14,426,0,2805.0,False
2026-07-22,ST001,Chennai,SKU003,Laundry Detergent 1kg,29,33.58,0,200,29,0,171,15.62,116.34,171,0,6380.0,False
2026-07-22,ST001,Chennai,SKU004,Dishwash Liquid 500ml,25,29.92,0,174,25,0,149,21.9,111.67,149,0,3125.0,False
2026-07-22,ST001,Chennai,SKU005,Instant Coffee 100g,33,20.77,0,84,33,0,51,15.65,77.95,51,173,6105.0,False
2026-07-22,ST002,Bengaluru,SKU001,Shampoo 340ml,23,26.82,0,100,23,0,77,20.05,100.5,77,212,7567.0,False
2026-07-22,ST002,Bengaluru,SKU002,Bath Soap 100g,46,45.99,0,75,46,0,29,20.93,158.91,385,0,2530.0,False
2026-07-22,ST002,Bengaluru,SKU003,Laundry Detergent 1kg,42,34.29,0,140,42,0,98,18.0,120.87,98,263,9240.0,False
2026-07-22,ST002,Bengaluru,SKU004,Dishwash Liquid 500ml,29,30.18,0,123,29,0,94,17.81,108.34,94,226,3625.0,False
2026-07-22,ST002,Bengaluru,SKU005,Instant Coffee 100g,29,21.4,0,42,29,0,13,16.14,80.32,194,0,5365.0,False
2026-07-22,ST003,Mumbai,SKU001,Shampoo 340ml,21,25.09,0,103,21,0,82,16.45,91.71,82,186,6909.0,False
2026-07-22,ST003,Mumbai,SKU002,Bath Soap 100g,41,45.87,0,270,41,0,229,25.85,163.46,229,0,2255.0,False
2026-07-22,ST003,Mumbai,SKU003,Laundry Detergent 1kg,41,36.79,0,352,41,0,311,23.5,133.88,311,0,9020.0,False
2026-07-22,ST003,Mumbai,SKU004,Dishwash Liquid 500ml,36,31.65,0,222,36,0,186,15.98,110.93,186,0,4500.0,False
2026-07-22,ST003,Mumbai,SKU005,Instant Coffee 100g,22,29.15,220,236,22,0,214,16.8,104.26,214,0,3663.0,False
2026-07-22,ST004,Delhi,SKU001,Shampoo 340ml,28,23.95,0,109,28,0,81,15.09,86.94,81,174,9212.0,False
2026-07-22,ST004,Delhi,SKU002,Bath Soap 100g,41,36.31,0,77,41,0,36,22.35,131.28,308,0,2255.0,False
2026-07-22,ST004,Delhi,SKU003,Laundry Detergent 1kg,33,30.81,0,292,33,0,259,23.61,116.02,259,0,7260.0,False
2026-07-22,ST004,Delhi,SKU004,Dishwash Liquid 500ml,35,27.5,0,109,35,0,74,16.19,98.68,74,218,4375.0,False
2026-07-22,ST004,Delhi,SKU005,Instant Coffee 100g,15,19.39,0,235,15,0,220,12.61,70.76,220,0,2775.0,False
2026-07-22,ST005,Hyderabad,SKU001,Shampoo 340ml,21,20.61,0,153,21,0,132,12.67,74.51,132,0,6909.0,False
2026-07-22,ST005,Hyderabad,SKU002,Bath Soap 100g,41,35.97,0,100,41,0,59,15.18,123.09,322,0,2255.0,False
2026-07-22,ST005,Hyderabad,SKU003,Laundry Detergent 1kg,23,30.13,0,230,23,0,207,17.07,107.47,207,0,5060.0,False
2026-07-22,ST005,Hyderabad,SKU004,Dishwash Liquid 500ml,15,25.76,0,113,15,0,98,15.18,92.47,98,0,1875.0,False
2026-07-22,ST005,Hyderabad,SKU005,Instant Coffee 100g,19,20.22,0,54,19,0,35,14.57,75.22,266,0,3515.0,False
2026-07-23,ST001,Chennai,SKU001,Shampoo 340ml,21,23.39,0,181,21,0,160,15.89,86.06,160,0,6909.0,False
2026-07-23,ST001,Chennai,SKU002,Bath Soap 100g,46,42.49,365,426,46,0,380,18.03,145.5,380,0,2530.0,False
2026-07-23,ST001,Chennai,SKU003,Laundry Detergent 1kg,42,33.22,0,171,42,0,129,15.75,115.41,129,0,9240.0,False
2026-07-23,ST001,Chennai,SKU004,Dishwash Liquid 500ml,24,31.22,0,149,24,0,125,21.56,115.22,125,0,3000.0,False
2026-07-23,ST001,Chennai,SKU005,Instant Coffee 100g,17,21.3,0,51,17,0,34,16.04,79.95,207,0,3145.0,False
2026-07-23,ST002,Bengaluru,SKU001,Shampoo 340ml,27,26.53,0,77,27,0,50,20.16,99.76,262,0,8883.0,False
2026-07-23,ST002,Bengaluru,SKU002,Bath Soap 100g,38,55.33,356,385,38,0,347,19.2,185.21,347,0,1672.0,False
2026-07-23,ST002,Bengaluru,SKU003,Laundry Detergent 1kg,31,34.06,0,98,31,0,67,17.4,119.57,330,0,6820.0,False
2026-07-23,ST002,Bengaluru,SKU004,Dishwash Liquid 500ml,24,29.91,0,94,24,0,70,17.79,107.52,296,0,3000.0,False
2026-07-23,ST002,Bengaluru,SKU005,Instant Coffee 100g,24,20.9,181,194,24,0,170,15.94,78.63,170,0,4440.0,False
2026-07-23,ST003,Mumbai,SKU001,Shampoo 340ml,33,25.94,0,82,33,0,49,16.57,94.38,235,0,10857.0,False
2026-07-23,ST003,Mumbai,SKU002,Bath Soap 100g,44,45.2,0,229,44,0,185,26.03,161.63,185,0,2420.0,False
2026-07-23,ST003,Mumbai,SKU003,Laundry Detergent 1kg,35,37.08,0,311,35,0,276,23.41,134.66,276,0,7700.0,False
2026-07-23,ST003,Mumbai,SKU004,Dishwash Liquid 500ml,29,31.05,0,186,29,0,157,15.72,108.86,157,0,3625.0,False
2026-07-23,ST003,Mumbai,SKU005,Instant Coffee 100g,18,23.55,0,214,18,0,196,16.8,87.44,196,0,3330.0,False
2026-07-23,ST004,Delhi,SKU001,Shampoo 340ml,21,22.44,0,81,21,0,60,15.06,82.38,234,0,6909.0,False
2026-07-23,ST004,Delhi,SKU002,Bath Soap 100g,36,36.11,272,308,36,0,272,22.14,130.46,272,0,1980.0,False
2026-07-23,ST004,Delhi,SKU003,Laundry Detergent 1kg,24,29.92,0,259,24,0,235,23.6,113.35,235,0,5280.0,False
2026-07-23,ST004,Delhi,SKU004,Dishwash Liquid 500ml,26,25.83,0,74,26,0,48,16.23,93.73,266,0,3250.0,False
2026-07-23,ST004,Delhi,SKU005,Instant Coffee 100g,16,18.66,0,220,16,0,204,12.81,68.79,204,0,2960.0,False
2026-07-23,ST005,Hyderabad,SKU001,Shampoo 340ml,32,28.51,0,132,32,0,100,12.64,98.17,100,0,8422.4,False
2026-07-23,ST005,Hyderabad,SKU002,Bath Soap 100g,35,37.54,0,59,35,0,24,15.15,127.78,287,0,1925.0,False
2026-07-23,ST005,Hyderabad,SKU003,Laundry Detergent 1kg,35,30.95,0,207,35,0,172,17.32,110.18,172,0,7700.0,False
2026-07-23,ST005,Hyderabad,SKU004,Dishwash Liquid 500ml,19,25.41,0,98,19,0,79,16.32,92.56,79,192,2375.0,False
2026-07-23,ST005,Hyderabad,SKU005,Instant Coffee 100g,20,18.46,0,35,20,0,15,14.62,70.0,246,0,3700.0,False
2026-07-24,ST001,Chennai,SKU001,Shampoo 340ml,23,22.74,0,160,23,0,137,15.92,84.13,137,0,7567.0,False
2026-07-24,ST001,Chennai,SKU002,Bath Soap 100g,42,39.73,0,380,42,0,338,17.88,137.06,338,0,2310.0,False
2026-07-24,ST001,Chennai,SKU003,Laundry Detergent 1kg,29,33.86,0,129,29,0,100,15.63,117.2,100,255,6380.0,False
2026-07-24,ST001,Chennai,SKU004,Dishwash Liquid 500ml,28,31.69,0,125,28,0,97,21.74,116.81,97,242,3325.0,False
2026-07-24,ST001,Chennai,SKU005,Instant Coffee 100g,13,21.67,0,34,13,0,21,16.38,81.38,194,0,2405.0,False
2026-07-24,ST002,Bengaluru,SKU001,Shampoo 340ml,27,25.03,0,50,27,0,23,19.69,94.78,235,0,8883.0,False
2026-07-24,ST002,Bengaluru,SKU002,Bath Soap 100g,38,42.14,0,347,38,0,309,19.33,145.75,309,0,2090.0,False
2026-07-24,ST002,Bengaluru,SKU003,Laundry Detergent 1kg,39,32.79,0,67,39,0,28,17.31,115.68,291,0,8580.0,False
2026-07-24,ST002,Bengaluru,SKU004,Dishwash Liquid 500ml,28,30.36,0,70,28,0,42,17.65,108.71,268,0,3500.0,False
2026-07-24,ST002,Bengaluru,SKU005,Instant Coffee 100g,31,22.53,0,170,31,0,139,15.95,83.53,139,0,5735.0,False
2026-07-24,ST003,Mumbai,SKU001,Shampoo 340ml,25,25.78,0,49,25,0,24,16.62,93.96,210,0,8225.0,False
2026-07-24,ST003,Mumbai,SKU002,Bath Soap 100g,47,45.68,0,185,47,0,138,25.56,162.6,138,345,2585.0,False
2026-07-24,ST003,Mumbai,SKU003,Laundry Detergent 1kg,32,35.67,0,276,32,0,244,23.52,130.53,244,0,7040.0,False
2026-07-24,ST003,Mumbai,SKU004,Dishwash Liquid 500ml,34,34.34,0,157,34,0,123,15.89,118.92,123,0,4037.5,False
2026-07-24,ST003,Mumbai,SKU005,Instant Coffee 100g,19,23.18,0,196,19,0,177,17.09,86.65,177,0,3515.0,False
2026-07-24,ST004,Delhi,SKU001,Shampoo 340ml,20,22.1,0,60,20,0,40,15.06,81.37,214,0,6580.0,False
2026-07-24,ST004,Delhi,SKU002,Bath Soap 100g,40,38.44,0,272,40,0,232,22.33,137.66,232,0,2200.0,False
2026-07-24,ST004,Delhi,SKU003,Laundry Detergent 1kg,34,30.47,0,235,34,0,201,24.03,115.43,201,0,7480.0,False
2026-07-24,ST004,Delhi,SKU004,Dishwash Liquid 500ml,34,26.99,0,48,34,0,14,16.31,97.29,232,0,4250.0,False
2026-07-24,ST004,Delhi,SKU005,Instant Coffee 100g,18,21.25,0,204,18,0,186,12.93,76.68,186,0,3330.0,False
2026-07-24,ST005,Hyderabad,SKU001,Shampoo 340ml,15,20.02,0,100,15,0,85,12.74,72.79,85,0,4935.0,False
2026-07-24,ST005,Hyderabad,SKU002,Bath Soap 100g,32,35.95,263,287,32,0,255,14.35,122.2,255,0,1760.0,False
2026-07-24,ST005,Hyderabad,SKU003,Laundry Detergent 1kg,33,30.26,0,172,33,0,139,15.29,106.06,139,0,7260.0,False
2026-07-24,ST005,Hyderabad,SKU004,Dishwash Liquid 500ml,31,26.59,0,79,31,0,48,17.0,96.77,240,0,3681.25,False
2026-07-24,ST005,Hyderabad,SKU005,Instant Coffee 100g,20,18.0,231,246,20,0,226,14.59,68.58,226,0,3700.0,False
2026-07-25,ST001,Chennai,SKU001,Shampoo 340ml,24,28.7,0,137,24,0,113,15.83,101.92,113,0,7501.2,False
2026-07-25,ST001,Chennai,SKU002,Bath Soap 100g,54,45.44,0,338,54,0,284,17.57,153.88,284,0,2970.0,False
2026-07-25,ST001,Chennai,SKU003,Laundry Detergent 1kg,43,39.78,0,100,43,0,57,16.12,135.46,312,0,9460.0,False
2026-07-25,ST001,Chennai,SKU004,Dishwash Liquid 500ml,38,32.92,0,97,38,0,59,21.57,120.35,301,0,4750.0,False
2026-07-25,ST001,Chennai,SKU005,Instant Coffee 100g,26,26.52,173,194,26,0,168,17.48,97.03,168,0,4810.0,False
2026-07-25,ST002,Bengaluru,SKU001,Shampoo 340ml,25,30.35,212,235,25,0,210,19.68,110.72,210,0,8225.0,False
2026-07-25,ST002,Bengaluru,SKU002,Bath Soap 100g,46,51.42,0,309,46,0,263,19.45,173.71,263,0,2530.0,False
2026-07-25,ST002,Bengaluru,SKU003,Laundry Detergent 1kg,35,38.77,263,291,35,0,256,16.86,133.16,256,0,7700.0,False
2026-07-25,ST002,Bengaluru,SKU004,Dishwash Liquid 500ml,37,36.33,226,268,37,0,231,17.21,126.21,231,0,4625.0,False
2026-07-25,ST002,Bengaluru,SKU005,Instant Coffee 100g,31,27.44,0,139,31,0,108,16.47,98.79,108,0,5735.0,False
2026-07-25,ST003,Mumbai,SKU001,Shampoo 340ml,25,29.07,186,210,25,0,185,16.65,103.85,185,0,8225.0,False
2026-07-25,ST003,Mumbai,SKU002,Bath Soap 100g,58,52.83,0,138,58,0,80,25.53,184.02,425,0,3190.0,False
2026-07-25,ST003,Mumbai,SKU003,Laundry Detergent 1kg,32,43.61,0,244,32,0,212,23.68,154.52,212,0,7040.0,False
2026-07-25,ST003,Mumbai,SKU004,Dishwash Liquid 500ml,45,36.49,0,123,45,0,78,15.76,125.23,78,303,5625.0,False
2026-07-25,ST003,Mumbai,SKU005,Instant Coffee 100g,31,27.64,0,177,31,0,146,17.33,100.25,146,0,5735.0,False
2026-07-25,ST004,Delhi,SKU001,Shampoo 340ml,35,26.12,174,214,35,0,179,15.2,93.56,179,0,11515.0,False
2026-07-25,ST004,Delhi,SKU002,Bath Soap 100g,41,43.29,0,232,41,0,191,20.89,150.75,191,0,2255.0,False
2026-07-25,ST004,Delhi,SKU003,Laundry Detergent 1kg,33,34.46,0,201,33,0,168,24.03,127.41,168,0,7260.0,False
2026-07-25,ST004,Delhi,SKU004,Dishwash Liquid 500ml,22,32.2,218,232,22,0,210,16.46,113.07,210,0,2750.0,False
2026-07-25,ST004,Delhi,SKU005,Instant Coffee 100g,23,23.57,0,186,23,0,163,12.71,83.43,163,0,4255.0,False
2026-07-25,ST005,Hyderabad,SKU001,Shampoo 340ml,24,24.35,0,85,24,0,61,13.05,86.11,61,196,7896.0,False
2026-07-25,ST005,Hyderabad,SKU002,Bath Soap 100g,37,44.58,0,255,37,0,218,14.77,148.51,218,0,1933.25,False
2026-07-25,ST005,Hyderabad,SKU003,Laundry Detergent 1kg,39,33.53,0,139,39,0,100,14.92,115.51,100,251,8580.0,False
2026-07-25,ST005,Hyderabad,SKU004,Dishwash Liquid 500ml,31,29.72,0,48,31,0,17,16.56,105.72,209,0,3875.0,False
2026-07-25,ST005,Hyderabad,SKU005,Instant Coffee 100g,22,22.18,0,226,22,0,204,14.05,80.6,204,0,4070.0,False
2026-07-26,ST001,Chennai,SKU001,Shampoo 340ml,30,26.7,0,113,30,0,83,14.39,94.5,83,199,9870.0,False
2026-07-26,ST001,Chennai,SKU002,Bath Soap 100g,44,47.03,0,284,44,0,240,18.2,159.29,240,0,2420.0,False
2026-07-26,ST001,Chennai,SKU003,Laundry Detergent 1kg,36,39.41,0,57,36,0,21,16.49,134.71,276,0,7920.0,False
2026-07-26,ST001,Chennai,SKU004,Dishwash Liquid 500ml,35,33.35,0,59,35,0,24,21.8,121.86,266,0,4375.0,False
2026-07-26,ST001,Chennai,SKU005,Instant Coffee 100g,28,26.13,0,168,28,0,140,17.48,95.86,140,0,5180.0,False
2026-07-26,ST002,Bengaluru,SKU001,Shampoo 340ml,22,29.85,0,210,22,0,188,19.7,109.26,188,0,7238.0,False
2026-07-26,ST002,Bengaluru,SKU002,Bath Soap 100g,61,50.94,0,263,61,0,202,19.45,172.28,202,0,3355.0,False
2026-07-26,ST002,Bengaluru,SKU003,Laundry Detergent 1kg,36,41.07,0,256,36,0,220,16.92,140.14,220,0,7920.0,False
2026-07-26,ST002,Bengaluru,SKU004,Dishwash Liquid 500ml,37,34.12,0,231,37,0,194,17.01,119.36,194,0,4625.0,False
2026-07-26,ST002,Bengaluru,SKU005,Instant Coffee 100g,29,26.91,0,108,29,0,79,16.97,97.69,79,208,5365.0,False
2026-07-26,ST003,Mumbai,SKU001,Shampoo 340ml,32,29.23,0,185,32,0,153,16.14,103.81,153,0,10528.0,False
2026-07-26,ST003,Mumbai,SKU002,Bath Soap 100g,56,50.61,0,80,56,0,24,26.19,178.02,369,0,3080.0,False
2026-07-26,ST003,Mumbai,SKU003,Laundry Detergent 1kg,48,42.93,0,212,48,0,164,23.71,152.49,164,0,10560.0,False
2026-07-26,ST003,Mumbai,SKU004,Dishwash Liquid 500ml,43,36.74,0,78,43,0,35,16.41,126.63,338,0,5375.0,False
2026-07-26,ST003,Mumbai,SKU005,Instant Coffee 100g,33,28.31,0,146,33,0,113,17.63,102.57,113,0,6105.0,False
2026-07-26,ST004,Delhi,SKU001,Shampoo 340ml,13,26.28,0,179,13,0,166,15.2,94.05,166,0,4277.0,False
2026-07-26,ST004,Delhi,SKU002,Bath Soap 100g,43,41.94,0,191,43,0,148,20.89,146.72,148,0,2365.0,False
2026-07-26,ST004,Delhi,SKU003,Laundry Detergent 1kg,37,35.03,0,168,37,0,131,21.46,126.54,131,0,8140.0,False
2026-07-26,ST004,Delhi,SKU004,Dishwash Liquid 500ml,37,30.49,0,210,37,0,173,16.89,108.35,173,0,4625.0,False
2026-07-26,ST004,Delhi,SKU005,Instant Coffee 100g,27,24.23,0,163,27,0,136,11.49,84.19,136,0,4995.0,False
2026-07-26,ST005,Hyderabad,SKU001,Shampoo 340ml,21,24.23,0,61,21,0,40,13.0,85.68,236,0,6909.0,False
2026-07-26,ST005,Hyderabad,SKU002,Bath Soap 100g,52,41.21,0,218,52,0,166,14.78,138.43,166,0,2860.0,False
2026-07-26,ST005,Hyderabad,SKU003,Laundry Detergent 1kg,36,33.77,0,100,36,0,64,14.74,116.05,315,0,7920.0,False
2026-07-26,ST005,Hyderabad,SKU004,Dishwash Liquid 500ml,26,29.37,192,209,26,0,183,16.41,104.53,183,0,3250.0,False
2026-07-26,ST005,Hyderabad,SKU005,Instant Coffee 100g,20,22.22,0,204,20,0,184,13.92,80.58,184,0,3700.0,False
2026-07-27,ST001,Chennai,SKU001,Shampoo 340ml,31,21.95,0,83,31,0,52,14.78,80.64,251,0,10199.0,False
2026-07-27,ST001,Chennai,SKU002,Bath Soap 100g,42,41.36,0,240,42,0,198,17.8,141.89,198,0,2310.0,False
2026-07-27,ST001,Chennai,SKU003,Laundry Detergent 1kg,39,33.83,255,276,39,0,237,16.5,117.97,237,0,8580.0,False
2026-07-27,ST001,Chennai,SKU004,Dishwash Liquid 500ml,27,27.21,242,266,27,0,239,21.97,103.6,239,0,3375.0,False
2026-07-27,ST001,Chennai,SKU005,Instant Coffee 100g,28,23.17,0,140,28,0,112,16.68,86.18,112,0,5180.0,False
2026-07-27,ST002,Bengaluru,SKU001,Shampoo 340ml,28,26.63,0,188,28,0,160,18.64,98.55,160,0,9212.0,False
2026-07-27,ST002,Bengaluru,SKU002,Bath Soap 100g,44,45.22,0,202,44,0,158,20.95,156.6,158,0,2420.0,False
2026-07-27,ST002,Bengaluru,SKU003,Laundry Detergent 1kg,42,33.93,0,220,42,0,178,16.93,118.73,178,0,9240.0,False
2026-07-27,ST002,Bengaluru,SKU004,Dishwash Liquid 500ml,34,29.94,0,194,34,0,160,17.01,106.82,160,0,4250.0,False
2026-07-27,ST002,Bengaluru,SKU005,Instant Coffee 100g,26,21.2,0,79,26,0,53,17.17,80.77,261,0,4810.0,False
2026-07-27,ST003,Mumbai,SKU001,Shampoo 340ml,25,25.71,0,153,25,0,128,15.49,92.61,128,0,8225.0,False
2026-07-27,ST003,Mumbai,SKU002,Bath Soap 100g,54,47.22,345,369,54,0,315,26.35,168.01,315,0,2970.0,False
2026-07-27,ST003,Mumbai,SKU003,Laundry Detergent 1kg,42,36.04,0,164,42,0,122,23.12,131.24,122,262,8778.0,False
2026-07-27,ST003,Mumbai,SKU004,Dishwash Liquid 500ml,26,32.68,0,35,26,0,9,16.99,115.04,312,0,3250.0,False
2026-07-27,ST003,Mumbai,SKU005,Instant Coffee 100g,22,23.89,0,113,22,0,91,18.13,89.8,91,0,4070.0,False
2026-07-27,ST004,Delhi,SKU001,Shampoo 340ml,19,22.15,0,166,19,0,147,15.69,82.14,147,0,6251.0,False
2026-07-27,ST004,Delhi,SKU002,Bath Soap 100g,33,39.91,0,148,33,0,115,20.6,140.32,115,305,1815.0,False
2026-07-27,ST004,Delhi,SKU003,Laundry Detergent 1kg,26,31.27,0,131,26,0,105,21.63,115.45,105,230,5720.0,False
2026-07-27,ST004,Delhi,SKU004,Dishwash Liquid 500ml,25,29.07,0,173,25,0,148,17.42,104.63,148,0,2968.75,False
2026-07-27,ST004,Delhi,SKU005,Instant Coffee 100g,14,21.19,0,136,14,0,122,12.06,75.63,122,0,2590.0,False
2026-07-27,ST005,Hyderabad,SKU001,Shampoo 340ml,22,20.38,0,40,22,0,18,12.89,74.03,214,0,7238.0,False
2026-07-27,ST005,Hyderabad,SKU002,Bath Soap 100g,37,36.45,0,166,37,0,129,16.19,125.56,129,0,2035.0,False
2026-07-27,ST005,Hyderabad,SKU003,Laundry Detergent 1kg,31,30.18,0,64,31,0,33,15.02,105.55,284,0,6820.0,False
2026-07-27,ST005,Hyderabad,SKU004,Dishwash Liquid 500ml,27,25.84,0,183,27,0,156,16.39,93.91,156,0,3375.0,False
2026-07-27,ST005,Hyderabad,SKU005,Instant Coffee 100g,26,21.28,0,184,26,0,158,12.36,76.21,158,0,4569.5,False
2026-07-28,ST001,Chennai,SKU001,Shampoo 340ml,27,22.79,0,52,27,0,25,15.22,83.61,224,0,8883.0,False
2026-07-28,ST001,Chennai,SKU002,Bath Soap 100g,44,41.07,0,198,44,0,154,17.84,141.04,154,0,2420.0,False
2026-07-28,ST001,Chennai,SKU003,Laundry Detergent 1kg,41,33.38,0,237,41,0,196,15.96,116.11,196,0,9020.0,False
2026-07-28,ST001,Chennai,SKU004,Dishwash Liquid 500ml,28,28.38,0,239,28,0,211,22.0,107.16,211,0,3500.0,False
2026-07-28,ST001,Chennai,SKU005,Instant Coffee 100g,26,21.97,0,112,26,0,86,16.53,82.45,86,0,4810.0,False
2026-07-28,ST002,Bengaluru,SKU001,Shampoo 340ml,30,26.55,0,160,30,0,130,18.24,97.89,130,0,9870.0,False
2026-07-28,ST002,Bengaluru,SKU002,Bath Soap 100g,56,44.23,0,158,56,0,102,20.82,153.5,102,362,3080.0,False
2026-07-28,ST002,Bengaluru,SKU003,Laundry Detergent 1kg,34,34.74,0,178,34,0,144,17.07,121.31,144,0,7480.0,False
2026-07-28,ST002,Bengaluru,SKU004,Dishwash Liquid 500ml,30,29.78,0,160,30,0,130,16.9,106.24,130,0,3750.0,False
2026-07-28,ST002,Bengaluru,SKU005,Instant Coffee 100g,20,21.93,0,53,20,0,33,17.18,82.97,241,0,3700.0,False
2026-07-28,ST003,Mumbai,SKU001,Shampoo 340ml,27,26.77,0,128,27,0,101,15.55,95.86,101,0,8883.0,False
2026-07-28,ST003,Mumbai,SKU002,Bath Soap 100g,40,46.68,0,315,40,0,275,25.99,166.05,275,0,2200.0,False
2026-07-28,ST003,Mumbai,SKU003,Laundry Detergent 1kg,38,36.34,0,122,38,0,84,22.58,131.59,346,0,8360.0,False
2026-07-28,ST003,Mumbai,SKU004,Dishwash Liquid 500ml,34,31.8,303,312,34,0,278,17.46,112.88,278,0,4250.0,False
2026-07-28,ST003,Mumbai,SKU005,Instant Coffee 100g,25,23.55,0,91,25,0,66,18.04,88.69,66,188,4625.0,False
2026-07-28,ST004,Delhi,SKU001,Shampoo 340ml,29,22.02,0,147,29,0,118,15.76,81.81,118,0,9541.0,False
2026-07-28,ST004,Delhi,SKU002,Bath Soap 100g,25,36.85,0,115,25,0,90,21.06,131.61,395,0,1375.0,False
2026-07-28,ST004,Delhi,SKU003,Laundry Detergent 1kg,27,30.6,0,105,27,0,78,21.88,113.69,308,0,5940.0,False
2026-07-28,ST004,Delhi,SKU004,Dishwash Liquid 500ml,26,27.13,0,148,26,0,122,17.56,98.96,122,0,3250.0,False
2026-07-28,ST004,Delhi,SKU005,Instant Coffee 100g,24,20.12,0,122,24,0,98,12.19,72.53,98,0,4440.0,False
2026-07-28,ST005,Hyderabad,SKU001,Shampoo 340ml,20,19.55,196,214,20,0,194,12.89,71.55,194,0,6580.0,False
2026-07-28,ST005,Hyderabad,SKU002,Bath Soap 100g,43,36.65,0,129,43,0,86,15.99,125.96,86,297,2365.0,False
2026-07-28,ST005,Hyderabad,SKU003,Laundry Detergent 1kg,42,30.16,251,284,42,0,242,14.97,105.44,242,0,9240.0,False
2026-07-28,ST005,Hyderabad,SKU004,Dishwash Liquid 500ml,23,25.24,0,156,23,0,133,16.38,92.09,133,0,2875.0,False
2026-07-28,ST005,Hyderabad,SKU005,Instant Coffee 100g,28,18.68,0,158,28,0,130,12.52,68.57,130,0,5180.0,False
2026-07-29,ST001,Chennai,SKU001,Shampoo 340ml,23,22.64,199,224,23,0,201,14.75,82.68,201,0,7567.0,False
2026-07-29,ST001,Chennai,SKU002,Bath Soap 100g,37,40.8,0,154,37,0,117,17.72,140.12,117,309,2035.0,False
2026-07-29,ST001,Chennai,SKU003,Laundry Detergent 1kg,30,33.61,0,196,30,0,166,15.83,116.66,166,0,6600.0,False
2026-07-29,ST001,Chennai,SKU004,Dishwash Liquid 500ml,32,28.69,0,211,32,0,179,21.89,107.97,179,0,4000.0,False
2026-07-29,ST001,Chennai,SKU005,Instant Coffee 100g,32,23.95,0,86,32,0,54,16.53,88.37,54,202,5624.0,False
2026-07-29,ST002,Bengaluru,SKU001,Shampoo 340ml,23,25.73,0,130,23,0,107,17.79,94.98,107,0,7567.0,False
2026-07-29,ST002,Bengaluru,SKU002,Bath Soap 100g,40,46.39,0,102,40,0,62,21.34,160.52,424,0,2200.0,False
2026-07-29,ST002,Bengaluru,SKU003,Laundry Detergent 1kg,19,35.38,0,144,19,0,125,17.0,123.14,125,0,4180.0,False
2026-07-29,ST002,Bengaluru,SKU004,Dishwash Liquid 500ml,24,29.5,0,130,24,0,106,16.96,105.47,106,0,3000.0,False
2026-07-29,ST002,Bengaluru,SKU005,Instant Coffee 100g,27,22.3,208,241,27,0,214,16.89,83.78,214,0,4995.0,False
2026-07-29,ST003,Mumbai,SKU001,Shampoo 340ml,24,25.9,0,101,24,0,77,14.39,92.09,77,197,7896.0,False
2026-07-29,ST003,Mumbai,SKU002,Bath Soap 100g,45,44.47,0,275,45,0,230,26.16,159.56,230,0,2475.0,False
2026-07-29,ST003,Mumbai,SKU003,Laundry Detergent 1kg,38,35.37,0,84,38,0,46,22.51,128.62,308,0,8360.0,False
2026-07-29,ST003,Mumbai,SKU004,Dishwash Liquid 500ml,32,31.23,0,278,32,0,246,17.34,111.03,246,0,4000.0,False
2026-07-29,ST003,Mumbai,SKU005,Instant Coffee 100g,30,24.11,0,66,30,0,36,18.01,90.33,224,0,5550.0,False
2026-07-29,ST004,Delhi,SKU001,Shampoo 340ml,24,21.89,0,118,24,0,94,15.49,81.15,94,0,7896.0,False
2026-07-29,ST004,Delhi,SKU002,Bath Soap 100g,51,39.5,0,90,51,0,39,22.81,141.3,344,0,2805.0,False
2026-07-29,ST004,Delhi,SKU003,Laundry Detergent 1kg,36,40.94,0,78,36,0,42,21.71,144.53,272,0,6732.0,False
2026-07-29,ST004,Delhi,SKU004,Dishwash Liquid 500ml,31,26.9,0,122,31,0,91,17.6,98.3,91,196,3875.0,False
2026-07-29,ST004,Delhi,SKU005,Instant Coffee 100g,15,19.49,0,98,15,0,83,12.36,70.83,83,0,2775.0,False
2026-07-29,ST005,Hyderabad,SKU001,Shampoo 340ml,15,19.61,0,194,15,0,179,12.89,71.72,179,0,4935.0,False
2026-07-29,ST005,Hyderabad,SKU002,Bath Soap 100g,35,36.26,0,86,35,0,51,15.91,124.68,348,0,1925.0,False
2026-07-29,ST005,Hyderabad,SKU003,Laundry Detergent 1kg,23,29.39,0,242,23,0,219,15.11,103.28,219,0,5060.0,False
2026-07-29,ST005,Hyderabad,SKU004,Dishwash Liquid 500ml,27,26.64,0,133,27,0,106,16.56,96.48,106,0,3375.0,False
2026-07-29,ST005,Hyderabad,SKU005,Instant Coffee 100g,26,19.66,0,130,26,0,104,12.88,71.85,104,0,4810.0,False
2026-07-30,ST001,Chennai,SKU001,Shampoo 340ml,26,25.68,0,201,26,0,175,14.77,91.81,175,0,8126.3,False
2026-07-30,ST001,Chennai,SKU002,Bath Soap 100g,51,49.1,0,117,51,0,66,17.9,165.19,375,0,2524.5,False
2026-07-30,ST001,Chennai,SKU003,Laundry Detergent 1kg,39,33.67,0,166,39,0,127,16.25,117.26,127,0,8580.0,False
2026-07-30,ST001,Chennai,SKU004,Dishwash Liquid 500ml,25,27.24,0,179,25,0,154,21.73,103.43,154,0,3125.0,False
2026-07-30,ST001,Chennai,SKU005,Instant Coffee 100g,25,23.3,0,54,25,0,29,16.96,86.86,231,0,4625.0,False
2026-07-30,ST002,Bengaluru,SKU001,Shampoo 340ml,33,26.48,0,107,33,0,74,17.84,97.28,74,209,10857.0,False
2026-07-30,ST002,Bengaluru,SKU002,Bath Soap 100g,45,43.99,0,62,45,0,17,21.51,153.47,379,0,2475.0,False
2026-07-30,ST002,Bengaluru,SKU003,Laundry Detergent 1kg,37,35.3,0,125,37,0,88,19.75,125.65,88,285,8140.0,False
2026-07-30,ST002,Bengaluru,SKU004,Dishwash Liquid 500ml,35,29.42,0,106,35,0,71,17.59,105.86,71,241,4375.0,False
2026-07-30,ST002,Bengaluru,SKU005,Instant Coffee 100g,20,23.6,0,214,20,0,194,16.49,87.28,194,0,3700.0,False
2026-07-30,ST003,Mumbai,SKU001,Shampoo 340ml,27,26.51,0,77,27,0,50,13.24,92.78,247,0,8438.85,False
2026-07-30,ST003,Mumbai,SKU002,Bath Soap 100g,37,46.18,0,230,37,0,193,23.72,162.26,193,0,2035.0,False
2026-07-30,ST003,Mumbai,SKU003,Laundry Detergent 1kg,30,35.98,262,308,30,0,278,22.03,129.97,278,0,6600.0,False
2026-07-30,ST003,Mumbai,SKU004,Dishwash Liquid 500ml,27,31.26,0,246,27,0,219,16.92,110.7,219,0,3375.0,False
2026-07-30,ST003,Mumbai,SKU005,Instant Coffee 100g,16,23.04,0,36,16,0,20,17.28,86.4,208,0,2960.0,False
2026-07-30,ST004,Delhi,SKU001,Shampoo 340ml,19,21.16,0,94,19,0,75,15.24,78.73,75,152,6251.0,False
2026-07-30,ST004,Delhi,SKU002,Bath Soap 100g,41,41.02,305,344,41,0,303,23.15,146.21,303,0,2255.0,False
2026-07-30,ST004,Delhi,SKU003,Laundry Detergent 1kg,48,31.86,230,272,48,0,224,19.68,115.28,224,0,10032.0,False
2026-07-30,ST004,Delhi,SKU004,Dishwash Liquid 500ml,29,26.1,0,91,29,0,62,17.6,95.89,258,0,3625.0,False
2026-07-30,ST004,Delhi,SKU005,Instant Coffee 100g,20,19.17,0,83,20,0,63,12.21,69.71,63,141,3700.0,False
2026-07-30,ST005,Hyderabad,SKU001,Shampoo 340ml,23,19.35,0,179,23,0,156,13.51,71.57,156,0,7567.0,False
2026-07-30,ST005,Hyderabad,SKU002,Bath Soap 100g,45,35.67,0,51,45,0,6,16.05,123.05,303,0,2475.0,False
2026-07-30,ST005,Hyderabad,SKU003,Laundry Detergent 1kg,31,29.73,0,219,31,0,188,15.8,104.99,188,0,6820.0,False
2026-07-30,ST005,Hyderabad,SKU004,Dishwash Liquid 500ml,31,24.56,0,106,31,0,75,15.86,89.55,75,187,3875.0,False
2026-07-30,ST005,Hyderabad,SKU005,Instant Coffee 100g,21,20.37,0,104,21,0,83,12.99,74.11,83,0,3885.0,False
2026-07-31,ST001,Chennai,SKU001,Shampoo 340ml,20,24.18,0,175,20,0,155,14.79,87.33,155,0,6580.0,False
2026-07-31,ST001,Chennai,SKU002,Bath Soap 100g,41,41.65,0,66,41,0,25,17.72,142.67,334,0,2255.0,False
2026-07-31,ST001,Chennai,SKU003,Laundry Detergent 1kg,31,34.02,0,127,31,0,96,16.03,118.09,96,261,6820.0,False
2026-07-31,ST001,Chennai,SKU004,Dishwash Liquid 500ml,31,35.56,0,154,31,0,123,21.83,128.5,123,255,3487.5,False
2026-07-31,ST001,Chennai,SKU005,Instant Coffee 100g,26,29.89,0,29,26,0,3,14.79,104.47,205,0,4088.5,False
2026-07-31,ST002,Bengaluru,SKU001,Shampoo 340ml,21,25.47,0,74,21,0,53,18.07,94.47,262,0,6909.0,False
2026-07-31,ST002,Bengaluru,SKU002,Bath Soap 100g,43,42.93,362,379,43,0,336,21.2,149.99,336,0,2365.0,False
2026-07-31,ST002,Bengaluru,SKU003,Laundry Detergent 1kg,35,34.54,0,88,35,0,53,18.92,122.54,338,0,7700.0,False
2026-07-31,ST002,Bengaluru,SKU004,Dishwash Liquid 500ml,26,30.77,0,71,26,0,45,16.81,109.12,286,0,3250.0,False
2026-07-31,ST002,Bengaluru,SKU005,Instant Coffee 100g,31,24.13,0,194,31,0,163,16.56,88.94,163,0,5735.0,False
2026-07-31,ST003,Mumbai,SKU001,Shampoo 340ml,17,25.03,0,50,17,0,33,12.49,87.59,230,0,5593.0,False
2026-07-31,ST003,Mumbai,SKU002,Bath Soap 100g,46,45.41,0,193,46,0,147,23.85,160.09,147,331,2530.0,False
2026-07-31,ST003,Mumbai,SKU003,Laundry Detergent 1kg,27,36.52,0,278,27,0,251,22.51,132.07,251,0,5940.0,False
2026-07-31,ST003,Mumbai,SKU004,Dishwash Liquid 500ml,24,31.29,0,219,24,0,195,17.16,111.03,195,0,3000.0,False
2026-07-31,ST003,Mumbai,SKU005,Instant Coffee 100g,23,23.64,188,208,23,0,185,17.99,88.9,185,0,4255.0,False
2026-07-31,ST004,Delhi,SKU001,Shampoo 340ml,19,31.38,0,75,19,0,56,15.37,109.5,208,0,5000.8,False
2026-07-31,ST004,Delhi,SKU002,Bath Soap 100g,50,38.92,0,303,50,0,253,20.64,137.41,253,0,2750.0,False
2026-07-31,ST004,Delhi,SKU003,Laundry Detergent 1kg,33,31.2,0,224,33,0,191,21.31,114.92,191,0,7260.0,False
2026-07-31,ST004,Delhi,SKU004,Dishwash Liquid 500ml,36,26.69,0,62,36,0,26,17.0,97.08,222,0,4500.0,False
2026-07-31,ST004,Delhi,SKU005,Instant Coffee 100g,21,20.81,0,63,21,0,42,12.18,74.62,183,0,3885.0,False
2026-07-31,ST005,Hyderabad,SKU001,Shampoo 340ml,24,21.66,0,156,24,0,132,13.39,78.37,132,0,7896.0,False
2026-07-31,ST005,Hyderabad,SKU002,Bath Soap 100g,32,37.2,297,303,32,0,271,16.35,127.94,271,0,1760.0,False
2026-07-31,ST005,Hyderabad,SKU003,Laundry Detergent 1kg,28,30.05,0,188,28,0,160,15.75,105.89,160,0,6160.0,False
2026-07-31,ST005,Hyderabad,SKU004,Dishwash Liquid 500ml,23,25.15,0,75,23,0,52,15.72,91.17,239,0,2875.0,False
2026-07-31,ST005,Hyderabad,SKU005,Instant Coffee 100g,13,20.67,0,83,13,0,70,12.99,75.0,70,150,2405.0,False
